Job ID,Job URL,Job Title,Company Name,Status,Timestamp,WP ID
e90fe9fdf859bff4,https://hn.linkedin.com/jobs/view/cajero-universal-at-grupo-salinas-honduras-4436910293,Cajero Universal,Grupo Salinas Honduras,posted,2026-07-07T01:27:37.259691,19
a9a553fe4e357387,https://hn.linkedin.com/jobs/view/atenci%C3%B3n-al-cliente-tegucigalpa-at-el-palacio-de-los-ni%C3%B1os-4436465284,Atención al Cliente - Tegucigalpa,El Palacio de los Niños,posted,2026-07-07T01:27:46.905387,21
b492a440d391501c,https://hn.linkedin.com/jobs/view/cajero-universal-at-grupo-salinas-honduras-4436452009,Cajero universal,Grupo Salinas Honduras,posted,2026-07-07T01:27:53.017684,19
0ca99fb665291e8f,https://hn.linkedin.com/jobs/view/auxiliar-de-bodega-picker-at-pedidosya-4298382886,Auxiliar de Bodega/Picker,,scraped,2026-07-07T01:27:55.692211,
4a6878dc14a29de6,https://hn.linkedin.com/jobs/view/auxiliar-de-bodega-temporal-tegucigalpa-at-grupo-simka-4436929003,Auxiliar de Bodega Temporal - Tegucigalpa,,scraped,2026-07-07T01:29:06.163879,
09c7e84243147c77,https://hn.linkedin.com/jobs/view/atenci%C3%B3n-al-cliente-la-ceiba-at-el-palacio-de-los-ni%C3%B1os-4436468156,Atención al Cliente - La Ceiba,El Palacio de los Niños,posted,2026-07-07T01:29:31.373132,23
31263dfeac9a9551,https://hn.linkedin.com/jobs/view/gerente-de-compras-at-grupo-aurum-4436164109,GERENTE DE COMPRAS,,scraped,2026-07-07T01:29:34.022639,
1847101b73cab5b6,https://hn.linkedin.com/jobs/view/cajero-at-tempolider-bogota-sas-4436912639,Cajero,,scraped,2026-07-07T01:29:40.539597,
ab2efbc91cfd0f89,https://hn.linkedin.com/jobs/view/planeador-de-demanda-at-grupo-salinas-honduras-4436725110,Planeador de Demanda,Grupo Salinas Honduras,posted,2026-07-07T01:29:54.640341,25
3eb4cbcce800f821,https://hn.linkedin.com/jobs/view/supervisor-de-tiendas-honduras-at-conecta-reclutamiento-4435367502,SUPERVISOR DE TIENDAS (HONDURAS),Conecta Reclutamiento,posted,2026-07-07T01:30:06.997843,27
5c431e33acffeacf,https://hn.linkedin.com/jobs/view/jefatura-de-planeaci%C3%B3n-operativa-at-grupo-ilp-4432385111,Jefatura de Planeación Operativa,,scraped,2026-07-07T01:30:09.654512,
ae3a2483313ab906,https://hn.linkedin.com/jobs/view/%C3%BAnete-a-nuestra-lista-de-candidatos-at-grupo-ficohsa-hn-4425927776,ÚNETE A NUESTRA LISTA DE CANDIDATOS,Grupo Ficohsa HN,posted,2026-07-07T01:31:28.792395,29
c45b0c186cc723b3,https://hn.linkedin.com/jobs/view/t%C3%A9cnico-en-mantenimiento-san-pedro-sula-at-ghc-talent-4435367515,Técnico en mantenimiento/ San Pedro Sula,GHC Talent,posted,2026-07-07T01:32:13.712562,31
15248949c6f2a9a0,https://hn.linkedin.com/jobs/view/membership-operations-manager-event-manager-at-teamswell-4437455710,Membership Operations Manager & Event Manager,,scraped,2026-07-07T01:32:16.462532,
b8d248e115cf3fe8,https://hn.linkedin.com/jobs/view/jefe-de-mantenimiento-at-grupo-r-center-4435378340,JEFE DE MANTENIMIENTO,,scraped,2026-07-07T01:32:28.424225,
326a35b5c33f168f,https://hn.linkedin.com/jobs/view/remote-bilingual-medical-receptionist-spanish-english-at-vital-virtuals-global-hr-solutions-4436032687,Remote Bilingual Medical Receptionist (Spanish/English),Vital Virtuals Global HR Solutions,posted,2026-07-07T01:32:42.609825,33
f5351b62856a8144,https://hn.linkedin.com/jobs/view/freelance-grabaci%C3%B3n-de-tareas-cotidianas-para-proyecto-de-ia-at-toloka-annotators-4435808501,Freelance: grabación de tareas cotidianas para proyecto de IA,Toloka Annotators,posted,2026-07-07T01:32:51.696234,35
0566aac296cdde10,https://hn.linkedin.com/jobs/view/asesor-comercial-ventas-at-allas-repuestos-4436461485,ASESOR COMERCIAL- VENTAS,,scraped,2026-07-07T01:32:54.321111,
320b2644c2e4c4a8,https://hn.linkedin.com/jobs/view/comprador-de-categoria-at-gildan-4426550215,Comprador de Categoria,,scraped,2026-07-07T01:33:00.491230,
61d7d37f898af6cd,https://hn.linkedin.com/jobs/view/erp-officer-at-tuwaiq-casting-forging-company-4437148831,ERP Officer,Tuwaiq Casting & Forging Company,posted,2026-07-07T01:33:15.863208,37
3239c585ef17a69f,https://hn.linkedin.com/jobs/view/jefe-de-agencia-at-banco-popular-hn-4436125644,Jefe de Agencia,,scraped,2026-07-07T01:33:18.544970,
957789f44d440ae4,https://hn.linkedin.com/jobs/view/visual-merchandising-honduras-at-conecta-reclutamiento-4435380293,VISUAL MERCHANDISING (HONDURAS),Conecta Reclutamiento,posted,2026-07-07T01:34:37.719393,39
fd598b5231993b15,https://hn.linkedin.com/jobs/view/guardia-de-seguridad-at-ghc-talent-4435370487,Guardia de Seguridad,GHC Talent,posted,2026-07-07T01:34:48.762929,41
f3083857628f0b9d,https://hn.linkedin.com/jobs/view/contador-general-at-regisro-remote-office-4433186746,Contador General,,scraped,2026-07-07T01:34:51.378664,
efcaeca371f987f5,https://hn.linkedin.com/jobs/view/jefe-de-mercadeo-at-grupo-ilp-4436709870,Jefe de Mercadeo,,scraped,2026-07-07T01:34:58.474313,
d0bd6fde09e7bbcf,https://hn.linkedin.com/jobs/view/maestra-de-biblia-at-ghc-talent-4435383153,Maestra de Biblia,GHC Talent,posted,2026-07-07T01:35:17.088063,43
aadee01acc447099,https://hn.linkedin.com/jobs/view/asistente-administrativo-at-catholic-relief-services-4434670159,Asistente Administrativo,Catholic Relief Services,posted,2026-07-07T01:35:30.327547,45
5465bc1657d6d131,https://hn.linkedin.com/jobs/view/auxiliar-contable-san-pedro-sula-at-arista-4433140038,AUXILIAR CONTABLE - SAN PEDRO SULA,,scraped,2026-07-07T01:35:32.940601,
be8404c28da9ec36,https://hn.linkedin.com/jobs/view/maestro-a-de-b%C3%A1sica-biling%C3%BCe-at-ghc-talent-4435365684,Maestro (a) de Básica Bilingüe,GHC Talent,posted,2026-07-07T01:36:32.615130,47
f1dc5d7dc238d297,https://hn.linkedin.com/jobs/view/analista-de-cumplimiento-at-grupo-q-4437112930,Analista de Cumplimiento,,scraped,2026-07-07T01:36:35.250806,
b4afc9d2403f2b99,https://hn.linkedin.com/jobs/view/creador-a-de-contenido-pov-para-ia-remoto-at-toloka-annotators-4435823113,Creador(a) de Contenido POV para IA - Remoto,,scraped,2026-07-07T01:36:42.601920,
e26d15e9d3809280,https://hn.linkedin.com/jobs/view/spanish-to-english-medical-legal-interpreters-at-intelex-4434683831,Spanish to English Medical/Legal Interpreters,,scraped,2026-07-07T01:36:50.164367,
8835ed4dc11d3ee4,https://hn.linkedin.com/jobs/view/gerente-de-compras-tegucigalpa-at-grupo-aurum-4437485493,Gerente de Compras Tegucigalpa,,scraped,2026-07-07T01:38:00.705621,
c8a50acd19c9b94f,https://hn.linkedin.com/jobs/view/asistente-administrativo-at-proyectos-y-servicios-inmobiliarios-grupo-financiero-ficohsa-4432791395,Asistente Administrativo,Proyectos y Servicios Inmobiliarios- Grupo Financiero Ficohsa,posted,2026-07-07T01:38:13.067746,45
8f3636c157f2e288,https://hn.linkedin.com/jobs/view/medical-scheduler-at-impact-bpo-4435039610,Medical Scheduler,,scraped,2026-07-07T01:38:15.762813,
0b1de9154fc63f61,https://hn.linkedin.com/jobs/view/especialista-de-trafico-de-mercadeo-at-grupo-ilp-4436911287,Especialista de Trafico de Mercadeo,,scraped,2026-07-07T01:38:22.349267,
a167bac59faabbd4,https://hn.linkedin.com/jobs/view/ejecutivo-a-comercial-b2b-at-cementos-argos-honduras-4436117041,EJECUTIVO(A) COMERCIAL B2B,,scraped,2026-07-07T01:38:29.073772,
7bcbf6eed55a8983,https://hn.linkedin.com/jobs/view/performance-marketer-remote-at-huzzle-com-4436313388,Performance Marketer - Remote,,scraped,2026-07-07T01:38:35.813674,
7aaaa79385ea25a6,https://hn.linkedin.com/jobs/view/buscamos-socio-director-a-de-expansi%C3%B3n-aicad-business-school-at-aicad-4434972255,Buscamos Socio Director/a de Expansión | AICAD Business School.,AICAD Business School,posted,2026-07-07T01:38:50.217196,49
a1e10f1752af52f3,https://hn.linkedin.com/jobs/view/gerente-administrativo-y-de-operaciones-de-restaurante-multi-unidad-tegucigalpa-san-pedro-sula-at-cs-capacitaciones-4437432764,GERENTE ADMINISTRATIVO Y DE OPERACIONES DE RESTAURANTE MULTI-UNIDAD (Tegucigalpa / San Pedro Sula),CS Capacitaciones,posted,2026-07-07T01:39:01.342708,51
fa08f015834d88cb,https://hn.linkedin.com/jobs/view/administrador-entregas-at-celaque-4431981227,Administrador Entregas,,scraped,2026-07-07T01:39:04.103710,
ac18269fd0bb7ac8,https://hn.linkedin.com/jobs/view/desarrollador-de-marca-at-flor-de-ca%C3%B1a-4437405857,Desarrollador de Marca,,scraped,2026-07-07T01:39:10.660153,
9e6015ff596fb2d9,https://hn.linkedin.com/jobs/view/auxiliar-de-bodega-picker-at-pedidosya-4385640028,Auxiliar de Bodega/Picker,,scraped,2026-07-07T01:39:16.933644,
1e2c217c36c46f1a,https://hn.linkedin.com/jobs/view/grente-de-cobranza-y-credito-at-grupo-salinas-honduras-4435336808,Grente de Cobranza y Credito,Grupo Salinas Honduras,posted,2026-07-07T01:39:32.436221,53
1abc537f29a2710f,https://hn.linkedin.com/jobs/view/legal-assistant-at-workbetternow-4434792394,Legal Assistant,,scraped,2026-07-07T01:39:35.084921,
f1c5f66b51d7d6d8,https://hn.linkedin.com/jobs/view/contador-jr-el-progreso-yoro-at-tempolider-bogota-sas-4436906976,"Contador Jr - El Progreso, Yoro",,scraped,2026-07-07T01:39:53.599211,
e9a1d95b050371da,https://hn.linkedin.com/jobs/view/logistics-ops-executive-assistant-remote-at-viva-talent-4437423672,Logistics & Ops Executive Assistant (Remote),,scraped,2026-07-07T01:39:59.853502,
060e0928e178a0b6,https://hn.linkedin.com/jobs/view/machining-process-technical-manager-at-tuwaiq-casting-forging-company-4437148829,Machining Process Technical Manager,Tuwaiq Casting & Forging Company,posted,2026-07-07T01:40:34.182703,55
794995e323f6fee9,https://hn.linkedin.com/jobs/view/head-of-sales-at-the-studio-4435458242,Head of Sales,,scraped,2026-07-07T01:40:36.834250,
13bd87c1a066b287,https://hn.linkedin.com/jobs/view/record-your-daily-routine-get-paid-ai-training-remote-at-toloka-annotators-4435810350,Record Your Daily Routine & Get Paid - AI Training (Remote),,scraped,2026-07-07T01:40:44.249583,
82396ab92238df91,https://hn.linkedin.com/jobs/view/coordinador-de-operaciones-at-pan-american-life-insurance-group-4436366086,Coordinador de operaciones,,scraped,2026-07-07T01:41:30.960788,
a584654c8227f683,https://hn.linkedin.com/jobs/view/physical-therapist-at-fisiofit-hn-4436409823,Physical Therapist,FISIOFIT HN,posted,2026-07-07T01:42:30.751332,57
8042d6f0fa852fa3,https://hn.linkedin.com/jobs/view/lider-de-ventas-at-productos-alimenticios-diana-4434676026,Lider de Ventas,,scraped,2026-07-07T01:42:33.381804,
0ff70937a3fe3456,https://hn.linkedin.com/jobs/view/representante-visitador-m%C3%A9dico-at-exeltis-cenam-4433955594,Representante visitador médico,,scraped,2026-07-07T01:42:40.373382,
2c865cd70b20a4c6,https://hn.linkedin.com/jobs/view/virtual-executive-assistant-remote-at-viva-talent-4437433052,Virtual Executive Assistant (Remote),,scraped,2026-07-07T01:42:48.865737,
9cde862cfbde40d0,https://hn.linkedin.com/jobs/view/asistente-financiero-at-catholic-relief-services-4434656682,Asistente Financiero,Catholic Relief Services,posted,2026-07-07T01:43:06.649647,59
06161542f358a6e4,https://hn.linkedin.com/jobs/view/coordinador-de-presupuestos-para-residir-en-el-salvador-at-see-talent-group-latino-am%C3%A9rica-headhunting-4435212876,Coordinador de presupuestos - Para residir en El Salvador,,scraped,2026-07-07T01:43:09.364747,
ceffca870feab5a3,https://hn.linkedin.com/jobs/view/private-sector-engagement-and-investment-promotion-experts-at-ntu-international-a-s-4436736767,Private Sector Engagement and Investment Promotion Experts,,scraped,2026-07-07T01:43:17.667729,
6a120c5f19795602,https://hn.linkedin.com/jobs/view/digital-experts-at-ntu-international-a-s-4437155751,Digital Experts,,scraped,2026-07-07T01:43:24.949559,
0329d8b4fd5fefc6,https://hn.linkedin.com/jobs/view/assistant-trade-marketing-manager-at-regisro-remote-office-4433119917,Assistant Trade Marketing Manager,,scraped,2026-07-07T01:43:32.181580,
2579cf7fe62a91b9,https://hn.linkedin.com/jobs/view/sustainable-energy-experts-at-ntu-international-a-s-4437106975,Sustainable Energy Experts,,scraped,2026-07-07T01:43:39.255592,
c9c7a8f4be168cc0,https://hn.linkedin.com/jobs/view/guardia-de-seguridad-san-pedro-sula-at-ghc-talent-4435364769,Guardia de Seguridad/ San Pedro Sula,GHC Talent,posted,2026-07-07T01:44:25.311816,61
c06ea0e7194058ab,https://hn.linkedin.com/jobs/view/atenci%C3%B3n-al-cliente-en-ruta-roat%C3%A1n-at-tempolider-bogota-sas-4436925196,Atención al cliente en Ruta - ROATÁN,,scraped,2026-07-07T01:44:27.774598,
aa143f8a53151a4b,https://hn.linkedin.com/jobs/view/gerente-de-marca-gatos-at-cargill-4431973859,Gerente de Marca - Gatos,Cargill,posted,2026-07-07T01:44:50.487251,63
25c425074eefb23d,https://hn.linkedin.com/jobs/view/lider-de-trade-marketing-at-cargill-4433194940,Lider de Trade Marketing,Cargill,posted,2026-07-07T01:45:09.244839,65
803fc5059d70b69d,https://hn.linkedin.com/jobs/view/analista-de-telefon%C3%ADa-at-grupo-salinas-honduras-4436708966,Analista de Telefonía,Grupo Salinas Honduras,posted,2026-07-07T01:45:19.689410,67
3d7cea6845b6f4bd,https://hn.linkedin.com/jobs/view/tech-lead-sanity-cms-remote-latin-america-at-fullstack-4427103675,Tech Lead (Sanity CMS) - Remote - Latin America,,scraped,2026-07-07T01:45:22.382399,
98c245dfb72e52ae,https://hn.linkedin.com/jobs/view/blockchain-engineer-remote-work-at-bairesdev-4436238347,Blockchain Engineer - Remote Work,,scraped,2026-07-07T01:45:43.127604,
84dfce72cb1c9981,https://hn.linkedin.com/jobs/view/it-technician-rak-at-tuwaiq-casting-forging-company-4437164013,IT Technician (RAK),Tuwaiq Casting & Forging Company,posted,2026-07-07T01:45:58.318737,69
ce3530acb99d6b67,https://hn.linkedin.com/jobs/view/mid-level-cms-engineer-sanity-remote-latin-america-at-fullstack-4434631663,Mid-Level CMS Engineer (Sanity) - Remote - Latin America,FullStack,posted,2026-07-07T01:46:07.914232,71
409ec753bdf2a392,https://hn.linkedin.com/jobs/view/sustainable-finance-experts-at-ntu-international-a-s-4436749556,Sustainable Finance Experts,,scraped,2026-07-07T01:46:10.477668,
1a177588cd900a4b,https://hn.linkedin.com/jobs/view/tech-lead-sanity-cms-remote-latin-america-at-fullstack-4427109591,Tech Lead (Sanity CMS) - Remote - Latin America,,scraped,2026-07-07T01:46:17.565369,
99a8d97840662544,https://hn.linkedin.com/jobs/view/jefe-de-terminal-at-brenntag-4436797379,Jefe de Terminal,Brenntag,posted,2026-07-07T01:46:45.332118,73
153ebe6992703964,https://hn.linkedin.com/jobs/view/cajero-11325-48913-at-grupo-ficohsa-hn-4436433959,CAJERO (11325) - 48913,Grupo Ficohsa HN,posted,2026-07-07T01:46:56.201510,75
60f070ebbec1f44f,https://hn.linkedin.com/jobs/view/operations-specialist-at-edge-virtual-assistants-4434605500,Operations Specialist,,scraped,2026-07-07T01:46:58.838734,
7a5e5be0d4b21e08,https://hn.linkedin.com/jobs/view/jefe-de-seguridad-de-centro-comercial-at-inversiones-aliadas-4437403647,Jefe de Seguridad de Centro Comercial,,scraped,2026-07-07T01:47:36.178479,
a0743e93e24a48d8,https://hn.linkedin.com/jobs/view/training-specialist-at-ubiquity-4434675323,Training Specialist,,scraped,2026-07-07T01:47:44.042932,
f69f9fe09996e3fb,https://hn.linkedin.com/jobs/view/administrador-de-mercadeo-at-celaque-4433730104,Administrador de Mercadeo,,scraped,2026-07-07T01:48:05.228514,
be889e88e878bb94,https://hn.linkedin.com/jobs/view/docente-de-preparatoria-biling%C3%BCe-san-pedro-sula-at-ghc-talent-4435360795,Docente de Preparatoria Bilingüe/ San Pedro Sula,GHC Talent,posted,2026-07-07T01:48:26.370231,77
89456e1511693f89,https://hn.linkedin.com/jobs/view/analista-de-compras-y-soporte-ejecutivo-4436448794,ANALISTA DE COMPRAS Y SOPORTE EJECUTIVO,AXIS,posted,2026-07-07T01:48:34.463821,79
44f9dba6aa38a065,https://hn.linkedin.com/jobs/view/especialista-creativo-at-peopleblue-4435476498,Especialista creativo,,scraped,2026-07-07T01:48:37.195774,
861b11cdd7d29ce9,https://hn.linkedin.com/jobs/view/inspector-de-calidad-at-alpla-group-4436440250,INSPECTOR DE CALIDAD,,scraped,2026-07-07T01:48:43.980876,
ede355b2d2c1b08e,https://hn.linkedin.com/jobs/view/comprador-ca-at-alpla-group-4436437372,Comprador CA,,scraped,2026-07-07T01:48:51.294840,
f02203e2f85b497a,https://hn.linkedin.com/jobs/view/climate-change-and-circular-economy-experts-at-ntu-international-a-s-4437149093,Climate Change and Circular Economy Experts,,scraped,2026-07-07T01:48:58.051241,
2ef0334504bcd57a,https://hn.linkedin.com/jobs/view/agentic-aws-devops-engineer-remote-latin-america-at-fullstack-4407584788,Agentic AWS DevOps Engineer - Remote - Latin America,,scraped,2026-07-07T01:49:04.987866,
4daeb54a477774ab,https://hn.linkedin.com/jobs/view/agentic-aws-devops-engineer-remote-latin-america-at-fullstack-4407572874,Agentic AWS DevOps Engineer - Remote - Latin America,,scraped,2026-07-07T01:49:43.655763,
e11985b08e3d1b97,https://hn.linkedin.com/jobs/view/operations-assistant-at-cs-outsource-4435239546,Operations Assistant,CS Outsource,posted,2026-07-07T01:50:09.796644,81
93e72ae6fffd2128,https://hn.linkedin.com/jobs/view/gerente-de-agencia-1576-48742-at-grupo-ficohsa-hn-4427672635,GERENTE DE AGENCIA (1576) - 48742,Grupo Ficohsa HN,posted,2026-07-07T01:50:19.949795,83
a112f2fcceb908fc,https://hn.linkedin.com/jobs/view/offensive-security-engineer-at-applaudo-4437421872,Offensive Security Engineer,,scraped,2026-07-07T01:50:22.493991,
6fc6e3dde77ce770,https://hn.linkedin.com/jobs/view/maestro-de-educaci%C3%B3n-f%C3%ADsica-y-entrenador-de-f%C3%BAtbol-at-ghc-talent-4435360797,Maestro de Educación Física y Entrenador de Fútbol,GHC Talent,posted,2026-07-07T01:50:47.673323,85
dfde538a31ec1d16,https://hn.linkedin.com/jobs/view/corporate-sales-representative-representante-de-ventas-corporativas-at-regisro-remote-office-4433976761,Corporate Sales Representative / Representante de Ventas Corporativas,,scraped,2026-07-07T01:50:50.216222,
6f9cad0fbb4d796a,https://hn.linkedin.com/jobs/view/contador-junior-sps-at-tempolider-bogota-sas-4436915403,Contador Junior /sps,,scraped,2026-07-07T01:51:13.786775,
29b43143c43fa450,https://hn.linkedin.com/jobs/view/especialista-procesos-13151-48699-at-grupo-ficohsa-hn-4427129212,ESPECIALISTA PROCESOS (13151) - 48699,Grupo Ficohsa HN,posted,2026-07-07T01:51:28.382135,87
ef36d38560ffb8e4,https://hn.linkedin.com/jobs/view/customer-service-representative-at-tp-4437452928,Customer Service Representative,,scraped,2026-07-07T01:51:31.178210,
a7c56901675a2750,https://hn.linkedin.com/jobs/view/regional-program-director-principal-investigator-at-global-communities-4426159981,Regional Program Director/Principal Investigator,,scraped,2026-07-07T01:51:38.732127,
5504fcf3797a1cbf,https://hn.linkedin.com/jobs/view/jefe-de-auditoria-de-sistemas-at-grupo-ilp-4436711822,Jefe de Auditoria de Sistemas,,scraped,2026-07-07T01:52:21.747024,
c087086c429966a6,https://hn.linkedin.com/jobs/view/qa-automation-engineer-node-js-distributed-systems-at-applaudo-4436139244,QA Automation Engineer (Node.js & Distributed Systems),,scraped,2026-07-07T01:52:28.348059,
e192a32dd2dc18ad,https://hn.linkedin.com/jobs/view/full-stack-developer-python-at-perform-4398402401,Full Stack Developer (Python),,scraped,2026-07-07T01:52:34.777120,
841e013472dae454,https://hn.linkedin.com/jobs/view/creativo-estrat%C3%A9gico-at-grupo-opsa-4437470501,Creativo Estratégico,GRUPO OPSA,posted,2026-07-07T01:52:59.412805,89
791c03479fdaed91,https://hn.linkedin.com/jobs/view/supervisor-a-de-operaciones-proceso-at-cargill-4432726452,Supervisor(a) de Operaciones-Proceso,Cargill,posted,2026-07-07T01:53:32.013614,91
8f68767b69c18b2b,https://hn.linkedin.com/jobs/view/gerente-arquitectura-de-software-at-deloitte-4435832983,Gerente Arquitectura de Software,Deloitte,posted,2026-07-07T01:54:47.097576,93
5ced9d73f6cad368,https://hn.linkedin.com/jobs/view/principal-data-engineer-remote-latin-america-at-fullstack-4436433376,Principal Data Engineer - Remote - Latin America,,scraped,2026-07-07T01:54:49.692550,
99eda388f68b6da6,https://hn.linkedin.com/jobs/view/full-stack-developer-net-developer-at-perform-4398414263,Full Stack Developer (.NET Developer),Perform,posted,2026-07-07T01:55:20.553040,95
a96a672829b75eff,https://hn.linkedin.com/jobs/view/tracking-and-tracing-at-avanza-nearshoring-solutions-4435192124,Tracking and Tracing,,scraped,2026-07-07T01:55:23.066756,
2ef5996aa1aa530c,https://hn.linkedin.com/jobs/view/agente-de-sales-enablement-biling%C3%BCe-presencial-at-promotex-inc-4435895648,Agente de Sales Enablement Bilingüe (Presencial),,scraped,2026-07-07T01:55:45.680903,
36d88728f265a693,https://hn.linkedin.com/jobs/view/service-coordinator-at-volvo-trucks-4427019961,Service Coordinator,,scraped,2026-07-07T01:56:08.035134,
5d5f9e1a8e0db1d9,https://hn.linkedin.com/jobs/view/consultor-a-senior-sap-pm-%E2%80%93-it-business-partner-solution-architect-ingl%C3%A9s-c1-%E2%80%93-remoto-internacional-honduras-at-sapindex-4436794201,Consultor/a Senior SAP PM – IT Business Partner / Solution Architect - Inglés C1 – Remoto Internacional - Honduras,,scraped,2026-07-07T01:56:15.016312,
a25e1c41dd5c669f,https://hn.linkedin.com/jobs/view/customer-logistics-specialist-at-charger-logistics-inc-4436764871,Customer Logistics Specialist,,scraped,2026-07-07T01:56:21.895577,
8c186c69be3b8c9c,https://hn.linkedin.com/jobs/view/ejecutiva-de-ventas-en-san-pedro-sula-at-academia-europea-4436904345,Ejecutiva de Ventas en San Pedro Sula,,scraped,2026-07-07T01:56:28.528960,
67992e639bd6a3b1,https://hn.linkedin.com/jobs/view/transportation-operations-coordinator-at-charger-logistics-inc-4436773244,Transportation Operations Coordinator,,scraped,2026-07-07T01:56:44.405237,
8f3ac41ba5fac894,https://hn.linkedin.com/jobs/view/opt%C3%B3metra-at-essilorluxottica-4434620751,Optómetra,,scraped,2026-07-07T01:56:50.829144,
909f86a07d2f960f,https://hn.linkedin.com/jobs/view/oficial-de-mantenimiento-3579-48593-at-grupo-ficohsa-hn-4425666138,OFICIAL DE MANTENIMIENTO (3579) - 48593,Grupo Ficohsa HN,posted,2026-07-07T01:57:06.678944,97
0eaebb7bbc0671bd,https://hn.linkedin.com/jobs/view/administrador-a-at-ditop-4435170883,Administrador/a,,scraped,2026-07-07T01:57:09.220954,
9c5f04e893b05234,https://hn.linkedin.com/jobs/view/process-improvement-analyst-at-charger-logistics-inc-4436902584,Process Improvement Analyst,,scraped,2026-07-07T01:57:16.985815,
6d7ff3004956a2cb,https://hn.linkedin.com/jobs/view/ejecutivo-de-negocios-y-servicios-jr-1348-48982-at-grupo-ficohsa-hn-4435851421,EJECUTIVO DE NEGOCIOS Y SERVICIOS JR. (1348) - 48982,Grupo Ficohsa HN,posted,2026-07-07T01:57:30.581386,99
bcd322201b026958,https://hn.linkedin.com/jobs/view/productor-creativo-at-anagram-4437424315,Productor creativo,,scraped,2026-07-07T01:57:33.212728,
33364d01f4faee0b,https://hn.linkedin.com/jobs/view/maestro-de-taller-de-veh%C3%ADculos-at-grupo-bimbo-4433126370,Maestro de Taller de Vehículos,Grupo Bimbo,posted,2026-07-07T01:57:50.127231,101
7e2a5ed6cfc432cf,https://hn.linkedin.com/jobs/view/practicante-universitario-a-tegucigalpa-at-cargill-4427561562,Practicante Universitario (a) - Tegucigalpa,Cargill,posted,2026-07-07T01:58:04.015339,103
b8e3bf3de968ebe0,https://hn.linkedin.com/jobs/view/consultor-a-senior-sap-qm-%E2%80%93-it-business-partner-solution-architect-ingl%C3%A9s-c1-%E2%80%93-remoto-internacional-honduras-at-sapindex-4436901069,Consultor/a Senior SAP QM – IT Business Partner / Solution Architect - Inglés C1 – Remoto Internacional - Honduras,,scraped,2026-07-07T01:58:06.699368,
f9359e2f05afea04,https://hn.linkedin.com/jobs/view/driver-at-a-p-moller-maersk-4437477449,Driver,,scraped,2026-07-07T01:58:13.146466,
c0c8b9f13256850b,https://hn.linkedin.com/jobs/view/analista-desarrollo-digital-13173-48717-at-grupo-ficohsa-hn-4427660670,ANALISTA DESARROLLO DIGITAL (13173) - 48717,Grupo Ficohsa HN,posted,2026-07-07T01:58:28.086952,105
89b6da2ab0678546,https://hn.linkedin.com/jobs/view/logistics-representative-at-charger-logistics-inc-4436792835,Logistics Representative,,scraped,2026-07-07T01:58:30.660431,
66e1c6a8b02c24e4,https://hn.linkedin.com/jobs/view/construction-estimator-masonry-at-the-a-career-4436425937,Construction Estimator - Masonry,,scraped,2026-07-07T01:58:37.010755,
06b853b3f709c82f,https://hn.linkedin.com/jobs/view/vendedor-a-comisionita-tegucigalpa-at-cargill-4431968528,Vendedor (a) Comisionita - Tegucigalpa,Cargill,posted,2026-07-07T02:00:34.811551,107
5287fdef9c8a78e2,https://hn.linkedin.com/jobs/view/analista-desarrollo-digital-13172-48716-at-grupo-ficohsa-hn-4427904743,ANALISTA DESARROLLO DIGITAL (13172) - 48716,Grupo Ficohsa HN,posted,2026-07-07T02:00:45.286741,109
79f83c73c1e4f06a,https://hn.linkedin.com/jobs/view/service-delivery-leader-at-applaudo-4437416670,Service Delivery Leader,,scraped,2026-07-07T02:00:47.937120,
d0ebb66dbdd46c23,https://hn.linkedin.com/jobs/view/lead-data-engineer-at-grupo-levanter-honduras-4431979325,Lead Data Engineer,,scraped,2026-07-07T02:00:54.454841,
01f6719d132c24bf,https://hn.linkedin.com/jobs/view/coordinador-de-dise%C3%B1o-de-infraestructura-at-ditop-4435189218,Coordinador de Diseño de Infraestructura,,scraped,2026-07-07T02:01:00.847522,
9719e72d44c34f77,https://hn.linkedin.com/jobs/view/service-delivery-leader-at-applaudo-4437418640,Service Delivery Leader,,scraped,2026-07-07T02:01:07.077721,
50300d112d0582b6,https://hn.linkedin.com/jobs/view/servicenow-developer-remote-work-at-bairesdev-4436204721,ServiceNow Developer - Remote Work,,scraped,2026-07-07T02:01:13.334064,
c1725d35255d8035,https://hn.linkedin.com/jobs/view/senior-qa-automation-engineer-playwright-mobile-at-applaudo-4436170209,Senior QA Automation Engineer (Playwright & Mobile),,scraped,2026-07-07T02:01:54.386960,
4c12ce5c9b98025b,https://hn.linkedin.com/jobs/view/senior-net-developer-temporary-contract-at-applaudo-4436374439,Senior .NET Developer (temporary contract),,scraped,2026-07-07T02:02:01.278062,
a12cd2aa22f75bac,https://hn.linkedin.com/jobs/view/senior-full-stack-java-engineer-java-%2B-angular-temporary-contract-at-applaudo-4436764721,Senior Full Stack Java Engineer (Java + Angular ) - temporary contract,,scraped,2026-07-07T02:02:07.797005,
587daec8b85c5e86,https://hn.linkedin.com/jobs/view/practicante-universitario-a-villanueva-cortes-at-cargill-4435182182,Practicante Universitario (a) / Villanueva Cortes,Cargill,posted,2026-07-07T02:02:25.272552,111
2a98c91aeecfb21d,https://hn.linkedin.com/jobs/view/quality-specialist-at-charger-logistics-inc-4436797810,Quality Specialist,,scraped,2026-07-07T02:02:27.821957,
5848f4cd67e9273c,https://hn.linkedin.com/jobs/view/vendedor-a-comisionita-santa-rosa-de-copan-at-cargill-4431954765,Vendedor (a) Comisionita - Santa Rosa de Copan,Cargill,posted,2026-07-07T02:02:45.075612,113
bd151296fd4cad8c,https://hn.linkedin.com/jobs/view/consultor-a-senior-%E2%80%93-ai-engineering-genai-llms-at-deloitte-4435175828,Consultor(a) Senior – AI Engineering (GenAI / LLMs),Deloitte,posted,2026-07-07T02:03:02.334815,115
16a59d0bbd1d9d7e,https://hn.linkedin.com/jobs/view/qa-automation-engineer-node-js-distributed-systems-at-applaudo-4436141302,QA Automation Engineer (Node.js & Distributed Systems),,scraped,2026-07-07T02:03:04.963074,
dc48753c45b30121,https://hn.linkedin.com/jobs/view/loading-rack-operator-at-impala-terminals-4436438324,Loading Rack Operator,,scraped,2026-07-07T02:03:11.087991,
26b14dd875f807e8,https://hn.linkedin.com/jobs/view/consultor-a-snr-devops-cloud-at-deloitte-4435188017,Consultor (a) Snr DevOps - Cloud,Deloitte,posted,2026-07-07T02:03:24.988735,117
afebd2626490f922,https://hn.linkedin.com/jobs/view/tech-lead-sanity-cms-remote-latin-america-at-fullstack-4427095783,Tech Lead (Sanity CMS) - Remote - Latin America,FullStack,posted,2026-07-07T02:03:33.712943,119
5488ee69ff0973d4,https://hn.linkedin.com/jobs/view/mid-level-cms-engineer-sanity-remote-latin-america-at-fullstack-4434633564,Mid-Level CMS Engineer (Sanity) - Remote - Latin America,FullStack,posted,2026-07-07T02:03:43.618910,71
fca3cc485bcec1af,https://hn.linkedin.com/jobs/view/aws-devops-engineer-linux-remote-latin-america-at-fullstack-4435331709,AWS DevOps Engineer (Linux) - Remote - Latin America,,scraped,2026-07-07T02:03:46.167074,
6755e666ed518736,https://hn.linkedin.com/jobs/view/commercial-estimator-at-buildops-hq-4435593333,Commercial Estimator,BuildOps HQ,posted,2026-07-07T12:24:55.494898,121
a1051cfbfb99eff0,https://hn.linkedin.com/jobs/view/benefits-platform-representative-at-regisro-remote-office-4432782718,Benefits Platform Representative,RegisRO (Remote Office),posted,2026-07-07T12:25:07.632376,123
99b0685986b9aaf2,https://hn.linkedin.com/jobs/view/overnight-logistics-coordinator-at-charger-logistics-inc-4436909247,Overnight Logistics Coordinator,,scraped,2026-07-07T12:25:10.210730,
e316100c44e88084,https://hn.linkedin.com/jobs/view/operations-support-specialist-at-charger-logistics-inc-4436789962,Operations Support Specialist,,scraped,2026-07-07T12:25:22.566020,
52d74934c4ed5604,https://hn.linkedin.com/jobs/view/especialista-de-dialer-at-molineros-4430616626,Especialista de Dialer,Molineros,posted,2026-07-07T12:25:41.243706,125
d2c529ae652ba949,https://hn.linkedin.com/jobs/view/sales-development-representative-at-buildops-hq-4435820709,Sales Development Representative,BuildOps HQ,posted,2026-07-07T12:25:50.505648,127
f8be1abdbd3acd5b,https://hn.linkedin.com/jobs/view/oficial-empowered-world-view-at-world-vision-4436165068,Oficial Empowered World View,,scraped,2026-07-07T12:25:53.113543,
4d5554bc257e7e95,https://hn.linkedin.com/jobs/view/agente-sac-agente-de-servicio-al-cliente-at-econo-rent-a-car-4436468153,Agente SAC (Agente de Servicio al Cliente),Econo Rent A Car,posted,2026-07-07T12:26:39.426502,129
0880b661b61dedd9,https://hn.linkedin.com/jobs/view/vendedora-de-tienda-oficina-tegus-at-tempolider-bogota-sas-4436925193,Vendedora de tienda-oficina/ TEGUS,,scraped,2026-07-07T12:26:54.033225,
bdbe5e8d19b74547,https://hn.linkedin.com/jobs/view/auditor%C3%ADa-de-banca-y-finanzas-sps-at-tempolider-bogota-sas-4436926166,Auditoría de Banca y Finanzas - SPS,,scraped,2026-07-07T12:27:00.357434,
5d49883e6406ba7d,https://hn.linkedin.com/jobs/view/oficial-de-contact-center-intelligence-7876-48243-at-grupo-ficohsa-hn-4418977788,OFICIAL DE CONTACT CENTER INTELLIGENCE (7876) - 48243,Grupo Ficohsa HN,posted,2026-07-07T12:27:21.721649,131
24b826f9198ef7eb,https://hn.linkedin.com/jobs/view/especialista-de-calidad-y-mejora-continua-at-roatan-ferry-the-galaxy-wave-4433537142,Especialista de Calidad y Mejora Continua,,scraped,2026-07-07T12:27:24.204499,
d6d496a6a3144c25,https://hn.linkedin.com/jobs/view/e-commerce-listing-designer-and-optimizer-at-the-a-career-4436442310,E-commerce Listing Designer and Optimizer,The A Career,posted,2026-07-07T12:27:38.650593,133
0c7f002e43777e6c,https://hn.linkedin.com/jobs/view/sub-gerente-tienda-4437117240,SUB GERENTE TIENDA,MAXI DESPENSA LA ENTRADA A COPAN,posted,2026-07-07T12:27:46.512646,135
8a892cbe0e3a0ac4,https://hn.linkedin.com/jobs/view/social-media-coordinator-at-adbalance%C2%AE-4437490098,Social Media Coordinator,,scraped,2026-07-07T12:27:53.260127,
23211067f8b816f8,https://hn.linkedin.com/jobs/view/asistente-de-operaciones-terminal-at-brenntag-4436904095,Asistente de Operaciones Terminal,Brenntag,posted,2026-07-07T12:28:21.463566,137
6b0ec907b595f741,https://hn.linkedin.com/jobs/view/data-engineer-at-perform-4406418089,Data Engineer,Perform,posted,2026-07-07T12:28:31.278524,139
38e14df7df76e06d,https://hn.linkedin.com/jobs/view/coordinador-comercial-tegucigalpa-at-ghl-4433996705,Coordinador Comercial Tegucigalpa,,scraped,2026-07-07T12:28:33.913646,
12542b796cf991a0,https://hn.linkedin.com/jobs/view/oficial-de-auditor%C3%ADa-interna-at-empresa-confidencial-4436770177,Oficial de Auditoría Interna,Empresa Confidencial,posted,2026-07-07T12:28:48.404947,141
cdc81abdd07bc605,https://hn.linkedin.com/jobs/view/coordinador-de-operaciones-y-servicios-at-cbc-4432794351,Coordinador de Operaciones y Servicios,cbc,posted,2026-07-07T12:29:02.682456,143
b53c8f1e55ceaf77,https://hn.linkedin.com/jobs/view/administrador-de-base-de-datos-oracle-basic-at-grupo-sega-4437705410,Administrador de Base de Datos Oracle Basic,,scraped,2026-07-07T12:29:05.308048,
74cbfff8d01c7c5d,https://hn.linkedin.com/jobs/view/analista-de-tesorer%C3%ADa-at-grupo-platino-4431967926,Analista de Tesorería,,scraped,2026-07-07T12:29:11.979254,
633c3a6438d8219d,https://hn.linkedin.com/jobs/view/ingeniero-de-negociaciones-at-celaque-4433982389,Ingeniero de Negociaciones,,scraped,2026-07-07T12:29:18.693075,
37edeac0dfc4b662,https://hn.linkedin.com/jobs/view/marketing-specialist-at-cs-outsource-4436240440,Marketing Specialist,CS Outsource,posted,2026-07-07T12:29:33.945564,145
18a461e49bbb2635,https://hn.linkedin.com/jobs/view/motorista-sps-at-tempolider-bogota-sas-4436919286,Motorista - SPS,,scraped,2026-07-07T12:29:44.503170,
913c4971234c73d4,https://hn.linkedin.com/jobs/view/analista-de-calidad-y-proceso-mejora-continua-honduras-at-grupo-ficohsa-hn-4428884911,Analista de Calidad y Proceso (Mejora Continua) - Honduras,Grupo Ficohsa HN,posted,2026-07-07T12:29:59.241973,147
a3dafc98888f55ad,https://hn.linkedin.com/jobs/view/freelance-grabaci%C3%B3n-de-tareas-cotidianas-para-proyecto-de-ia-at-toloka-annotators-4437758671,Freelance: grabación de tareas cotidianas para proyecto de IA,Toloka Annotators,posted,2026-07-07T12:30:12.872667,149
1a958a70b5ab65ea,https://hn.linkedin.com/jobs/view/record-your-daily-routine-get-paid-ai-training-remote-at-toloka-annotators-4437738804,Record Your Daily Routine & Get Paid - AI Training (Remote),Toloka Annotators,posted,2026-07-07T12:30:26.119538,151
15b94cfa310777e3,https://hn.linkedin.com/jobs/view/ejecutivo-de-ventas-junior-at-2it-jobs-4435366642,Ejecutivo de Ventas Junior,,scraped,2026-07-07T12:30:28.748726,
fc29a690f02f5f43,https://hn.linkedin.com/jobs/view/medical-record-custodian-at-regisro-remote-office-4433112957,Medical Record Custodian,RegisRO (Remote Office),posted,2026-07-07T12:30:42.932544,153
223da1a228095a8b,https://hn.linkedin.com/jobs/view/gerente-legal-operaciones-at-walmart-centroam%C3%A9rica-4436358790,Gerente Legal Operaciones,,scraped,2026-07-07T12:30:45.672727,
346cc8191b9564dd,https://hn.linkedin.com/jobs/view/project-management-officer-expansi%C3%B3n-internacional-de-mercados-at-grupo-aurum-4436916400,Project Management Officer Expansión internacional de Mercados,,scraped,2026-07-07T12:30:54.106993,
5409e1f98478c168,https://hn.linkedin.com/jobs/view/talent-acquisition-specialist-at-charger-logistics-inc-4435349245,Talent Acquisition Specialist,,scraped,2026-07-07T12:31:10.637064,
4a6037dcd8adcedb,https://hn.linkedin.com/jobs/view/ejecutivo-de-ventas-at-grupo-r-center-4436284330,EJECUTIVO DE VENTAS,Grupo R Center,posted,2026-07-07T12:31:28.481907,155
98b9bd09ba274d40,https://hn.linkedin.com/jobs/view/record-your-daily-routine-get-paid-ai-training-remote-at-toloka-annotators-4437750066,Record Your Daily Routine & Get Paid - AI Training (Remote),Toloka Annotators,posted,2026-07-07T12:31:35.264860,151
986571fe4be18fdd,https://hn.linkedin.com/jobs/view/record-your-daily-routine-get-paid-ai-training-remote-at-toloka-annotators-4437744561,Record Your Daily Routine & Get Paid - AI Training (Remote),Toloka Annotators,posted,2026-07-07T12:31:40.704315,151
6e17454b64de72e3,https://hn.linkedin.com/jobs/view/application-developer-at-tuwaiq-casting-forging-company-4437405377,Application Developer,Tuwaiq Casting & Forging Company,posted,2026-07-07T12:31:51.146912,157
7972c02f1302df84,https://hn.linkedin.com/jobs/view/creador-a-de-contenido-pov-para-ia-remoto-at-toloka-annotators-4437765657,Creador(a) de Contenido POV para IA - Remoto,Toloka Annotators,posted,2026-07-07T12:32:03.833307,159
560214a302d7f755,https://hn.linkedin.com/jobs/view/administrative-assistant-at-careers-at-scale-up-staffing-4408150182,Administrative Assistant,Careers at Scale Up Staffing,posted,2026-07-07T12:32:12.532130,161
a12a030530630470,https://hn.linkedin.com/jobs/view/auxiliar-de-tesorer%C3%ADa-at-televicentro-y-emisoras-unidas-4437725752,Auxiliar de tesorería,,scraped,2026-07-07T12:32:17.183252,
59a03c1e1fd25693,https://hn.linkedin.com/jobs/view/customer-success-manager-%E2%80%93-u-s-business-hours-at-amplify-4436100163,Customer Success Manager – U.S. business hours,,scraped,2026-07-07T12:32:23.764520,
9291e645870b54b1,https://hn.linkedin.com/jobs/view/auxiliar-de-bodega-san-pedro-sula-honduras-at-conecta-reclutamiento-4436277572,"AUXILIAR DE BODEGA -SAN PEDRO SULA, HONDURAS",Conecta Reclutamiento,posted,2026-07-07T12:32:49.980074,163
e9d84d0b2953b7da,https://hn.linkedin.com/jobs/view/agentic-product-designer-remote-latin-america-at-fullstack-4417323805,Agentic Product Designer - Remote - Latin America,FullStack,posted,2026-07-07T12:33:11.177314,165
6c09697fa95c4543,https://hn.linkedin.com/jobs/view/mid-level-cms-engineer-sanity-remote-latin-america-at-fullstack-4434626901,Mid-Level CMS Engineer (Sanity) - Remote - Latin America,FullStack,posted,2026-07-07T12:33:16.069212,71
68d601eb7944b70e,https://hn.linkedin.com/jobs/view/agentic-aws-devops-engineer-remote-latin-america-at-fullstack-4407590767,Agentic AWS DevOps Engineer - Remote - Latin America,FullStack,posted,2026-07-07T12:33:25.276140,167
f9852ab2910cadb1,https://hn.linkedin.com/jobs/view/aws-devops-engineer-linux-remote-latin-america-at-fullstack-4435339163,AWS DevOps Engineer (Linux) - Remote - Latin America,FullStack,posted,2026-07-07T12:33:35.789359,169
51d8547746a7efbb,https://hn.linkedin.com/jobs/view/docente-de-educaci%C3%B3n-fisica-san-pedro-sula-at-ghc-talent-4435365675,Docente de Educación Fisica/ San Pedro Sula,GHC Talent,posted,2026-07-07T12:33:47.168739,171
c7fa64ab03888b23,https://hn.linkedin.com/jobs/view/agentic-elixir-engineer-remote-latin-america-at-fullstack-4387996610,Agentic Elixir Engineer - Remote - Latin America,FullStack,posted,2026-07-07T12:33:59.976229,173
cc0bd0a2bd873ff6,https://hn.linkedin.com/jobs/view/mid-level-cms-engineer-sanity-remote-latin-america-at-fullstack-4434625984,Mid-Level CMS Engineer (Sanity) - Remote - Latin America,FullStack,posted,2026-07-07T12:34:04.916203,71
94a85a32fcacf283,https://hn.linkedin.com/jobs/view/cajero-para-choloma-at-grupo-ficohsa-hn-4436281048,Cajero para Choloma,Grupo Ficohsa HN,posted,2026-07-07T12:34:16.469978,175
de9c6f4724f5d94c,https://hn.linkedin.com/jobs/view/oficial-jr-administrativo-de-corredurias-3370-48801-at-grupo-ficohsa-hn-4429173557,OFICIAL JR. ADMINISTRATIVO DE CORREDURIAS (3370) - 48801,Grupo Ficohsa HN,posted,2026-07-07T12:34:27.327705,177
b206ad279469ed9a,https://hn.linkedin.com/jobs/view/agentic-aws-devops-engineer-remote-latin-america-at-fullstack-4407574894,Agentic AWS DevOps Engineer - Remote - Latin America,FullStack,posted,2026-07-07T12:34:32.175480,167
8c08b4b5bb5fcaa3,https://hn.linkedin.com/jobs/view/agentic-elixir-engineer-remote-latin-america-at-fullstack-4387996608,Agentic Elixir Engineer - Remote - Latin America,FullStack,posted,2026-07-07T12:34:39.073470,173
a1461ff30c0372cd,https://hn.linkedin.com/jobs/view/ai-machine-learning-engineer-remote-latin-america-at-fullstack-4371014662,AI Machine Learning Engineer - Remote - Latin America,FullStack,posted,2026-07-07T12:34:51.777579,179
41565fc1421125f7,https://hn.linkedin.com/jobs/view/atenci%C3%B3n-al-cliente-catacamas-at-el-palacio-de-los-ni%C3%B1os-4436462466,Atención al Cliente - Catacamas,El Palacio de los Niños,posted,2026-07-07T12:35:01.199193,181
d37132451a3dd7d2,https://hn.linkedin.com/jobs/view/ai-machine-learning-engineer-remote-latin-america-at-fullstack-4371012935,AI Machine Learning Engineer - Remote - Latin America,FullStack,posted,2026-07-07T12:35:12.935082,179
f20f8e5ee23398fb,https://hn.linkedin.com/jobs/view/maintenance-supervisor-at-cervecer%C3%ADa-hondure%C3%B1a-4435322472,MAINTENANCE SUPERVISOR,Cervecería Hondureña,posted,2026-07-07T12:35:29.758432,183
f39baa507391cc08,https://hn.linkedin.com/jobs/view/contador-de-costos-senior-at-fefasa-4386542155,Contador de Costos Senior,,scraped,2026-07-07T12:35:32.370159,
5b903e9ddf34b1cb,https://hn.linkedin.com/jobs/view/senior-sourcing-specialist-at-intouchcx-4436287900,Senior Sourcing Specialist,,scraped,2026-07-07T12:35:42.631259,
24ff4e29e005afcc,https://hn.linkedin.com/jobs/view/contador-juniors-at-compu%2B-s-de-r-l-4436793800,Contador Juniors,,scraped,2026-07-07T12:35:49.405069,
d41fe4548dabc87b,https://hn.linkedin.com/jobs/view/administrador-de-base-de-datos-at-empresa-confidencial-4436119373,Administrador de base de datos,Empresa Confidencial,posted,2026-07-07T12:36:03.243271,185
3f41823bfd0a3ea8,https://hn.linkedin.com/jobs/view/jefe-de-kioscos-13279-48999-at-grupo-ficohsa-hn-4437486633,JEFE DE KIOSCOS (13279) - 48999,Grupo Ficohsa HN,posted,2026-07-07T12:36:14.016152,187
1f87c0904ff7160c,https://hn.linkedin.com/jobs/view/senior-security-consultant-at-scale-up-recruiting-partners-4436523783,Senior Security Consultant,Scale Up Recruiting Partners,posted,2026-07-07T12:36:28.771113,189
d6f3b57487c874a7,https://hn.linkedin.com/jobs/view/%F0%9F%9A%80-we-re-hiring-senior-hr-business-partner-%E2%80%93-on-site-san-pedro-sula-at-allied-global-technology-services-4434663526,🚀 We're Hiring: Senior HR Business Partner – On-site San Pedro Sula,,scraped,2026-07-07T12:36:31.400533,
9ffb3b1c46c09425,https://hn.linkedin.com/jobs/view/team-leader-operations-seasonal-at-resultscx-4437763120,Team Leader Operations - Seasonal,ResultsCX,posted,2026-07-07T12:36:46.972132,191
94a10ed4e2ca5b77,https://hn.linkedin.com/jobs/view/senior-quality-engineer-presencial-at-ginih-4436371612,Senior Quality Engineer (Presencial),,scraped,2026-07-07T12:36:49.706785,
fc11fb1bbc025d5d,https://hn.linkedin.com/jobs/view/subgerente-de-segmentaci%C3%B3n-at-bac-4436433059,Subgerente de Segmentación,,scraped,2026-07-07T12:36:58.372002,
1a436afb1193c957,https://hn.linkedin.com/jobs/view/reseller-manager-at-powerhandling-4437724561,Reseller Manager,POWERHANDLING,posted,2026-07-07T12:37:09.661495,193
f0f12eb9bc107d5c,https://hn.linkedin.com/jobs/view/technical-business-analyst-honduras-at-deloitte-4435895370,Technical Business Analyst - Honduras,Deloitte,posted,2026-07-07T12:37:19.662292,195
62441ee65c9cd81d,https://hn.linkedin.com/jobs/view/ejecutivo-especializado-comercial-at-bac-4436372440,Ejecutivo Especializado Comercial,,scraped,2026-07-07T12:37:22.257309,
448f220421ef6924,https://hn.linkedin.com/jobs/view/agente-televentas-en-espa%C3%B1ol-100%25-remoto-en-horario-europeo-at-service-club-%C2%AE-4435163066,Agente Televentas en ESPAÑOL - 100% remoto en horario europeo,,scraped,2026-07-07T12:37:28.485408,
41bb0e0b6acecafa,https://hn.linkedin.com/jobs/view/sports-data-collector-football-choluteca-honduras-at-genius-sports-4398631723,"Sports Data Collector (Football) - Choluteca, Honduras",,scraped,2026-07-07T12:37:34.907549,
b1c6f259cc32e905,https://hn.linkedin.com/jobs/view/virtual-assistant-at-cs-outsource-4436016058,Virtual Assistant,CS Outsource,posted,2026-07-07T12:37:47.001138,197
b91b39d4c8c4722f,https://hn.linkedin.com/jobs/view/senior-data-engineer-aws-python-sql-at-devsu-4433711470,"Senior Data Engineer (AWS, Python & SQL)",Devsu,posted,2026-07-07T12:37:54.765263,199
9ae81b4d8dfaae9e,https://hn.linkedin.com/jobs/view/asesor-de-viajes-100%25-remoto-at-dreamport-4436085299,Asesor de Viajes (100% remoto),,scraped,2026-07-07T12:37:57.461027,
7c40c16cb514e591,https://hn.linkedin.com/jobs/view/ejecutivo-de-cuentas-clave-at-manpowergroup-4437435506,Ejecutivo de Cuentas Clave,ManpowerGroup,posted,2026-07-07T12:38:09.915295,201
c56c494fb0ad5d56,https://hn.linkedin.com/jobs/view/asesor-t%C3%A9cnico-comercial-at-herogra-group-4434750355,Asesor técnico comercial,,scraped,2026-07-07T12:38:12.527568,
95bb9a530eb375d0,https://hn.linkedin.com/jobs/view/mec%C3%A1nico-automotriz-at-grupo-aurum-4436291052,Mecánico Automotriz,,scraped,2026-07-07T12:38:21.408292,
6b86c386cc4dbf93,https://hn.linkedin.com/jobs/view/jefe-de-mantenimiento-zona-norte-at-inversiones-aliadas-4437420030,Jefe de Mantenimiento Zona Norte,,scraped,2026-07-07T12:38:31.794456,
2afa5aa69d20aaa6,https://hn.linkedin.com/jobs/view/analista-desarrollo-digital-13171-48714-at-grupo-ficohsa-hn-4427667610,ANALISTA DESARROLLO DIGITAL (13171) - 48714,Grupo Ficohsa HN,posted,2026-07-07T12:38:48.646698,203
2c023d1710185f02,https://hn.linkedin.com/jobs/view/channel-marketing-specialist-iii-at-cargill-4436775040,Channel Marketing Specialist III,Cargill,posted,2026-07-07T12:38:59.846750,205
5e524d90603a73ae,https://hn.linkedin.com/jobs/view/agente-de-ventas-san-pedro-sula-at-gomezlee-marketing-4434510096,Agente de Ventas - San Pedro Sula,,scraped,2026-07-07T12:39:02.476783,
a1fd9147860c80f9,https://hn.linkedin.com/jobs/view/administrador-de-contenidos-lms-4044-48119-at-grupo-ficohsa-hn-4408004438,ADMINISTRADOR DE CONTENIDOS LMS (4044) - 48119,Grupo Ficohsa HN,posted,2026-07-07T12:39:20.502816,207
b2774d97db424031,https://hn.linkedin.com/jobs/view/agentic-product-designer-remote-latin-america-at-fullstack-4417341058,Agentic Product Designer - Remote - Latin America,FullStack,posted,2026-07-07T12:39:25.188906,165
c950133809f29cf3,https://hn.linkedin.com/jobs/view/ejecutivo-comercial-venta-de-seguros-at-manpowergroup-caribe-y-centroam%C3%A9rica-4436270386,Ejecutivo Comercial venta de seguros,,scraped,2026-07-07T12:39:27.939949,
97cfeade5f3ccfc6,https://hn.linkedin.com/jobs/view/gerente-regional-control-accesos-y-configuraciones-12890-48198-at-grupo-ficohsa-hn-4408004437,GERENTE REGIONAL CONTROL ACCESOS Y CONFIGURACIONES (12890) - 48198,Grupo Ficohsa HN,posted,2026-07-07T12:39:42.976451,209
b2b9b0fc3cafba1e,https://hn.linkedin.com/jobs/view/agentic-product-designer-remote-latin-america-at-fullstack-4417324793,Agentic Product Designer - Remote - Latin America,FullStack,posted,2026-07-07T12:39:52.113539,165
ad458bf3ba907c26,https://hn.linkedin.com/jobs/view/abogado-biling%C3%BCe-at-azc-abogados-4436360664,Abogado Bilingüe,,scraped,2026-07-07T12:39:54.790029,
971a5bf83c1d9d35,https://hn.linkedin.com/jobs/view/night-shift-customer-service-representative-at-charger-logistics-inc-4436907427,Night Shift Customer Service Representative,,scraped,2026-07-07T12:40:08.159057,
95dd6090a433f5fc,https://hn.linkedin.com/jobs/view/tecnico-en-infraestructura-de-ti-y-redes-at-turing-consultores-4436775635,Tecnico en Infraestructura de TI y Redes,Turing Consultores,posted,2026-07-07T12:40:25.007194,211
f37141914e10f3a2,https://hn.linkedin.com/jobs/view/senior-marketing-analyst-strategy-analytics-at-toptal-4437465230,"Senior Marketing Analyst, Strategy & Analytics",Toptal,posted,2026-07-07T12:40:34.518201,213
4edea5a70c93925a,https://hn.linkedin.com/jobs/view/backend-developer-node-js-at-applaudo-4436135957,Backend Developer (Node.js),,scraped,2026-07-07T12:40:37.186143,
cc5c49c9e451e65c,https://hn.linkedin.com/jobs/view/practicante-universitario-a-san-pedro-sula-at-cargill-4428375213,Practicante Universitario (a) / San Pedro Sula,Cargill,posted,2026-07-07T12:40:50.646613,215
736745b0c2a5b64b,https://hn.linkedin.com/jobs/view/offensive-security-engineer-at-applaudo-4437425680,Offensive Security Engineer,,scraped,2026-07-07T12:40:53.230797,
44d22799d1ff0926,https://hn.linkedin.com/jobs/view/especialista-microsoft-power-platform-sharepoint-honduras-at-deloitte-4435163877,Especialista Microsoft Power Platform / SharePoint - Honduras,Deloitte,posted,2026-07-07T12:41:05.952870,217
a20426b42037f53b,https://hn.linkedin.com/jobs/view/aws-devops-engineer-linux-remote-latin-america-at-fullstack-4435320946,AWS DevOps Engineer (Linux) - Remote - Latin America,FullStack,posted,2026-07-07T12:41:14.758687,169
3b9e7476c1e0e0bd,https://hn.linkedin.com/jobs/view/principal-data-engineer-remote-latin-america-at-fullstack-4436423725,Principal Data Engineer - Remote - Latin America,FullStack,posted,2026-07-07T12:41:24.855033,219
88dfa594d1c6346d,https://hn.linkedin.com/jobs/view/practicante-universitario-a-villanueva-cortes-1-1-at-cargill-4431953794,Practicante Universitario (a) / Villanueva Cortes 1 1,Cargill,posted,2026-07-07T12:41:33.389089,221
153e913e097e250c,https://hn.linkedin.com/jobs/view/agentic-aws-devops-engineer-remote-latin-america-at-fullstack-4407594186,Agentic AWS DevOps Engineer - Remote - Latin America,FullStack,posted,2026-07-07T12:41:38.313567,167
20f0ada299986fbb,https://hn.linkedin.com/jobs/view/principal-data-engineer-remote-latin-america-at-fullstack-4436437182,Principal Data Engineer - Remote - Latin America,FullStack,posted,2026-07-07T12:41:42.936746,219
36a2cfb92853a815,https://hn.linkedin.com/jobs/view/principal-data-engineer-remote-latin-america-at-fullstack-4436435280,Principal Data Engineer - Remote - Latin America,FullStack,posted,2026-07-07T12:41:47.868075,219
00c9b92bd404ad1c,https://hn.linkedin.com/jobs/view/agentic-aws-devops-engineer-remote-latin-america-at-fullstack-4407585776,Agentic AWS DevOps Engineer - Remote - Latin America,FullStack,posted,2026-07-07T12:41:54.768642,167
15a648e1495073fd,https://hn.linkedin.com/jobs/view/tech-recruiter-remote-work-at-bairesdev-4436840321,Tech Recruiter - Remote Work,BairesDev,posted,2026-07-07T20:34:48.906929,223
808ee915f356f19a,https://hn.linkedin.com/jobs/view/transaction-coordinator-at-cs-outsource-4436831838,Transaction Coordinator,CS Outsource,posted,2026-07-07T20:34:57.313751,225
3b8354b8b7478ad7,https://hn.linkedin.com/jobs/view/bookkeeper-at-cs-outsource-4436004615,Bookkeeper,CS Outsource,posted,2026-07-07T20:35:10.364300,227
f5c10843db89307e,https://hn.linkedin.com/jobs/view/coordinador-de-importaciones-mar%C3%ADtimas-y-terrestres-sps-at-empresa-4437813981,Coordinador de Importaciones Marítimas y terrestres///SPS,empresa,posted,2026-07-07T20:35:22.475282,229
c735a7dadd363b46,https://hn.linkedin.com/jobs/view/ing-industrial-biling%C3%BCe-at-deep-blue-talent-4437832944,Ing. Industrial (bilingüe),Deep Blue Talent,posted,2026-07-07T20:35:36.095225,231
bf66a7e82770d00a,https://hn.linkedin.com/jobs/view/encargado-de-nomina-at-grupo-monge-honduras-4437428979,Encargado de Nomina,Grupo Monge Honduras,posted,2026-07-07T20:35:45.845062,233
7c6017282c33182d,https://hn.linkedin.com/jobs/view/senior-presales-lead-remote-work-at-bairesdev-4436854414,Senior Presales Lead - Remote Work,BairesDev,posted,2026-07-07T20:35:54.667654,235
fd6b31098593be24,https://hn.linkedin.com/jobs/view/maestro-a-sociales-at-ghc-talent-4435368466,Maestro (a) Sociales,GHC Talent,posted,2026-07-07T20:36:06.501569,237
35e55cb635686977,https://hn.linkedin.com/jobs/view/mobility-transport-and-urban-planning-experts-at-ntu-international-a-s-4437138737,"Mobility, Transport and Urban Planning Experts",,scraped,2026-07-07T20:36:09.433504,
b2eca8d4f02aa383,https://hn.linkedin.com/jobs/view/pre-vendedor-1-at-corporaci%C3%B3n-multi-inversiones-4433772772,Pre vendedor 1,,scraped,2026-07-07T20:36:22.927739,
99bfc8846b7ad27b,https://hn.linkedin.com/jobs/view/spanish-interpreter-tegucigalpa-honduras-at-propio-language-services-4433963911,"Spanish Interpreter - Tegucigalpa, Honduras",Propio Language Services,posted,2026-07-07T20:36:39.149789,239
e4658611b2f93753,https://hn.linkedin.com/jobs/view/executive-assistant-us-startup-at-scale-up-recruiting-partners-4435783272,Executive Assistant - US StartUp,Scale Up Recruiting Partners,posted,2026-07-07T20:37:02.600687,241
2e42a70971ebbc41,https://hn.linkedin.com/jobs/view/creador-a-de-contenido-pov-para-ia-remoto-at-toloka-annotators-4437752991,Creador(a) de Contenido POV para IA - Remoto,Toloka Annotators,posted,2026-07-07T20:37:19.439798,243
5825db430df687b3,https://hn.linkedin.com/jobs/view/coordinador-de-mercadeo-at-grupo-uma-honduras-4437827629,Coordinador de Mercadeo,,scraped,2026-07-07T20:37:26.077953,
2f0ad91cce952e4f,https://hn.linkedin.com/jobs/view/freelance-grabaci%C3%B3n-de-tareas-cotidianas-para-proyecto-de-ia-at-toloka-annotators-4437768326,Freelance: grabación de tareas cotidianas para proyecto de IA,Toloka Annotators,posted,2026-07-07T20:37:47.177338,245
d8cbc62f31f9ee9f,https://hn.linkedin.com/jobs/view/creador-a-de-contenido-pov-para-ia-remoto-at-toloka-annotators-4437756856,Creador(a) de Contenido POV para IA - Remoto,Toloka Annotators,posted,2026-07-07T20:37:57.193730,247
28e72003f0f69815,https://hn.linkedin.com/jobs/view/executive-assistant-us-startup-at-scale-up-recruiting-partners-4435778507,Executive Assistant - US StartUp,Scale Up Recruiting Partners,posted,2026-07-07T20:38:05.870289,241
bc9d0ffd8073d07f,https://hn.linkedin.com/jobs/view/creador-a-de-contenido-pov-para-ia-remoto-at-toloka-annotators-4437774053,Creador(a) de Contenido POV para IA - Remoto,Toloka Annotators,posted,2026-07-07T20:38:20.003465,249
39a2b47802f589dc,https://hn.linkedin.com/jobs/view/night-shift-dispatcher-at-charger-logistics-inc-4436910106,Night Shift Dispatcher,,scraped,2026-07-07T20:38:44.625013,
52ceb17acc4f901d,https://hn.linkedin.com/jobs/view/fraud-monitoring-specialist-at-regisro-remote-office-4434565569,Fraud Monitoring Specialist,RegisRO (Remote Office),posted,2026-07-07T20:39:03.011122,251
21bcf5536852bfc9,https://hn.linkedin.com/jobs/view/despachador-de-log%C3%ADstica-terrestre-tardes-at-charger-logistics-inc-4436778238,Despachador de Logística Terrestre - Tardes,,scraped,2026-07-07T20:39:05.700657,
284755c49b800044,https://hn.linkedin.com/jobs/view/strategic-pricing-analyst-remote-work-at-bairesdev-4436847326,Strategic Pricing Analyst - Remote Work,BairesDev,posted,2026-07-07T20:39:20.934473,253
dd4d6f651485b769,https://hn.linkedin.com/jobs/view/devops-i%2Bd-trabajo-remoto-at-bairesdev-4436225555,DevOps / I+D - Trabajo Remoto,BairesDev,posted,2026-07-07T20:39:33.359589,255
4e8fad1bf7032daf,https://hn.linkedin.com/jobs/view/senior-recruiter-remote-work-at-bairesdev-4436838076,Senior Recruiter - Remote Work,BairesDev,posted,2026-07-07T20:39:48.263156,257
0b1767a561d44d4c,https://hn.linkedin.com/jobs/view/lider-de-trade-marketing-at-cargill-4434558977,Lider de Trade Marketing,Cargill,posted,2026-07-07T20:40:03.583195,65
9e0b5eb1967b001c,https://hn.linkedin.com/jobs/view/health-experts-at-ntu-international-a-s-4437180618,Health Experts,,scraped,2026-07-07T20:40:08.236022,
67d00c3da90c7205,https://hn.linkedin.com/jobs/view/education-research-and-innovation-experts-at-ntu-international-a-s-4437189853,"Education, Research and Innovation Experts",,scraped,2026-07-07T20:40:15.767900,
72b48147e5b2b960,https://hn.linkedin.com/jobs/view/data-scientist-python-%2B-ai-remote-work-at-bairesdev-4436830952,Data Scientist (Python + AI) - Remote Work,BairesDev,posted,2026-07-07T20:40:34.321897,259
d51acde5128d3088,https://hn.linkedin.com/jobs/view/application-security-engineer-checkmarx-sast-remote-work-at-bairesdev-4436822421,Application Security Engineer (Checkmarx / SAST) - Remote Work,BairesDev,posted,2026-07-07T20:40:47.178475,261
63cc005ac32f374f,https://hn.linkedin.com/jobs/view/bilingual-over-the-phone-interpreter-english-spanish-honduras-at-sgf-global-4435328934,Bilingual Over-the-Phone Interpreter (English-Spanish) Honduras,SGF Global,posted,2026-07-07T20:41:00.682600,263
5400b17f0daafc70,https://hn.linkedin.com/jobs/view/ingeniero-biomedico-at-nefrocentro-honduras-4437451249,Ingeniero Biomedico,Nefrocentro Honduras,posted,2026-07-07T20:41:16.089198,265
2e21ff4e581a1ee9,https://hn.linkedin.com/jobs/view/sub-gerente-de-tienda-at-la-mundial-4437459870,Sub-Gerente de Tienda,,scraped,2026-07-07T20:41:18.576974,
d13667c12e1f49e8,https://hn.linkedin.com/jobs/view/technical-support-specialist-at-romy-business-matchmaker-4434589011,Technical Support Specialist,ROMY Consulting | Business Matchmaker,posted,2026-07-07T20:41:33.258820,267
6d22220aca9ce778,https://hn.linkedin.com/jobs/view/lider-qhse-honduras-at-brenntag-4437138944,Lider QHSE Honduras,Brenntag,posted,2026-07-07T20:41:53.451029,269
b9522a24d98203e3,https://hn.linkedin.com/jobs/view/m%C3%A9dico-de-empresa-at-corporaci%C3%B3n-multi-inversiones-4433740029,Médico de Empresa,,scraped,2026-07-07T20:41:56.095311,
f5cb9486ff6387a4,https://hn.linkedin.com/jobs/view/coordinador-de-calidad-at-alpla-group-4436792898,COORDINADOR DE CALIDAD,,scraped,2026-07-07T20:42:03.831688,
3d35d56024ca466b,https://hn.linkedin.com/jobs/view/gerente-comercial-bancaseguros-12896-48283-at-grupo-ficohsa-hn-4418978768,GERENTE COMERCIAL BANCASEGUROS (12896)(48283),Grupo Ficohsa HN,posted,2026-07-07T20:42:23.770555,271
16ca3c1aa4813874,https://hn.linkedin.com/jobs/view/community-manager-at-grupo-garnier-4437490046,Community Manager,Grupo Garnier,posted,2026-07-07T20:42:36.614423,273
746268df07ce97df,https://hn.linkedin.com/jobs/view/administrador-de-restaurante-at-finca-las-garzas-4437819774,Administrador de Restaurante,Finca Las Garzas,posted,2026-07-07T20:42:50.716737,275
380d40b59dd40628,https://hn.linkedin.com/jobs/view/customer-success-specialist-accounting-saas-part-time-at-scale-up-recruiting-partners-4435527739,Customer Success Specialist (Accounting SaaS) - Part Time,Scale Up Recruiting Partners,posted,2026-07-07T20:43:09.487388,277
fcbc33b129d446c0,https://hn.linkedin.com/jobs/view/ingeniero-en-negociaciones-at-celaque-4433979482,Ingeniero en Negociaciones,,scraped,2026-07-07T20:43:12.215197,
a13c7c741479d5af,https://hn.linkedin.com/jobs/view/asesor-de-ventas-13050-48474-at-grupo-ficohsa-hn-4418980757,ASESOR DE VENTAS (13050) - 48474,Grupo Ficohsa HN,posted,2026-07-07T20:43:37.608731,279
da9d59583ee5a014,https://hn.linkedin.com/jobs/view/intake-operations-specialist-at-regisro-remote-office-4432399165,Intake Operations Specialist,RegisRO (Remote Office),posted,2026-07-07T20:43:55.688800,281
be5494f266f7a017,https://hn.linkedin.com/jobs/view/gerente-comercial-de-banca-empresarial-at-empresa-confidencial-4435272924,GERENTE COMERCIAL DE BANCA EMPRESARIAL,Empresa Confidencial,posted,2026-07-07T20:44:13.807303,283
f509c310990dcbe6,https://hn.linkedin.com/jobs/view/analista-monitoreo-planes-de-accion-13041-48484-at-grupo-ficohsa-hn-4419100900,ANALISTA MONITOREO PLANES DE ACCION (13041) - 48484,Grupo Ficohsa HN,posted,2026-07-07T20:44:25.629195,285
063db9f3f360c24b,https://hn.linkedin.com/jobs/view/customer-success-specialist-accounting-saas-part-time-at-scale-up-recruiting-partners-4435525820,Customer Success Specialist (Accounting SaaS) - Part Time,Scale Up Recruiting Partners,posted,2026-07-07T20:44:36.565001,277
49a463e51ecfa1eb,https://hn.linkedin.com/jobs/view/analista-de-hiring-journey-trabajo-remoto-at-bairesdev-4436806856,Analista de Hiring Journey - Trabajo Remoto,BairesDev,posted,2026-07-07T20:44:49.268761,287
68c44ade75a4b32c,https://hn.linkedin.com/jobs/view/vendedor-industrial-san-pedro-sula-at-central-de-repuestos-hondure%C3%B1a-centrho-4437809945,Vendedor Industrial - San Pedro Sula,,scraped,2026-07-07T20:44:51.890159,
3380616dc1fd71db,https://hn.linkedin.com/jobs/view/especialista-transformacion-ti-13168-48828-at-grupo-ficohsa-hn-4428319145,ESPECIALISTA TRANSFORMACION TI (13168) - 48828,Grupo Ficohsa HN,posted,2026-07-07T20:45:13.552131,289
31b7a33e27457a9b,https://hn.linkedin.com/jobs/view/virtual-medical-receptionist-medical-administrative-assistant-bilingual-at-staffing-for-doctors-4432793791,Virtual Medical Receptionist / Medical Administrative Assistant (Bilingual),Staffing For Doctors,posted,2026-07-07T20:45:26.013952,291
7865e448bd076a96,https://hn.linkedin.com/jobs/view/axiliar-de-soporte-t%C3%A9cnico-de-nivel-1-at-stefanini-latam-4434604141,Axiliar de Soporte Técnico de Nivel 1,,scraped,2026-07-07T20:45:28.941141,
cffbd61b5f894560,https://hn.linkedin.com/jobs/view/traffic-supervisor-at-lear-corporation-4437864598,Traffic Supervisor,Lear Corporation,posted,2026-07-07T20:45:50.642879,293
f5f59d509be57842,https://hn.linkedin.com/jobs/view/executive-va-legal-industry-at-stellar-staff-4436818649,Executive VA (Legal Industry),Stellar Staff,posted,2026-07-07T20:46:01.044185,295
a3c8492c0b1ceaf0,https://hn.linkedin.com/jobs/view/tracking-coordinator-at-avanza-nearshoring-solutions-4437815207,Tracking Coordinator,Avanza - BPO and Staffing Solutions,posted,2026-07-07T20:46:15.431321,297
3e947905167d1830,https://hn.linkedin.com/jobs/view/permanent-wfh-bilingual-nurse-customer-service-representative-spanish-english-at-amped-outsourcing-4436065456,[Permanent WFH] Bilingual Nurse Customer Service Representative (Spanish & English),,scraped,2026-07-07T20:46:22.188119,
f5ebabc1f996f058,https://hn.linkedin.com/jobs/view/abogado-de-bienes-ra%C3%ADces-at-sba-communications-4416317496,Abogado de Bienes Raíces,SBA Communications,posted,2026-07-07T20:46:41.894774,299
524a39c4b5d66da0,https://hn.linkedin.com/jobs/view/tracking-coordinator-at-avanza-nearshoring-solutions-4437803615,Tracking Coordinator,Avanza - BPO and Staffing Solutions,scraped,2026-07-07T20:46:46.154232,
e93178564023e424,https://hn.linkedin.com/jobs/view/case-manager-%E2%80%93-remote-role-healthcare-coordination-4412588088,Case Manager – Remote Role (Healthcare Coordination),TalentForge Connect,posted,2026-07-07T20:46:56.956659,301
42392d2863af5b84,https://hn.linkedin.com/jobs/view/paid-advertising-strategist-at-power-digital-marketing-4433728093,Paid Advertising Strategist,Power Digital Marketing,posted,2026-07-07T20:47:14.973529,303
e7364d2a7ab8468d,https://hn.linkedin.com/jobs/view/supervisor-de-call-center-at-grupo-farsim%C3%A1n-4435246407,Supervisor de Call Center,,scraped,2026-07-07T20:47:17.700629,
a21671d50b3e81a3,https://hn.linkedin.com/jobs/view/visual-merchandising-at-omr-human-talent-4435001072,Visual Merchandising,OMR HUMAN TALENT,posted,2026-07-07T20:47:33.574649,305
aeb5f962bcc7b5a6,https://hn.linkedin.com/jobs/view/full-stack-developer-react-redux-at-perform-4384082695,Full Stack Developer (React/Redux),Perform,posted,2026-07-07T20:47:43.951229,307
2baa74ad50bfb0aa,https://hn.linkedin.com/jobs/view/gerente-de-agencia-2687-48834-at-grupo-ficohsa-hn-4437730737,GERENTE DE AGENCIA (2687)(48834),Grupo Ficohsa HN,posted,2026-07-07T20:48:05.848763,309
665abf5bea8cf71d,https://hn.linkedin.com/jobs/view/country-team-lead-palladium-honduras-at-palladium-make-it-possible-4418029559,"Country Team Lead, Palladium Honduras",Palladium: Make It Possible,posted,2026-07-07T20:48:19.272955,311
b4de63b02a8124b5,https://hn.linkedin.com/jobs/view/ejecutivo-a-de-canal-tradicional-1-at-cargill-4434580030,Ejecutivo/a de Canal Tradicional 1,Cargill,posted,2026-07-07T20:48:34.348747,313
4e8d1a9436778eb7,https://hn.linkedin.com/jobs/view/ejecutivo-de-servicio-in-situ-at-asegurame-4436779022,Ejecutivo de Servicio- In Situ,,scraped,2026-07-07T20:48:41.069188,
fd93bbd8ead238bc,https://hn.linkedin.com/jobs/view/ejecutivo-de-ventas-servicios-outsourcing-at-global-outsourcing-centroam%C3%A9rica-4437882060,Ejecutivo de Ventas Servicios Outsourcing,,scraped,2026-07-07T20:48:47.320752,
5da6e76c8d0c05cc,https://hn.linkedin.com/jobs/view/vendedor-de-tecnolog%C3%ADa-jetstereo-at-grupo-ilp-4437499006,Vendedor de Tecnología Jetstereo,,scraped,2026-07-07T20:48:58.533472,
563155d1be821e1a,https://hn.linkedin.com/jobs/view/customer-service-advocate-at-resultscx-4436443285,Customer Service Advocate,ResultsCX,posted,2026-07-07T20:49:20.739741,315
66b0ac11dba41f59,https://hn.linkedin.com/jobs/view/ejecutivo-de-negocios-y-servicios-jr-1245-48692-at-grupo-ficohsa-hn-4436782343,EJECUTIVO DE NEGOCIOS Y SERVICIOS JR. (1245)(48692),Grupo Ficohsa HN,posted,2026-07-07T20:49:38.765412,317
d914e551b57d1a51,https://hn.linkedin.com/jobs/view/consultor-a-senior-sap-wms-%E2%80%93-it-business-partner-solution-architect-ingl%C3%A9s-c1-%E2%80%93-remoto-internacional-honduras-at-sapindex-4436789467,Consultor/a Senior SAP WMS – IT Business Partner / Solution Architect - Inglés C1 – Remoto Internacional - Honduras,,scraped,2026-07-07T20:49:43.441511,
0483933243fa6d82,https://hn.linkedin.com/jobs/view/medical-admin-assistant-at-medvirtual-4327694616,Medical Admin Assistant,MedVirtual,posted,2026-07-07T20:50:05.711539,319
a3189ee20c98667b,https://hn.linkedin.com/jobs/view/virtual-assistant-%E2%80%93-phone-customer-support-at-edge-virtual-assistants-4436835868,Virtual Assistant – Phone & Customer Support,Edge Virtual Assistants,posted,2026-07-07T20:50:23.734210,321
86b07b61d6f81e33,https://hn.linkedin.com/jobs/view/supervisor-training-seasonal-at-resultscx-4437883018,"Supervisor, Training - Seasonal",ResultsCX,posted,2026-07-07T20:50:37.888537,323
ce90206c49b65572,https://hn.linkedin.com/jobs/view/gerente-de-cuentas-%E2%80%93-banca-y-servicios-financieros-at-transunion-4395489737,Gerente de Cuentas – Banca y Servicios Financieros,TransUnion,posted,2026-07-07T20:50:52.426715,325
b0fa50b5a555e602,https://hn.linkedin.com/jobs/view/promotor-xpert-san-pedro-sula-at-gomezlee-marketing-4432728687,Promotor Xpert - San Pedro Sula,,scraped,2026-07-07T20:50:59.076272,
343d7889bafb14d8,https://hn.linkedin.com/jobs/view/principal-data-engineer-remote-latin-america-at-fullstack-4436439089,Principal Data Engineer - Remote - Latin America,FullStack,posted,2026-07-07T20:51:09.905200,219
a32ffb7a0b6b003e,https://hn.linkedin.com/jobs/view/principal-data-engineer-remote-latin-america-at-fullstack-4436434260,Principal Data Engineer - Remote - Latin America,FullStack,posted,2026-07-07T20:51:20.033162,219
9d6253f96e54dff3,https://hn.linkedin.com/jobs/view/blhn-ingeniero-de-datos-ii-at-bac-4437811843,BLHN - INGENIERO DE DATOS II,,scraped,2026-07-07T20:51:24.737132,
0acab104cf4c5a7e,https://hn.linkedin.com/jobs/view/cajero-de-apoyo-1305-48974-at-grupo-ficohsa-hn-4435846558,CAJERO DE APOYO (1305)(48974),Grupo Ficohsa HN,posted,2026-07-07T20:51:45.423348,327
2b65c9347382857b,https://hn.linkedin.com/jobs/view/arquitecto-de-planeacion-urbana-12878-48246-at-grupo-ficohsa-hn-4418963865,ARQUITECTO DE PLANEACION URBANA (12878) - 48246,Grupo Ficohsa HN,posted,2026-07-07T20:52:01.387643,329
57b4d4095b7662da,https://hn.linkedin.com/jobs/view/fullstack-developer-senior-python-django-%2B-react-remote-latin-america-at-bluelight-4437868338,"Fullstack Developer (Senior) - Python (Django) + React - Remote, Latin America",Bluelight,posted,2026-07-07T20:52:16.268297,331
b6fa8125b3048e21,https://hn.linkedin.com/jobs/view/jefe-de-arte-y-dise%C3%B1o-at-grupo-ilp-4435346500,Jefe De Arte Y Diseño,,scraped,2026-07-07T20:52:21.027857,
8fe73c0bb9fb3992,https://hn.linkedin.com/jobs/view/analista-inteligencia-negocios-bancaseguros-12900-48285-at-grupo-ficohsa-hn-4418976793,ANALISTA INTELIGENCIA NEGOCIOS BANCASEGUROS (12900)(48285),Grupo Ficohsa HN,posted,2026-07-07T20:52:41.020694,333
edc576536add91d1,https://hn.linkedin.com/jobs/view/qa-automation-engineer-node-js-distributed-systems-at-applaudo-4436137416,QA Automation Engineer (Node.js & Distributed Systems),,scraped,2026-07-07T20:52:51.656628,
2b7581e898ac9bbc,https://hn.linkedin.com/jobs/view/tech-lead-sanity-cms-remote-latin-america-at-fullstack-4427108646,Tech Lead (Sanity CMS) - Remote - Latin America,FullStack,posted,2026-07-07T20:53:03.456738,119
467c22c0f1319268,https://hn.linkedin.com/jobs/view/practicante-universitario-a-villanueva-cortes-at-cargill-4434639396,Practicante Universitario (a) / Villanueva Cortes,Cargill,posted,2026-07-07T20:53:10.644260,111
31144ccf00056641,https://hn.linkedin.com/jobs/view/comprador-de-campo-at-grupo-r-center-4436910683,COMPRADOR DE CAMPO,Grupo R Center,posted,2026-07-08T07:21:09.151013,345
938a4d38c80930f2,https://hn.linkedin.com/jobs/view/granjero-galponero-at-corporaci%C3%B3n-multi-inversiones-4434817380,Granjero/Galponero,,scraped,2026-07-08T07:21:17.840006,
d682c4c9ff203db0,https://hn.linkedin.com/jobs/view/auditor-jr-at-grupo-salinas-honduras-4436725111,Auditor Jr.,Grupo Salinas Honduras,posted,2026-07-08T07:22:09.342425,347
47641bd6b8c3a0e6,https://hn.linkedin.com/jobs/view/amazon-retail-media-strategist-search-ppc-at-power-digital-marketing-4434558595,Amazon & Retail Media Strategist - Search (PPC),Power Digital Marketing,posted,2026-07-08T07:22:40.487830,349
a8ac41e2b971c749,https://hn.linkedin.com/jobs/view/controller-hr-at-millicom-tigo-4438115621,CONTROLLER HR,,scraped,2026-07-08T07:22:43.091601,
c383409e6c67288c,https://hn.linkedin.com/jobs/view/asociada-o-de-adquisiciones-medicamentos-e-insumos-m%C3%A9dicos-at-unops-4433987229,Asociada/o de adquisiciones (Medicamentos e Insumos Médicos),,scraped,2026-07-08T07:22:51.457006,
02f28c8e7997c3aa,https://hn.linkedin.com/jobs/view/tech-lead-sanity-cms-remote-latin-america-at-fullstack-4427094797,Tech Lead (Sanity CMS) - Remote - Latin America,FullStack,posted,2026-07-08T07:23:13.142848,119
6cafda01de0e00cf,https://hn.linkedin.com/jobs/view/offensive-security-engineer-at-applaudo-4437422723,Offensive Security Engineer,,scraped,2026-07-08T07:23:15.871131,
10d34f6cd89d76f2,https://hn.linkedin.com/jobs/view/hn-senior-workforce-executive-at-glowtouch-technologies-4437873459,HN-Senior Workforce Executive,GlowTouch Technologies,posted,2026-07-08T07:23:48.759672,351
48bb0679f1a4ef8a,https://hn.linkedin.com/jobs/view/auxiliar-de-inventario-at-siuma-talent-4437877478,Auxiliar de inventario,Siuma Talent,posted,2026-07-08T07:24:12.192345,353
dd1c215e7f1bc65d,https://hn.linkedin.com/jobs/view/inside-sales-support-at-breakbulk-logistics-international-4436963329,Inside Sales Support,Breakbulk Logistics International,posted,2026-07-08T07:24:30.129058,355
7e6a9982c0786ace,https://hn.linkedin.com/jobs/view/asistente-de-nomina-at-grupo-levanter-honduras-4436855369,Asistente de Nomina,,scraped,2026-07-08T07:24:32.725221,
c941a8004c42dc68,https://hn.linkedin.com/jobs/view/elementary-school-teacher-at-international-school-tegucigalpa-4437884768,Elementary School Teacher,International School Tegucigalpa,posted,2026-07-08T07:24:55.459844,357
1fadf452e8983c69,https://hn.linkedin.com/jobs/view/especialista-en-gesti%C3%B3n-del-talento-at-dinant-4436113474,Especialista en gestión del talento,,scraped,2026-07-08T07:24:58.093360,
903e92c85c0f35f8,https://hn.linkedin.com/jobs/view/logistics-ops-executive-assistant-remote-at-viva-talent-4437816666,Logistics & Ops Executive Assistant (Remote),Viva Talent,posted,2026-07-08T07:25:18.600914,359
c6c5fe3031c6ba07,https://hn.linkedin.com/jobs/view/record-your-daily-routine-get-paid-ai-training-remote-at-toloka-annotators-4437749308,Record Your Daily Routine & Get Paid - AI Training (Remote),Toloka Annotators,posted,2026-07-08T07:25:41.230417,151
f3d477f0c07a0590,https://hn.linkedin.com/jobs/view/junior-recruitment-coordinator-at-avanza-nearshoring-solutions-4437814421,Junior Recruitment Coordinator,Avanza - BPO and Staffing Solutions,posted,2026-07-08T07:26:00.637237,361
3d6440a6a41b5193,https://hn.linkedin.com/jobs/view/sales-representative-at-gbm-4436218691,SALES REPRESENTATIVE,GBM,posted,2026-07-08T07:26:17.464538,363
dd9465835fde93b5,https://hn.linkedin.com/jobs/view/marketing-graphic-designer-ai-saas-startup-at-scale-up-recruiting-partners-4435764992,Marketing Graphic Designer - AI SaaS Startup,Scale Up Recruiting Partners,posted,2026-07-08T07:26:36.477494,365
a2bf29beaf544eab,https://hn.linkedin.com/jobs/view/motorista-ii-villanueva-cort%C3%A9s-at-cargill-4436769152,Motorista II - Villanueva Cortés,Cargill,posted,2026-07-08T07:26:51.213517,367
e44e0bfec62c0453,https://hn.linkedin.com/jobs/view/analista-de-talent-acquisition-trabajo-remoto-at-bairesdev-4436866144,Analista de Talent Acquisition - Trabajo Remoto,BairesDev,posted,2026-07-08T07:27:16.050311,369
1b6d6fc35513ed30,https://hn.linkedin.com/jobs/view/encargado-de-granja-2-at-corporaci%C3%B3n-multi-inversiones-4434803748,Encargado de Granja 2,,scraped,2026-07-08T07:27:22.491623,
5ddf9f7296466388,https://hn.linkedin.com/jobs/view/lider-de-trade-marketing-at-cargill-4434594705,Lider de Trade Marketing,Cargill,posted,2026-07-08T07:27:32.675678,65
1a76db5d3afa019a,https://hn.linkedin.com/jobs/view/tech-lead-sanity-cms-remote-latin-america-at-fullstack-4427096779,Tech Lead (Sanity CMS) - Remote - Latin America,FullStack,posted,2026-07-08T07:27:42.192924,119
29e944091e094506,https://hn.linkedin.com/jobs/view/consultor-de-producto-de-consumo-at-grupo-salinas-honduras-4436726078,Consultor de Producto de Consumo,Grupo Salinas Honduras,posted,2026-07-08T07:27:54.762825,371
cde4ff6b711e71fa,https://hn.linkedin.com/jobs/view/cajero-supervisor-monjaras-choluteca-at-grupo-salinas-honduras-4437894872,"Cajero Supervisor Monjaras, Choluteca",Grupo Salinas Honduras,posted,2026-07-08T07:28:22.823623,373
1e720b55fe4c95c2,https://hn.linkedin.com/jobs/view/ayudante-de-sala-de-ventas-at-corporaci%C3%B3n-multi-inversiones-4434817383,Ayudante de Sala de Ventas,,scraped,2026-07-08T07:28:33.393567,
734311921aa0ccf8,https://hn.linkedin.com/jobs/view/ai-machine-learning-engineer-remote-latin-america-at-fullstack-4371026453,AI Machine Learning Engineer - Remote - Latin America,FullStack,posted,2026-07-08T07:28:47.773429,179
f30a6d418d989fe2,https://hn.linkedin.com/jobs/view/ingeniero-de-seguridad-de-aplicaciones-checkmarx-sast-trabajo-remoto-at-bairesdev-4436852051,Ingeniero de Seguridad de Aplicaciones (Checkmarx / SAST) - Trabajo Remoto,BairesDev,posted,2026-07-08T07:28:58.314755,375
0ee9c81848d8a6a7,https://hn.linkedin.com/jobs/view/tesorero-13186-48760-at-grupo-ficohsa-hn-4426738551,TESORERO (13186) - 48760,Grupo Ficohsa HN,posted,2026-07-08T07:29:18.392837,377
38b97d8c5d54b3f6,https://hn.linkedin.com/jobs/view/temporary-onsite-customer-support-specialist-ll-at-crescendo-4435889688,Temporary Onsite Customer Support Specialist ll,Crescendo,posted,2026-07-08T07:29:33.062695,379
a35c4273c0a15e4f,https://hn.linkedin.com/jobs/view/global-governance-and-security-experts-at-ntu-international-a-s-4437410111,Global Governance and Security Experts,,scraped,2026-07-08T07:29:37.703003,
aa30f9985a98890f,https://hn.linkedin.com/jobs/view/ibex-customer-service-agent-at-ibex-3770850226,Ibex Customer Service Agent,ibex,posted,2026-07-08T07:29:54.684359,381
df333f68dbdb798a,https://hn.linkedin.com/jobs/view/coordinador-soporte-pos-13247-48924-at-grupo-ficohsa-hn-4437488705,COORDINADOR SOPORTE POS (13247) - 48924,Grupo Ficohsa HN,posted,2026-07-08T07:30:20.069176,383
7f7df8d7155a159b,https://hn.linkedin.com/jobs/view/virtual-executive-assistant-remote-at-viva-talent-4437815686,Virtual Executive Assistant (Remote),Viva Talent,posted,2026-07-08T07:30:35.685116,385
7a5cfcb6ee86b23a,https://hn.linkedin.com/jobs/view/gerente-de-mercadeo-y-comercializaci%C3%B3n-at-central-de-talento-creativo-4436873190,Gerente de Mercadeo y Comercialización,Central de Talento creativo,posted,2026-07-08T07:30:49.553320,387
4c8856abe8c78e4b,https://hn.linkedin.com/jobs/view/settlement-specialist-at-rtb-executive-solutions-4437849046,Settlement Specialist,RTB Executive Solutions,posted,2026-07-08T07:31:03.357256,389
4b1d36fd88de4461,https://hn.linkedin.com/jobs/view/analista-de-inteligencia-de-negocios-at-bac-4436408880,Analista de Inteligencia de Negocios,,scraped,2026-07-08T07:31:08.084571,
8bdeb1d4a41885ff,https://hn.linkedin.com/jobs/view/bop-design-engineer-at-booc-backoffice-outsourcing-consulting-4437816687,BOP DESIGN ENGINEER,,scraped,2026-07-08T07:31:14.225154,
74b20a1958bfd311,https://hn.linkedin.com/jobs/view/t2-distribution-coordinator-at-empresa-confidencial-4437810637,T2 DISTRIBUTION COORDINATOR,Empresa Confidencial,posted,2026-07-08T07:31:33.928717,391
44156fb055712d18,https://hn.linkedin.com/jobs/view/office-based-call-center-agent-cort%C3%A9s-honduras-at-srr-group-4436833821,"Office-based_Call Center Agent (Cortés, Honduras)",SRR Group,posted,2026-07-08T07:31:45.102435,393
b91e872ee2bfc50a,https://hn.linkedin.com/jobs/view/ai-engineer-python-remote-work-at-bairesdev-4436800874,AI Engineer (Python) - Remote Work,BairesDev,posted,2026-07-08T07:32:01.326044,395
bbdca2acb9cb63b6,https://hn.linkedin.com/jobs/view/operador-monitoreo-at-safe-security-4434716398,Operador Monitoreo,,scraped,2026-07-08T07:32:05.978575,
081c9f9986ebd8ee,https://hn.linkedin.com/jobs/view/garment-manufacturing-qc-specialist-freelance-ai-trainer-project-at-meridial-marketplace-by-invisible-4362483642,Garment Manufacturing QC Specialist - Freelance AI Trainer Project,"Meridial Marketplace, by Invisible",posted,2026-07-08T07:32:25.096091,397
71fc4178a43f5dc7,https://hn.linkedin.com/jobs/view/entomologist-for-international-humanitarian-missions-at-m%C3%A9dicos-sin-fronteras-latinoam%C3%A9rica-4437720621,Entomologist for International Humanitarian Missions,,scraped,2026-07-08T07:32:28.179216,
72703b183cc78b57,https://hn.linkedin.com/jobs/view/jefe-regional-de-ventas-at-cbc-4433968993,Jefe Regional de Ventas,cbc,posted,2026-07-08T07:32:53.508100,399
7205aceb0a0058a7,https://hn.linkedin.com/jobs/view/asesor-comercial-nacional-at-intermoda-sa-4438104390,Asesor Comercial Nacional,,scraped,2026-07-08T07:32:56.449375,
9c1549840e35e3c2,https://hn.linkedin.com/jobs/view/tecnico-electrico-electr%C3%B3nico-mec%C3%A1nico-at-ipesah-4437883348,Tecnico Electrico | Electrónico | Mecánico,,scraped,2026-07-08T07:33:04.506690,
2dd5f92aed21b7a4,https://hn.linkedin.com/jobs/view/business-partner-de-recursos-humanos-at-empresa-confidencial-4436836318,Business Partner de Recursos Humanos,Empresa Confidencial,posted,2026-07-08T07:33:22.079299,401
55b3157ac78be9d2,https://hn.linkedin.com/jobs/view/vacante-fisioterapeuta-at-aviva-centro-de-longevidad-activa-4437724173,Vacante FISIOTERAPEUTA,AVIVA- Centro de Longevidad Activa,posted,2026-07-08T07:33:37.443273,403
7a346255829e6347,https://hn.linkedin.com/jobs/view/cross-sells-marketing-accounting-manager-virtual-assistant-at-we-clone-you-4434543767,Cross sells / Marketing accounting manager - Virtual Assistant,,scraped,2026-07-08T07:33:40.038739,
31fde90248e13990,https://hn.linkedin.com/jobs/view/ingeniero-civil-de-proyectos-4437487474,Ingeniero civil de proyectos,GRUPO CONTINENTAL,posted,2026-07-08T07:34:09.242864,405
0fa80d23decf1362,https://hn.linkedin.com/jobs/view/agentic-product-designer-remote-latin-america-at-fullstack-4417318881,Agentic Product Designer - Remote - Latin America,FullStack,posted,2026-07-08T07:34:22.381301,165
eb0248fc4a5dd2d7,https://hn.linkedin.com/jobs/view/plant-supervisor-senior-electrician-at-scatec-asa-4436766432,Plant Supervisor/Senior Electrician,,scraped,2026-07-08T07:34:28.726102,
ac0705355e7cd310,https://hn.linkedin.com/jobs/view/agentic-product-designer-remote-latin-america-at-fullstack-4417320833,Agentic Product Designer - Remote - Latin America,FullStack,posted,2026-07-08T07:34:39.963080,165
331b79f13976ff8c,https://hn.linkedin.com/jobs/view/sr-ai-ml-engineer-at-perform-4398647189,Sr. AI/ML Engineer,Perform,posted,2026-07-08T07:34:54.256215,407
bb1359b1177d7ec4,https://hn.linkedin.com/jobs/view/associate-trainer-seasonal-at-resultscx-4437457487,Associate Trainer - Seasonal,ResultsCX,posted,2026-07-08T07:35:07.839638,409
2c75ec49fb14f833,https://hn.linkedin.com/jobs/view/agentic-elixir-engineer-remote-latin-america-at-fullstack-4388203393,Agentic Elixir Engineer - Remote - Latin America,FullStack,posted,2026-07-08T07:35:18.714917,173
73b4741d5528c43a,https://hn.linkedin.com/jobs/view/practicante-universitario-a-villanueva-cortes-at-cargill-4426385005,Practicante Universitario (a) - Villanueva Cortes,Cargill,posted,2026-07-08T07:35:24.545528,111
c2ca1d9569f79533,https://hn.linkedin.com/jobs/view/practicante-universitario-a-villanueva-cortes-1-at-cargill-4432711296,Practicante Universitario (a) / Villanueva Cortes 1,Cargill,posted,2026-07-08T07:35:36.394463,411
3a0a1270eac500ea,https://hn.linkedin.com/jobs/view/principal-data-engineer-remote-latin-america-at-fullstack-4436434259,Principal Data Engineer - Remote - Latin America,FullStack,posted,2026-07-08T07:35:43.519173,219
641d5817e0739b27,https://hn.linkedin.com/jobs/view/agentic-elixir-engineer-remote-latin-america-at-fullstack-4388206274,Agentic Elixir Engineer - Remote - Latin America,FullStack,posted,2026-07-08T07:35:48.589411,173
6d924df435487819,https://hn.linkedin.com/jobs/view/agentic-elixir-engineer-remote-latin-america-at-fullstack-4388203387,Agentic Elixir Engineer - Remote - Latin America,FullStack,posted,2026-07-08T07:35:53.969528,173
1a146feee2c769c6,https://hn.linkedin.com/jobs/view/senior-qa-automation-engineer-playwright-mobile-at-applaudo-4436156482,Senior QA Automation Engineer (Playwright & Mobile),,scraped,2026-07-08T07:35:56.492123,
9a8d48c3c91f0474,https://hn.linkedin.com/jobs/view/executive-headhunter-remote-work-at-bairesdev-4437041720,Executive Headhunter - Remote Work,BairesDev,posted,2026-07-08T15:57:11.607465,413
14cfda0f786466a2,https://hn.linkedin.com/jobs/view/jr-sourcing-specialist-at-cargill-4429548752,Jr. Sourcing Specialist,Cargill,posted,2026-07-08T15:57:27.441972,415
afea2692eb86f906,https://hn.linkedin.com/jobs/view/granjero-galponero-at-corporaci%C3%B3n-multi-inversiones-4434806702,Granjero/Galponero,,scraped,2026-07-08T15:57:38.116844,
fdcf283c73a20e11,https://hn.linkedin.com/jobs/view/auxiliares-de-limpieza-san-pedro-sula-san-marcos-ocotepeque-pe%C3%B1a-blanca-at-grupo-macdel-4438133262,"AUXILIARES DE LIMPIEZA (SAN PEDRO SULA, SAN MARCOS OCOTEPEQUE, PEÑA BLANCA)",,scraped,2026-07-08T15:57:53.651534,
ec6ae33b1b836eed,https://hn.linkedin.com/jobs/view/business-development-representative-at-north-american-transport-services-honduras-4437816769,Business Development Representative,,scraped,2026-07-08T15:58:04.841046,
e96162cfb0030fa0,https://hn.linkedin.com/jobs/view/demand-planning-analyst-at-elevo-hr-4438233771,Demand Planning Analyst,Elevo HR,posted,2026-07-08T15:58:20.700877,417
e1e5611ef69070ff,https://hn.linkedin.com/jobs/view/customer-service-lead-intake-agent-at-work-ninjas-4438227914,Customer Service & Lead Intake Agent,,scraped,2026-07-08T15:58:31.278796,
355f50750aeba2d8,https://hn.linkedin.com/jobs/view/oficial-de-proyecto-en-promoci%C3%B3n-comunitaria-at-catholic-relief-services-4434553729,Oficial de Proyecto en Promoción Comunitaria,Catholic Relief Services,posted,2026-07-08T15:59:09.286617,419
08c82b52cce98871,https://hn.linkedin.com/jobs/view/oficial-de-compliance-honduras-at-fundaci%C3%B3n-ayuda-en-acci%C3%B3n-4436536218,Oficial de Compliance - Honduras,,scraped,2026-07-08T15:59:12.200851,
30e41395301221f5,https://hn.linkedin.com/jobs/view/agente-de-viajes-at-agencia-de-viajes-bonlo-travel-4438241626,Agente de viajes,Agencia de Viajes BONLO Travel,posted,2026-07-08T15:59:29.774728,421
dab09b8cc2e61944,https://hn.linkedin.com/jobs/view/analista-de-compras-at-empresa-confidencial-4438220850,Analista de Compras,Empresa Confidencial,posted,2026-07-08T15:59:45.030812,423
62f73ff30363bb9a,https://hn.linkedin.com/jobs/view/creador-a-de-contenido-pov-para-ia-remoto-at-toloka-annotators-4437767564,Creador(a) de Contenido POV para IA - Remoto,Toloka Annotators,posted,2026-07-08T15:59:54.100040,425
26049b18d0c48ae9,https://hn.linkedin.com/jobs/view/creador-a-de-contenido-pov-para-ia-remoto-at-toloka-annotators-4437758792,Creador(a) de Contenido POV para IA - Remoto,Toloka Annotators,posted,2026-07-08T16:00:05.772638,427
982add605112d11f,https://hn.linkedin.com/jobs/view/logistics-coordinator-at-quadrivius-honduras-4434849588,Logistics Coordinator,Quadrivius Honduras,posted,2026-07-08T16:00:17.004426,429
69fa4aea641e70d3,https://hn.linkedin.com/jobs/view/asistente-de-almac%C3%A9n-at-empresa-confidencial-4435838514,Asistente de Almacén,Empresa Confidencial,posted,2026-07-08T16:00:34.190903,431
4883bba92b843baf,https://hn.linkedin.com/jobs/view/jefe-de-taller-at-grupo-platino-4433990272,Jefe de taller,,scraped,2026-07-08T16:00:36.607344,
048a96af9f216952,https://hn.linkedin.com/jobs/view/executive-assistant-at-workbetternow-4433527022,Executive Assistant,WorkBetterNow,posted,2026-07-08T16:00:49.488924,433
6990865bed533ee9,https://hn.linkedin.com/jobs/view/entregador-a-de-productos-villanueva-cortes-at-cargill-4413331088,Entregador (a) de Productos - Villanueva Cortes,Cargill,posted,2026-07-08T16:00:58.850202,435
ea3fdc16b25177a5,https://hn.linkedin.com/jobs/view/product-security-engineer-remote-work-at-bairesdev-4437073123,Product Security Engineer - Remote Work,BairesDev,posted,2026-07-08T16:01:26.079658,437
f8cec883b89ecf4a,https://hn.linkedin.com/jobs/view/analista-operaciones-12959-48570-at-grupo-ficohsa-hn-4419557064,ANALISTA OPERACIONES (12959) - 48570,Grupo Ficohsa HN,posted,2026-07-08T16:01:51.111551,439
7b11a13e7043aec0,https://hn.linkedin.com/jobs/view/administrative-assistant-hn-at-core-code-io-4437040858,Administrative Assistant HN,Core Code io,posted,2026-07-08T16:02:02.899431,441
1c5ac229aeaa8a5a,https://hn.linkedin.com/jobs/view/granjero-galponero-at-corporaci%C3%B3n-multi-inversiones-4434806701,Granjero/Galponero,,scraped,2026-07-08T16:02:09.560468,
62075c944a5511ab,https://hn.linkedin.com/jobs/view/elementary-school-teacher-at-play-based-projects-4436497803,Elementary School Teacher,Play Based Projects,posted,2026-07-08T16:02:22.710768,357
840a02dae49bd28b,https://hn.linkedin.com/jobs/view/agentic-elixir-engineer-remote-latin-america-at-fullstack-4388200537,Agentic Elixir Engineer - Remote - Latin America,FullStack,posted,2026-07-08T16:02:43.872512,173
ce1c5adb25a0be0a,https://hn.linkedin.com/jobs/view/dental-assistant-4437801791,Dental Assistant,LegalTech C.F.,posted,2026-07-08T16:02:53.547452,443
882d51b23bb38068,https://hn.linkedin.com/jobs/view/especialista-de-transformacion-10058-49004-at-grupo-ficohsa-hn-4438113331,ESPECIALISTA DE TRANSFORMACION (10058) - 49004,Grupo Ficohsa HN,posted,2026-07-08T16:03:14.954444,445
f546f94d846cb2cc,https://hn.linkedin.com/jobs/view/analista-de-cr%C3%A9ditos-banca-empresarial-pyme-at-banco-cuscatlan-honduras-4436797066,Analista de Créditos Banca Empresarial/Pyme,,scraped,2026-07-08T16:03:29.799317,
c5d8eeb41952a7b9,https://hn.linkedin.com/jobs/view/it-quality-assurance-tegucigalpa-at-movitext-4438240539,IT QUALITY ASSURANCE (TEGUCIGALPA),Movitext,posted,2026-07-08T16:04:15.154965,447
e454510fb39d7767,https://hn.linkedin.com/jobs/view/lider-inteligencia-de-negocio-bancaseguros-12899-48284-at-grupo-ficohsa-hn-4418982722,LIDER INTELIGENCIA DE NEGOCIO BANCASEGUROS (12899)(48284),Grupo Ficohsa HN,posted,2026-07-08T16:04:28.073355,449
60938d8f0700cbc2,https://hn.linkedin.com/jobs/view/especialista-de-plataforma-bancaseguros-y-business-intelligence-bi-at-grupo-ficohsa-hn-4435266156,Especialista de Plataforma Bancaseguros y Business Intelligence (BI),Grupo Ficohsa HN,posted,2026-07-08T16:04:51.988612,451
a5521d3b7cd5ba21,https://hn.linkedin.com/jobs/view/onboarding-project-manager-latam-at-cloudbeds-4419528312,Onboarding Project Manager - LATAM,Cloudbeds,posted,2026-07-08T16:05:03.987476,453
995b92d45307e254,https://hn.linkedin.com/jobs/view/logistics-ops-executive-assistant-remote-at-viva-talent-4438257269,Logistics & Ops Executive Assistant (Remote),Viva Talent,posted,2026-07-08T16:05:31.484147,359
4229633bdf57c5d2,https://hn.linkedin.com/jobs/view/we-re-hiring-virtual-assistants-in-honduras-career-growth-starts-here-at-elevate-teams-4404877127,We're Hiring Virtual Assistants in Honduras | Career Growth Starts Here,Elevate Teams,posted,2026-07-08T16:05:44.376114,455
7c56b9bee815a0df,https://hn.linkedin.com/jobs/view/cocinero-at-grupo-iesa-4438254207,Cocinero,,scraped,2026-07-08T16:05:57.010695,
1cc6b89b9e35e4b8,https://hn.linkedin.com/jobs/view/asesor-de-ventas-13052-48502-at-grupo-ficohsa-hn-4418967857,ASESOR DE VENTAS (13052) - 48502,Grupo Ficohsa HN,posted,2026-07-08T16:06:16.273172,457
9302e8a90beeb2cf,https://hn.linkedin.com/jobs/view/analista-hiperautomatizacion-de-procesos-9819-48351-at-grupo-ficohsa-hn-4418965888,ANALISTA HIPERAUTOMATIZACION DE PROCESOS (9819) - 48351,Grupo Ficohsa HN,posted,2026-07-08T16:06:34.001735,459
89d06d1d03e66cd6,https://hn.linkedin.com/jobs/view/analista-finanzas-y-activos-fijos-13185-48759-at-grupo-ficohsa-hn-4426773792,ANALISTA FINANZAS Y ACTIVOS FIJOS (13185) - 48759,Grupo Ficohsa HN,posted,2026-07-08T16:06:53.300456,461
348f1a71611d75bb,https://hn.linkedin.com/jobs/view/service-delivery-leader-at-applaudo-4437410767,Service Delivery Leader,,scraped,2026-07-08T16:06:59.948431,
ddf98c1427ef983b,https://hn.linkedin.com/jobs/view/practicante-universitario-a-san-pedro-sula-at-cargill-4436758803,Practicante Universitario (a) / San Pedro Sula,Cargill,posted,2026-07-08T16:07:10.721921,215
d22072626fd70b54,https://hn.linkedin.com/jobs/view/backend-developer-node-js-at-applaudo-4436136892,Backend Developer (Node.js),,scraped,2026-07-08T16:07:13.327147,
26f8854d34c3a7bb,https://hn.linkedin.com/jobs/view/asesor-de-ventas-13053-48503-at-grupo-ficohsa-hn-4418978765,ASESOR DE VENTAS (13053) - 48503,Grupo Ficohsa HN,posted,2026-07-08T16:07:31.376460,463
0e74f629c8b29efe,https://hn.linkedin.com/jobs/view/practicante-universitario-a-san-pedro-sula-at-cargill-4437824756,Practicante Universitario (a) - San Pedro Sula,Cargill,posted,2026-07-08T16:07:38.528275,215
f4453bb7ed4f14e6,https://hn.linkedin.com/jobs/view/senior-azure-cloud-engineer-at-applaudo-4438239925,Senior Azure Cloud Engineer,,scraped,2026-07-08T16:07:41.176070,
12272d9c54ffed8f,https://hn.linkedin.com/jobs/view/senior-azure-cloud-engineer-at-applaudo-4438255244,Senior Azure Cloud Engineer,,scraped,2026-07-08T16:07:56.108642,
d1dcf4aea55edade,https://hn.linkedin.com/jobs/view/agentic-elixir-engineer-remote-latin-america-at-fullstack-4388208105,Agentic Elixir Engineer - Remote - Latin America,FullStack,posted,2026-07-08T16:08:05.192398,173
d52ba8bd10ca56cd,https://hn.linkedin.com/jobs/view/senior-qa-automation-engineer-playwright-mobile-at-applaudo-4436158496,Senior QA Automation Engineer (Playwright & Mobile),,scraped,2026-07-08T16:08:07.837967,
51f5ef362b39aaf4,https://hn.linkedin.com/jobs/view/construction-estimator-at-relay-human-cloud-4438273462,Construction Estimator,Relay Human Cloud,posted,2026-07-08T20:44:36.085778,465
a8303f027e059351,https://hn.linkedin.com/jobs/view/jefe-de-mercadeo-at-grupo-q-4437123627,Jefe de Mercadeo,,scraped,2026-07-08T20:44:58.784946,
a6d84e6ecb296be1,https://hn.linkedin.com/jobs/view/freelance-grabaci%C3%B3n-de-tareas-cotidianas-para-proyecto-de-ia-at-toloka-annotators-4437761608,Freelance: grabación de tareas cotidianas para proyecto de IA,Toloka Annotators,posted,2026-07-08T20:45:14.209031,467
58bc79c3c6f0af73,https://hn.linkedin.com/jobs/view/office-based-call-center-agent-francisco-moraz%C3%A1n-honduras-at-srr-group-4436834799,"Office-based_Call Center Agent (Francisco Morazán, Honduras)",SRR Group,posted,2026-07-08T20:45:27.474387,469
3879c73b8a806e44,https://hn.linkedin.com/jobs/view/bilingual-medical-assistant-at-entrepreneur-cooperative-4436157287,Bilingual Medical Assistant,Entrepreneur Cooperative,posted,2026-07-08T20:45:37.079469,471
e0d90c1696fb5297,https://hn.linkedin.com/jobs/view/freelance-grabaci%C3%B3n-de-tareas-cotidianas-para-proyecto-de-ia-at-toloka-annotators-4437757713,Freelance: grabación de tareas cotidianas para proyecto de IA,Toloka Annotators,posted,2026-07-08T20:45:56.625975,473
98b0bd4f5113c406,https://hn.linkedin.com/jobs/view/it-specialist-hn-at-horatio-4438173611,IT Specialist (HN),Horatio,posted,2026-07-08T20:46:08.563293,475
b23bd6576c3af757,https://hn.linkedin.com/jobs/view/virtual-executive-assistant-remote-at-viva-talent-4438256307,Virtual Executive Assistant (Remote),Viva Talent,posted,2026-07-08T20:46:16.156195,385
1485e40ef317f271,https://hn.linkedin.com/jobs/view/administrative-assistant-hnd-at-core-code-io-4437042748,Administrative Assistant HND,Core Code io,posted,2026-07-08T20:46:26.061930,477
af833583a8cd8644,https://hn.linkedin.com/jobs/view/impulsadoras-at-grupo-r-center-4436924182,IMPULSADORAS,Grupo R Center,posted,2026-07-08T20:46:38.191517,479
9fb49b0797fe88e1,https://hn.linkedin.com/jobs/view/gerente-de-cr%C3%A9ditos-corporativo-at-grupo-flores-honduras-4434874503,Gerente de créditos corporativo,,scraped,2026-07-08T20:46:40.943279,
ac2de4c909797923,https://hn.linkedin.com/jobs/view/gerente-regional-de-tesoreria-at-empresa-confidencial-4437065381,GERENTE REGIONAL DE TESORERIA,Empresa Confidencial,posted,2026-07-08T20:47:02.489411,481
8cfdd6d6db15db7a,https://hn.linkedin.com/jobs/view/deputy-project-manager-at-unops-4433131042,Deputy Project Manager,,scraped,2026-07-08T20:47:11.201682,
d4867b40f0904942,https://hn.linkedin.com/jobs/view/sales-bdr-b2b-at-teamswell-4437442202,Sales BDR (B2B),Teamswell,posted,2026-07-08T20:47:25.200155,483
d99d487d12519e74,https://hn.linkedin.com/jobs/view/coordinador-de-proyectos-at-millicom-tigo-4438271924,COORDINADOR DE PROYECTOS,,scraped,2026-07-08T20:47:29.843184,
0eb3d4878c4e6ef7,https://hn.linkedin.com/jobs/view/jefe-de-tienda-la-ceiba-atl%C3%A1ntida-at-grupo-monge-4436319758,"Jefe de Tienda La Ceiba, Atlántida",Grupo Monge.,posted,2026-07-08T20:47:43.436889,485
fb480048fa40f1d3,https://hn.linkedin.com/jobs/view/tecnico-at-distribuciones-emec-4436109421,Tecnico,Distribuciones Emec,posted,2026-07-08T20:47:55.856201,487
864c88ce688dcf30,https://hn.linkedin.com/jobs/view/client-relations-at-impact-bpo-4435442914,Client Relations,,scraped,2026-07-08T20:48:00.508407,
7cc46e2b4d2284d8,https://hn.linkedin.com/jobs/view/data-modeler-erwin-mdm-remote-work-ref%23297482-at-bairesdev-4438257815,Data Modeler (Erwin / MDM) - Remote Work | REF#297482,BairesDev,posted,2026-07-08T20:48:14.313058,489
c29f5cc73437093e,https://hn.linkedin.com/jobs/view/talent-acquisition-analyst-remote-work-at-bairesdev-4436860327,Talent Acquisition Analyst - Remote Work,BairesDev,posted,2026-07-08T20:48:32.995068,491
14bd3e759a44a14e,https://hn.linkedin.com/jobs/view/corporate-travel-and-mobility-agent-remote-work-at-bairesdev-4437090064,Corporate Travel and Mobility Agent - Remote Work,BairesDev,posted,2026-07-08T20:48:44.004294,493
52f623e5728b35f3,https://hn.linkedin.com/jobs/view/salesforce-system-administrator-remote-work-ref%23297584-at-bairesdev-4438275124,Salesforce System Administrator - Remote Work | REF#297584,BairesDev,posted,2026-07-08T20:48:52.708014,495
556cf1e41b15504d,https://hn.linkedin.com/jobs/view/google-ads-manager-at-huzzle-com-4436187892,Google Ads Manager,,scraped,2026-07-08T20:48:57.428951,
1e5ff8bc53555b64,https://hn.linkedin.com/jobs/view/asesor-financiero-at-grupo-salinas-honduras-4438214088,Asesor Financiero,Grupo Salinas Honduras,posted,2026-07-08T20:49:17.604690,497
7f429114f0ea7243,https://hn.linkedin.com/jobs/view/tecnico-electricista-de-montaje-at-grupo-r-center-4438131314,TECNICO ELECTRICISTA DE MONTAJE,Grupo R Center,posted,2026-07-08T20:49:33.887543,499
ed0eab646e7db749,https://hn.linkedin.com/jobs/view/solution-architect-remote-work-ref%23297680-at-bairesdev-4438256914,Solution Architect - Remote Work | REF#297680,BairesDev,posted,2026-07-08T20:49:46.368218,501
fb2c66c0bdffb47c,https://hn.linkedin.com/jobs/view/customer-service-representative-at-charger-logistics-inc-4436760973,Customer Service Representative,,scraped,2026-07-08T20:49:48.997713,
97403677bc25b1ff,https://hn.linkedin.com/jobs/view/data-scientist-python-%2B-ai-remote-work-ref%23297187-at-bairesdev-4438272123,Data Scientist (Python + AI) - Remote Work | REF#297187,BairesDev,posted,2026-07-08T20:50:01.946253,503
6acc9048bada4090,https://hn.linkedin.com/jobs/view/logistics-coordinator-at-avanza-nearshoring-solutions-4437800783,Logistics Coordinator,Avanza - BPO and Staffing Solutions,posted,2026-07-08T20:50:06.877679,429
c07f547ef4291b4a,https://hn.linkedin.com/jobs/view/search-engineer-ai-remote-work-ref%23297420-at-bairesdev-4438270300,Search Engineer (AI) - Remote Work | REF#297420,BairesDev,posted,2026-07-08T20:50:15.473552,505
4092f38900e6f887,https://hn.linkedin.com/jobs/view/golang-%2B-python-developer-remote-work-ref%23297646-at-bairesdev-4438255852,Golang + Python Developer - Remote Work | REF#297646,BairesDev,posted,2026-07-08T20:50:28.531035,507
49241aaaad325713,https://hn.linkedin.com/jobs/view/machine-learning-engineer-remote-work-at-bairesdev-4436845990,Machine Learning Engineer - Remote Work,BairesDev,posted,2026-07-08T20:50:37.181060,509
603a02bc8dd737e2,https://hn.linkedin.com/jobs/view/machine-learning-engineer-remote-work-at-bairesdev-4436857336,Machine Learning Engineer - Remote Work,BairesDev,scraped,2026-07-08T20:50:41.318941,
ec11bbb3ec21151f,https://hn.linkedin.com/jobs/view/internal-developer-platform-engineer-remote-work-ref%23297464-at-bairesdev-4438263539,Internal Developer Platform Engineer - Remote Work | REF#297464,BairesDev,posted,2026-07-08T20:50:51.424380,511
d0b47b244c77e408,https://hn.linkedin.com/jobs/view/mobile-engineer-ai-remote-work-at-bairesdev-4436854608,Mobile Engineer (AI)  - Remote Work,BairesDev,posted,2026-07-08T20:50:59.852555,513
320b39ee73a2e9b8,https://hn.linkedin.com/jobs/view/ingeniero-sast-trabajo-remoto-ref%23296019-at-bairesdev-4432464808,Ingeniero SAST - Trabajo Remoto | REF#296019,BairesDev,posted,2026-07-08T20:51:11.917774,515
315b623e713afb29,https://hn.linkedin.com/jobs/view/support-services-intern-at-unops-4434882630,Support Services Intern,,scraped,2026-07-08T20:51:22.638764,
4070aad426022177,https://hn.linkedin.com/jobs/view/analista-soporte-a-la-produccion-12972-48346-at-grupo-ficohsa-hn-4418980758,ANALISTA SOPORTE A LA PRODUCCION (12972) - 48346,Grupo Ficohsa HN,posted,2026-07-08T20:51:39.331671,517
cb10c6962e60d497,https://hn.linkedin.com/jobs/view/director-nacional-de-operaciones-at-safe-security-4437895539,Director Nacional de Operaciones,,scraped,2026-07-08T20:51:43.963383,
1f6ca913ea671703,https://hn.linkedin.com/jobs/view/customer-service-representative-at-resultscx-4437084303,Customer Service Representative,ResultsCX,posted,2026-07-08T20:51:57.385351,519
11a8fc5a12a8eb73,https://hn.linkedin.com/jobs/view/oficial-jr-de-pagos-2130-48406-at-grupo-ficohsa-hn-4418980764,OFICIAL JR. DE PAGOS (2130) - 48406,Grupo Ficohsa HN,posted,2026-07-08T20:52:11.839042,521
919cc70022da8d55,https://hn.linkedin.com/jobs/view/representante-del-servicio-de-atenci%C3%B3n-al-cliente-biling%C3%BCe-at-peopleblue-4436855637,Representante del Servicio de Atención al Cliente Bilingüe,,scraped,2026-07-08T20:52:14.421959,
a29feed5222863c8,https://hn.linkedin.com/jobs/view/french-bilingual-customer-service-specialist-at-talentpop-app-4434880565,French Bilingual Customer Service Specialist,TalentPop App,posted,2026-07-08T20:52:28.740603,523
a9695a2c50dfe321,https://hn.linkedin.com/jobs/view/senior-security-scrum-master-remote-work-at-bairesdev-4437306292,Senior Security Scrum Master - Remote Work,BairesDev,posted,2026-07-08T20:52:43.264608,525
70215435d42c2d25,https://hn.linkedin.com/jobs/view/vendedor-jr-at-nestl%C3%A9-4438163210,Vendedor Jr.,Nestlé,posted,2026-07-08T20:52:54.324802,527
98d609b7cd324fa0,https://hn.linkedin.com/jobs/view/ejecutivo-a-de-canal-tradicional-1-at-cargill-4434568679,Ejecutivo/a de Canal Tradicional 1,Cargill,posted,2026-07-08T20:52:59.150685,313
3d856f394ac91549,https://hn.linkedin.com/jobs/view/oficial-de-da%C3%B1os-at-inversiones-gemca-s-de-r-l-4438264609,Oficial de Daños,Inversiones Gemca S. DE R.L.,posted,2026-07-08T20:53:19.881770,529
8d34a65d66b46f52,https://hn.linkedin.com/jobs/view/machine-learning-engineer-python-remote-work-at-bairesdev-4436847750,Machine Learning Engineer (Python) - Remote Work,BairesDev,posted,2026-07-08T20:53:32.272282,531
f9ee32acd57cfb73,https://hn.linkedin.com/jobs/view/senior-grc-consultant-at-scale-up-recruiting-partners-4436523780,Senior GRC Consultant,Scale Up Recruiting Partners,posted,2026-07-08T20:53:46.596642,533
cbbf0fd5d1b01bab,https://hn.linkedin.com/jobs/view/spanish-bilingual-customer-service-specialist-at-talentpop-app-4434887474,Spanish Bilingual Customer Service Specialist,TalentPop App,posted,2026-07-08T20:53:57.593710,535
75f123c12dbfe77a,https://hn.linkedin.com/jobs/view/spanish-bilingual-customer-service-specialist-at-talentpop-app-4434870776,Spanish Bilingual Customer Service Specialist,TalentPop App,scraped,2026-07-08T20:54:01.853086,
33cf1de4c6865c39,https://hn.linkedin.com/jobs/view/spanish-bilingual-customer-service-specialist-at-talentpop-app-4434887318,Spanish Bilingual Customer Service Specialist,TalentPop App,scraped,2026-07-08T20:54:06.063792,
4edbcaff5cfb8bfb,https://hn.linkedin.com/jobs/view/especialista-producto-bancaseguros-12897-48303-at-grupo-ficohsa-hn-4418977785,ESPECIALISTA PRODUCTO BANCASEGUROS (12897)(48303),Grupo Ficohsa HN,posted,2026-07-08T20:54:17.426775,537
48b2688a67bf387f,https://hn.linkedin.com/jobs/view/executive-english-tutor-tegucigalpa-at-grupo-lafise-4437878183,Executive English Tutor / Tegucigalpa,Grupo LAFISE,posted,2026-07-08T20:54:26.332494,539
c44b3ae7fc974339,https://hn.linkedin.com/jobs/view/ejecutivo-de-cuentas-en-agencia-digital-at-bys-consultora-4434886540,Ejecutivo de Cuentas en Agencia Digital,,scraped,2026-07-08T20:54:29.018820,
b7668a69e06f10a7,https://hn.linkedin.com/jobs/view/inclusive-and-sustainable-economic-integration-experts-at-ntu-international-a-s-4436722866,Inclusive and Sustainable Economic Integration Experts,,scraped,2026-07-08T20:54:39.754144,
b5b57f166d2d5ef0,https://hn.linkedin.com/jobs/view/quality-assurance-analyst-at-intouchcx-4437004043,Quality Assurance Analyst,,scraped,2026-07-08T20:54:49.217916,
d1b8ea3c9a410394,https://hn.linkedin.com/jobs/view/asesor-comercial-de-publicidad-exterior-e-interior-at-wow-media-4438236913,Asesor Comercial de Publicidad Exterior e Interior,,scraped,2026-07-08T20:55:00.157828,
5382f8fb96765bc8,https://hn.linkedin.com/jobs/view/spanish-bilingual-customer-service-specialist-at-talentpop-app-4434880568,Spanish Bilingual Customer Service Specialist,TalentPop App,posted,2026-07-08T20:55:11.810191,535
ff962a9e8ee1b57f,https://hn.linkedin.com/jobs/view/spanish-bilingual-customer-service-specialist-at-talentpop-app-4434886413,Spanish Bilingual Customer Service Specialist,TalentPop App,scraped,2026-07-08T20:55:16.014601,
c412871c75cfb890,https://hn.linkedin.com/jobs/view/spanish-bilingual-customer-service-specialist-at-talentpop-app-4434871707,Spanish Bilingual Customer Service Specialist,TalentPop App,scraped,2026-07-08T20:55:20.119278,
f40e16462c8c15c2,https://hn.linkedin.com/jobs/view/spanish-bilingual-customer-service-specialist-at-talentpop-app-4434881426,Spanish Bilingual Customer Service Specialist,TalentPop App,scraped,2026-07-08T20:55:24.546802,
b99a49c486f51d7d,https://hn.linkedin.com/jobs/view/spanish-bilingual-customer-service-specialist-at-talentpop-app-4434879456,Spanish Bilingual Customer Service Specialist,TalentPop App,scraped,2026-07-08T20:55:28.827095,
d5247e36eb8189c2,https://hn.linkedin.com/jobs/view/french-bilingual-customer-service-specialist-at-talentpop-app-4434882481,French Bilingual Customer Service Specialist,TalentPop App,posted,2026-07-08T20:55:34.286880,523
d7a534f3bf01e6cc,https://hn.linkedin.com/jobs/view/french-bilingual-customer-service-specialist-at-talentpop-app-4434889386,French Bilingual Customer Service Specialist,TalentPop App,posted,2026-07-08T20:55:39.133259,523
22ccb3c4a9c507ae,https://hn.linkedin.com/jobs/view/instructor-de-idioma-ingles-en-san-pedro-sula-at-academia-europea-4438262452,Instructor de idioma ingles en SAN PEDRO SULA,Academia Europea,posted,2026-07-08T20:55:49.678463,541
d5975b6d7f79cc94,https://hn.linkedin.com/jobs/view/unpaid-internship-hn-at-core-code-io-4437058023,Unpaid Internship HN,Core Code io,posted,2026-07-08T20:56:03.029619,543
488ba2b5be0200e5,https://hn.linkedin.com/jobs/view/mec%C3%A1nico-mensajero-at-catholic-relief-services-4434588553,Mecánico/Mensajero,Catholic Relief Services,posted,2026-07-08T20:56:11.585621,545
bb4dd0c87128c972,https://hn.linkedin.com/jobs/view/oficial-sr-de-riesgos-2526-48401-at-grupo-ficohsa-hn-4418978767,OFICIAL SR. DE RIESGOS (2526) - 48401,Grupo Ficohsa HN,posted,2026-07-08T20:56:22.699338,547
72cdb33c97977c62,https://hn.linkedin.com/jobs/view/c%23-developer-remote-work-ref%23297305-at-bairesdev-4438277021,C# Developer - Remote Work | REF#297305,BairesDev,posted,2026-07-08T20:56:35.049437,549
9555dee528919774,https://hn.linkedin.com/jobs/view/career-framework-specialist-remote-work-at-bairesdev-4437069867,Career Framework Specialist - Remote Work,BairesDev,posted,2026-07-08T20:56:47.689962,551
c56a669be3fe0709,https://hn.linkedin.com/jobs/view/sales-executive-for-campus-live-remote-work-at-bairesdev-4436801616,Sales Executive for Campus Live - Remote Work,BairesDev,posted,2026-07-08T20:56:58.137728,553
150b02ee1412739a,https://hn.linkedin.com/jobs/view/senior-technical-program-manager-remote-work-at-bairesdev-4437302406,Senior Technical Program Manager - Remote Work,BairesDev,posted,2026-07-08T20:57:16.284284,555
9aedfc0690480294,https://hn.linkedin.com/jobs/view/backend-engineer-php-remote-work-ref%23297317-at-bairesdev-4438265440,Backend Engineer (PHP) - Remote Work | REF#297317,BairesDev,posted,2026-07-08T20:57:24.643147,557
cb6632493f8b095f,https://hn.linkedin.com/jobs/view/software-engineer-dbt-en-ref%23297115-at-bairesdev-4438271131,Software Engineer (dbt) - EN | REF#297115,BairesDev,posted,2026-07-08T20:57:33.425552,559
acf1ac911787ed6c,https://hn.linkedin.com/jobs/view/senior-ux-designer-remote-work-ref%23297042-at-bairesdev-4438273127,Senior UX Designer - Remote Work | REF#297042,BairesDev,posted,2026-07-08T20:57:46.149347,561
7933e843fdf2cb40,https://hn.linkedin.com/jobs/view/qa-automation-and-data-quality-engineer-remote-work-ref%23297694-at-bairesdev-4438271165,QA Automation and Data Quality Engineer - Remote Work | REF#297694,BairesDev,posted,2026-07-08T20:57:56.674106,563
4636a99813e6ff7c,https://hn.linkedin.com/jobs/view/senior-nlp-engineer-remote-work-ref%23297377-at-bairesdev-4438266343,Senior NLP Engineer - Remote Work | REF#297377,BairesDev,posted,2026-07-08T20:58:18.950837,565
411f2e1de23a33aa,https://hn.linkedin.com/jobs/view/fullstack-developer-senior-python-django-%2B-react-remote-latin-america-at-bluelight-4437854837,"Fullstack Developer (Senior) - Python (Django) + React - Remote, Latin America",Bluelight,posted,2026-07-08T20:58:31.995601,331
31a79cfb15862b09,https://hn.linkedin.com/jobs/view/ai-machine-learning-engineer-remote-latin-america-at-fullstack-4371023486,AI Machine Learning Engineer - Remote - Latin America,FullStack,posted,2026-07-08T20:58:37.406173,179
1353208504d4cf95,https://hn.linkedin.com/jobs/view/agentic-product-designer-remote-latin-america-at-fullstack-4417334624,Agentic Product Designer - Remote - Latin America,FullStack,posted,2026-07-08T20:58:44.376258,165
c06753ba4f7fd457,https://hn.linkedin.com/jobs/view/ai-machine-learning-engineer-remote-latin-america-at-fullstack-4371026445,AI Machine Learning Engineer - Remote - Latin America,FullStack,posted,2026-07-08T20:58:49.377319,179
b3187b1aaa19e7ab,https://hn.linkedin.com/jobs/view/backend-developer-node-js-at-applaudo-4436142799,Backend Developer (Node.js),,scraped,2026-07-08T20:58:52.001700,
cd092426c598349b,https://hn.linkedin.com/jobs/view/ai-machine-learning-engineer-remote-latin-america-at-fullstack-4371012941,AI Machine Learning Engineer - Remote - Latin America,FullStack,posted,2026-07-08T20:59:01.025019,179
6bc0d03be189ff70,https://hn.linkedin.com/jobs/view/databricks-engineer-remote-work-ref%23297096-at-bairesdev-4438256874,Databricks Engineer - Remote Work | REF#297096,BairesDev,posted,2026-07-08T20:59:09.429029,567
3d248cb43bce883a,https://hn.linkedin.com/jobs/view/senior-software-qa-engineer-presencial-at-ginih-4436371612,Senior Software QA Engineer (Presencial),,scraped,2026-07-08T20:59:12.094307,
76925393618ad12d,https://hn.linkedin.com/jobs/view/ayudante-de-reparto-at-corporaci%C3%B3n-multi-inversiones-4434802741,Ayudante de Reparto,,scraped,2026-07-09T10:35:33.223727,
417cab201fdd2770,https://hn.linkedin.com/jobs/view/asistente-administrativa-at-grupo-r-center-4438550795,ASISTENTE ADMINISTRATIVA,Grupo R Center,posted,2026-07-09T10:35:52.915584,569
76710e51c5d0354b,https://hn.linkedin.com/jobs/view/ayudante-de-reparto-at-corporaci%C3%B3n-multi-inversiones-4434868710,Ayudante de Reparto,,scraped,2026-07-09T10:36:11.283264,
a46cc0d00b47fd39,https://hn.linkedin.com/jobs/view/operario-terminal-at-brenntag-4436902238,Operario Terminal,Brenntag,posted,2026-07-09T10:36:36.854767,571
b2ba03436c8bf6a3,https://hn.linkedin.com/jobs/view/sales-support-at-jde-cargo-4438250674,Sales Support,,scraped,2026-07-09T10:37:03.497755,
8b268ee4ace01072,https://hn.linkedin.com/jobs/view/encargado-a-de-auditor%C3%ADa-externa-honduras-tegucigalpa-san-pedro-sula-at-deloitte-4438263684,Encargado(a) de Auditoría Externa - Honduras Tegucigalpa/San Pedro Sula,Deloitte,posted,2026-07-09T10:37:18.763112,573
4fc094fb0f28ce44,https://hn.linkedin.com/jobs/view/information-technology-support-technician-at-grupo-levanter-honduras-4435601258,Information Technology Support Technician,,scraped,2026-07-09T10:37:27.338804,
b8fe705307710b4c,https://hn.linkedin.com/jobs/view/ejecutivo-segmentos-banca-de-personas-at-banco-atl%C3%A1ntida-4438517871,EJECUTIVO SEGMENTOS BANCA DE PERSONAS,,scraped,2026-07-09T10:37:33.786973,
8aedcc86d03faebe,https://hn.linkedin.com/jobs/view/analista-fiscal-administrativo-at-ifx-networks-4438533639,Analista Fiscal Administrativo,,scraped,2026-07-09T10:37:52.453274,
957c562eeada20cf,https://hn.linkedin.com/jobs/view/bilingual-intake-specialist-latin-america-only-at-sussman-law-firm-pllc-4438586633,Bilingual Intake Specialist (Latin America Only),"Sussman Law Firm, PLLC",posted,2026-07-09T10:38:12.186025,575
f41483a664074c40,https://hn.linkedin.com/jobs/view/t%C3%A9cnico-nivel-i-redes-at-its-4407536778,Técnico Nivel I-Redes,,scraped,2026-07-09T10:38:16.884661,
53264ff653af352e,https://hn.linkedin.com/jobs/view/asistente-contable-honduras-at-talentothsv-4437125102,Asistente contable (Honduras),TalentoTHsv,posted,2026-07-09T10:38:37.055839,577
85bd98ccbf1092e8,https://hn.linkedin.com/jobs/view/analista-de-informaci%C3%B3n-comercial-at-televicentro-y-emisoras-unidas-4438520617,Analista de Información Comercial,,scraped,2026-07-09T10:38:45.661982,
efa6877e4cfb696a,https://hn.linkedin.com/jobs/view/salesforce-life-sciences-consultant-remote-work-ref%23297450-at-bairesdev-4438260840,Salesforce Life Sciences Consultant - Remote Work | REF#297450,BairesDev,posted,2026-07-09T10:39:01.727792,579
1eac5d859bcc13f9,https://hn.linkedin.com/jobs/view/analista-de-inventarios-el-progreso-yoro-at-tempolider-bogota-sas-4436907988,Analista de Inventarios - El Progreso Yoro,,scraped,2026-07-09T10:39:40.587233,
2736ee03a8969b77,https://hn.linkedin.com/jobs/view/atenci%C3%B3n-al-cliente-en-ruta-sps-at-tempolider-bogota-sas-4436914505,Atención al cliente en Ruta - SPS,,scraped,2026-07-09T10:39:58.817758,
b0bbe4fc2a7b9cbe,https://hn.linkedin.com/jobs/view/agentic-product-designer-remote-latin-america-at-fullstack-4417323803,Agentic Product Designer - Remote - Latin America,FullStack,posted,2026-07-09T10:40:07.600606,165
1c4829cd181247c3,https://hn.linkedin.com/jobs/view/critical-raw-materials-experts-at-ntu-international-a-s-4437130012,Critical Raw Materials Experts,,scraped,2026-07-09T10:40:20.226106,
e1a03bac98abc988,https://hn.linkedin.com/jobs/view/recruiter-seasonal-at-resultscx-4438131482,Recruiter - Seasonal,ResultsCX,posted,2026-07-09T10:40:32.908686,581
51bddfc0fb13f4bc,https://hn.linkedin.com/jobs/view/quality-assurance-analyst-at-intouchcx-4436894490,Quality Assurance Analyst,,scraped,2026-07-09T10:40:35.559494,
55ece44e6f5a66e4,https://hn.linkedin.com/jobs/view/lider-gestion-comercial-13298-49034-at-grupo-ficohsa-hn-4438541298,LIDER GESTION COMERCIAL (13298) - 49034,Grupo Ficohsa HN,posted,2026-07-09T10:40:50.631775,583
5a80064ca55924af,https://hn.linkedin.com/jobs/view/ejecutivo-sr-de-negocios-fideicomiso-1982-48352-at-grupo-ficohsa-hn-4418970835,EJECUTIVO SR. DE NEGOCIOS FIDEICOMISO (1982) - 48352,Grupo Ficohsa HN,posted,2026-07-09T10:41:11.443977,585
e915a1311bbc1d14,https://hn.linkedin.com/jobs/view/asistente-de-averias-at-inversiones-globales-s-a-de-c-v-4435450847,ASISTENTE DE AVERIAS,Inversiones Globales S.A de C.V,posted,2026-07-09T10:41:23.648749,587
d483280f9406bc85,https://hn.linkedin.com/jobs/view/encargado-de-marca-de-networking-a-b2b-y-distribuci%C3%B3n-4437096889,Encargado de Marca de Networking a B2B y Distribución,Random Industrial,posted,2026-07-09T10:41:32.789690,589
9d1b8a74127131a7,https://hn.linkedin.com/jobs/view/sales-business-development-manager-legal-services-at-vermasoft-4437859633,Sales Business Development Manager | Legal Services,VermaSoft,posted,2026-07-09T10:41:42.652080,591
2445e831cab91cdb,https://hn.linkedin.com/jobs/view/jefe-de-experiencia-del-cliente-at-grupo-flores-honduras-4434889538,Jefe de experiencia del cliente,,scraped,2026-07-09T10:41:59.383786,
c16844b0bc113d28,https://hn.linkedin.com/jobs/view/representante-visitador-m%C3%A9dico-at-exeltis-cenam-4433968283,Representante visitador médico,,scraped,2026-07-09T10:42:06.353133,
607f8da51167fd05,https://hn.linkedin.com/jobs/view/sql-developer-remote-work-ref%23297362-at-bairesdev-4438256892,SQL Developer - Remote Work | REF#297362,BairesDev,posted,2026-07-09T10:42:22.191875,593
157c7c8dc0fe625b,https://hn.linkedin.com/jobs/view/contador-junior-at-colocaci%C3%B3n-de-empleo-mg-4438509021,Contador Junior,Colocación de Empleo MG,posted,2026-07-09T10:42:35.084437,595
0cce21e2146bac83,https://hn.linkedin.com/jobs/view/vendedor-a-independiente-viam%C3%A1s-%E2%80%93-honduras-remoto-100%25-comisi%C3%B3n-at-viam%C3%A1s-travel-platform-swiss-made-4438255461,"Vendedor/a Independiente VIAMÁS – Honduras (Remoto, 100% Comisión)",VIAMÁS Travel Platform - Swiss Made,posted,2026-07-09T10:43:03.524699,597
4cb3a53e20a2ded0,https://hn.linkedin.com/jobs/view/t%C3%A9cnico-electromec%C3%A1nico-temporal-at-corporaci%C3%B3n-multi-inversiones-4438108443,Técnico electromecánico (Temporal),,scraped,2026-07-09T10:43:14.168489,
7a0bb0a8fadce9d2,https://hn.linkedin.com/jobs/view/full-stack-engineer-react-%2B-kotlin-remote-latin-america-at-fullstack-4438511866,Full Stack Engineer (React + Kotlin) - Remote - Latin America,FullStack,posted,2026-07-09T10:43:36.787142,599
7bc83a945c6efa63,https://hn.linkedin.com/jobs/view/devops-engineer-aws-remote-work-ref%23297439-at-bairesdev-4438274147,DevOps Engineer (AWS) - Remote Work | REF#297439,BairesDev,posted,2026-07-09T10:43:48.930857,601
96ed0c32a34b376d,https://hn.linkedin.com/jobs/view/avionics-electronics-aircraft-mechanic-ii-at-amentum-4438514068,Avionics/Electronics Aircraft Mechanic II,Amentum,posted,2026-07-09T10:43:59.922633,603
0d3888871655284b,https://hn.linkedin.com/jobs/view/spanish-bilingual-customer-service-specialist-at-talentpop-app-4434871782,Spanish Bilingual Customer Service Specialist,TalentPop App,posted,2026-07-09T10:44:16.727992,535
0d866d9b4625fa01,https://hn.linkedin.com/jobs/view/spanish-bilingual-customer-service-specialist-at-talentpop-app-4434872725,Spanish Bilingual Customer Service Specialist,TalentPop App,scraped,2026-07-09T10:44:20.811474,
70f70616f0489a2a,https://hn.linkedin.com/jobs/view/spanish-bilingual-customer-service-specialist-at-talentpop-app-4434871589,Spanish Bilingual Customer Service Specialist,TalentPop App,scraped,2026-07-09T10:44:25.058056,
a3c4b9472e7ea4bd,https://hn.linkedin.com/jobs/view/spanish-bilingual-customer-service-specialist-at-talentpop-app-4434884375,Spanish Bilingual Customer Service Specialist,TalentPop App,scraped,2026-07-09T10:44:29.251554,
7ccdc554ec0c70f2,https://hn.linkedin.com/jobs/view/spanish-bilingual-customer-service-specialist-at-talentpop-app-4434869847,Spanish Bilingual Customer Service Specialist,TalentPop App,scraped,2026-07-09T10:44:33.343771,
27352e8ac53da1da,https://hn.linkedin.com/jobs/view/spanish-bilingual-customer-service-specialist-at-talentpop-app-4434885447,Spanish Bilingual Customer Service Specialist,TalentPop App,scraped,2026-07-09T10:44:37.681799,
d76d096410eb7d4f,https://hn.linkedin.com/jobs/view/spanish-bilingual-customer-service-specialist-at-talentpop-app-4434890211,Spanish Bilingual Customer Service Specialist,TalentPop App,scraped,2026-07-09T10:44:41.970879,
8bb26aef3956de0d,https://hn.linkedin.com/jobs/view/spanish-bilingual-customer-service-specialist-at-talentpop-app-4434888337,Spanish Bilingual Customer Service Specialist,TalentPop App,posted,2026-07-09T10:44:46.724587,535
de432f99515a173d,https://hn.linkedin.com/jobs/view/spanish-bilingual-customer-service-specialist-at-talentpop-app-4434880545,Spanish Bilingual Customer Service Specialist,TalentPop App,scraped,2026-07-09T10:44:50.790884,
50900fe14e13446f,https://hn.linkedin.com/jobs/view/spanish-bilingual-customer-service-specialist-at-talentpop-app-4434880409,Spanish Bilingual Customer Service Specialist,TalentPop App,scraped,2026-07-09T10:44:59.022402,
49aa04691d3819bf,https://hn.linkedin.com/jobs/view/spanish-bilingual-customer-service-specialist-at-talentpop-app-4434877476,Spanish Bilingual Customer Service Specialist,TalentPop App,scraped,2026-07-09T10:45:03.205882,
2f555937ad83c017,https://hn.linkedin.com/jobs/view/spanish-bilingual-customer-service-specialist-at-talentpop-app-4434874804,Spanish Bilingual Customer Service Specialist,TalentPop App,scraped,2026-07-09T10:45:09.388481,
f4110775f212fc91,https://hn.linkedin.com/jobs/view/spanish-bilingual-customer-service-specialist-at-talentpop-app-4434876568,Spanish Bilingual Customer Service Specialist,TalentPop App,scraped,2026-07-09T10:45:13.521944,
953b6d72e459f73c,https://hn.linkedin.com/jobs/view/spanish-bilingual-customer-service-specialist-at-talentpop-app-4434888228,Spanish Bilingual Customer Service Specialist,TalentPop App,scraped,2026-07-09T10:45:17.754674,
e67759f813b7e05c,https://hn.linkedin.com/jobs/view/handy-man-at-bay-island-petroleum-s-a-4438503715,Handy Man,,scraped,2026-07-09T18:36:38.828506,
ec7587d85634e4f4,https://hn.linkedin.com/jobs/view/community-manager-at-tempolider-bogota-sas-4438549803,Community Manager,,scraped,2026-07-09T18:36:47.262929,
b2c2879240849a94,https://hn.linkedin.com/jobs/view/vendedor-institucional-jr-at-prumisa-4438134225,Vendedor institucional Jr,,scraped,2026-07-09T18:37:17.505972,
2f636573a717cc17,https://hn.linkedin.com/jobs/view/verificador-de-calidad-at-corporaci%C3%B3n-multi-inversiones-4434894544,Verificador de Calidad,,scraped,2026-07-09T18:37:26.180884,
783c7bec543a365e,https://hn.linkedin.com/jobs/view/auxiliar-de-reparto-dep%C3%B3sito-at-corporaci%C3%B3n-multi-inversiones-4435611067,Auxiliar de Reparto Depósito,,scraped,2026-07-09T18:37:47.651036,
89beea59b63f7011,https://hn.linkedin.com/jobs/view/administrative-assistant-hn-2-at-core-code-io-4437057024,Administrative Assistant HN 2,Core Code io,posted,2026-07-09T18:38:25.553777,605
bdff91c8fe38319f,https://hn.linkedin.com/jobs/view/coordinador-de-importaciones-mar%C3%ADtimas-y-terrestres-sps-at-empresa-4438642982,Coordinador de Importaciones Marítimas y terrestres-SPS,empresa,posted,2026-07-09T18:38:42.928112,607
65d8b127976f57e0,https://hn.linkedin.com/jobs/view/coordinador-compensaci%C3%B3n-y-beneficios-at-universidad-tecnol%C3%B3gica-centroamericana-4438685212,COORDINADOR COMPENSACIÓN Y BENEFICIOS,Universidad Tecnológica Centroamericana,posted,2026-07-09T18:39:02.723364,609
1397f9e614b27c45,https://hn.linkedin.com/jobs/view/brand-designer-b2b-saas-at-scale-up-recruiting-partners-4435764992,Brand Designer (B2B SaaS),Scale Up Recruiting Partners,posted,2026-07-09T18:39:16.526977,611
a1e99d48492f556c,https://hn.linkedin.com/jobs/view/coordinador-de-operaciones-y-servicios-at-cbc-4435689914,Coordinador de Operaciones y Servicios,cbc,posted,2026-07-09T18:39:28.406092,143
180707238465b034,https://hn.linkedin.com/jobs/view/brand-designer-b2b-saas-at-scale-up-recruiting-partners-4435765992,Brand Designer (B2B SaaS),Scale Up Recruiting Partners,posted,2026-07-09T18:39:37.723989,611
c7dc1f2ae88249a0,https://hn.linkedin.com/jobs/view/consultor-junior-de-negocios-at-spc-internacional-4436920337,Consultor Junior de Negocios,,scraped,2026-07-09T18:39:48.336939,
0953755cf1b4cb73,https://hn.linkedin.com/jobs/view/record-your-daily-routine-get-paid-ai-training-remote-at-toloka-annotators-4437736789,Record Your Daily Routine & Get Paid - AI Training (Remote),Toloka Annotators,posted,2026-07-09T18:40:10.123535,151
f86388277ae149a1,https://hn.linkedin.com/jobs/view/dise%C3%B1ador-grafico-jr-ux-ui-at-deloitte-4438665734,Diseñador grafico Jr - UX/UI,Deloitte,posted,2026-07-09T18:41:02.113262,613
eb459bc880f91e52,https://hn.linkedin.com/jobs/view/especialista-en-crm-y-experiencia-del-cliente-at-solbox-usa-corp-4438688499,Especialista en CRM y Experiencia del Cliente,SOLBOX USA CORP,posted,2026-07-09T18:41:20.733540,615
ff9e433e4f22c0cc,https://hn.linkedin.com/jobs/view/analista-de-seguridad-de-aplicaciones-code-review-trabajo-remoto-ref%23296119-at-bairesdev-4432454910,Analista de Seguridad de Aplicaciones (Code Review) - Trabajo Remoto | REF#296119,BairesDev,posted,2026-07-09T18:41:41.770530,617
517f2abac883780e,https://hn.linkedin.com/jobs/view/data-engineer-remote-latin-america-at-fullstack-4430137179,Data Engineer - Remote - Latin America,FullStack,posted,2026-07-09T18:42:07.043121,619
746c5df471a7bcdd,https://hn.linkedin.com/jobs/view/data-quality-engineer-remote-work-ref%23297208-at-bairesdev-4438261587,Data Quality Engineer - Remote Work | REF#297208,BairesDev,posted,2026-07-09T18:42:30.766097,621
7616a4f20f9f1f01,https://hn.linkedin.com/jobs/view/office-based-call-center-agent-atl%C3%A1ntida-honduras-at-srr-group-4436855492,"Office-based_Call Center Agent (Atlántida,Honduras)",SRR Group,posted,2026-07-09T18:42:57.563904,623
5bae63ab8828cfb8,https://hn.linkedin.com/jobs/view/ejecutivo-modelos-anal%C3%ADticos-at-davivienda-honduras-4438253889,Ejecutivo Modelos Analíticos,,scraped,2026-07-09T18:43:00.164879,
357e90f6e553d8e8,https://hn.linkedin.com/jobs/view/analista-seguridad-de-la-informacion-13217-48929-at-grupo-ficohsa-hn-4438533727,ANALISTA SEGURIDAD DE LA INFORMACION (13217) - 48929,Grupo Ficohsa HN,posted,2026-07-09T18:43:27.013531,625
fb33ac4bf4caa3ae,https://hn.linkedin.com/jobs/view/post-productor-at-televicentro-y-emisoras-unidas-4438653964,Post Productor,,scraped,2026-07-09T18:43:29.783418,
3402146e964c8d1a,https://hn.linkedin.com/jobs/view/cajero-para-la-lima-at-grupo-ficohsa-hn-4437595228,Cajero para La Lima,Grupo Ficohsa HN,posted,2026-07-09T18:44:01.863708,627
09af7ea26fcd6a62,https://hn.linkedin.com/jobs/view/senior-site-reliability-engineer-sre-remote-work-at-bairesdev-4437533346,Senior Site Reliability Engineer (SRE) - Remote Work,BairesDev,posted,2026-07-09T18:44:19.157036,629
66c45809df32ade0,https://hn.linkedin.com/jobs/view/java-%2B-python-developer-remote-work-ref%23297636-at-bairesdev-4438263551,Java + Python Developer - Remote Work | REF#297636,BairesDev,posted,2026-07-09T18:44:40.524856,631
7637bf7be5fed9b4,https://hn.linkedin.com/jobs/view/full-stack-developer-rails-remote-work-ref%23297334-at-bairesdev-4438277030,Full Stack Developer (Rails) - Remote Work | REF#297334,BairesDev,posted,2026-07-09T18:44:57.519366,633
5c0b6e1d2d9681a7,https://hn.linkedin.com/jobs/view/front-office-specialist-at-impact-bpo-4438507635,Front Office Specialist,,scraped,2026-07-09T18:45:06.161842,
5da573fff9808c11,https://hn.linkedin.com/jobs/view/edecan-1992-48831-at-grupo-ficohsa-hn-4430188860,EDECAN (1992) - 48831,Grupo Ficohsa HN,posted,2026-07-09T18:45:27.365429,635
4f17bc800bebbff4,https://hn.linkedin.com/jobs/view/jefe-de-operaciones-at-laboratorio-cl%C3%ADnico-fiallos-4438670908,Jefe de operaciones,,scraped,2026-07-09T18:45:30.000689,
a5f22c9eacd21b69,https://hn.linkedin.com/jobs/view/logistics-manager-%E2%80%93-in-country-log-at-catholic-relief-services-4427826221,Logistics Manager – In-Country Log.,Catholic Relief Services,posted,2026-07-09T18:45:58.369498,637
e8b3ffae70ea40fa,https://hn.linkedin.com/jobs/view/analista-contable-at-vitapro-s-a-4438282558,ANALISTA CONTABLE,Vitapro S.A.,posted,2026-07-09T18:46:22.347081,639
235a9ccbc217ec04,https://hn.linkedin.com/jobs/view/analista-de-informaci%C3%B3n-comercial-at-televicentro-y-emisoras-unidas-4438523981,Analista de Información Comercial,,scraped,2026-07-09T18:46:27.006007,
72027187647219f3,https://hn.linkedin.com/jobs/view/quality-assurance-analyst-at-unifycx-4438513403,Quality Assurance Analyst,UnifyCX,posted,2026-07-09T18:46:50.453509,641
5a58476d42bdb21b,https://hn.linkedin.com/jobs/view/spanish-bilingual-customer-service-specialist-at-talentpop-app-4434871592,Spanish Bilingual Customer Service Specialist,TalentPop App,posted,2026-07-09T18:47:04.434522,535
5dec8019629c8b45,https://hn.linkedin.com/jobs/view/spanish-bilingual-customer-service-specialist-at-talentpop-app-4434891132,Spanish Bilingual Customer Service Specialist,TalentPop App,scraped,2026-07-09T18:47:08.609640,
059c39bd60d49681,https://hn.linkedin.com/jobs/view/senior-content-marketing-manager-at-scale-army-careers-4437332032,Senior Content Marketing Manager,Scale Army Careers,posted,2026-07-09T18:47:19.980852,643
e65213bf7ec7d804,https://hn.linkedin.com/jobs/view/asesor-comercial-at-rentokil-terminix-4437592317,Asesor comercial,Rentokil Terminix,posted,2026-07-09T18:47:39.592667,645
50965423ada49c81,https://hn.linkedin.com/jobs/view/ingeniero-residente-at-grupo-w-4436922252,INGENIERO RESIDENTE,,scraped,2026-07-09T18:47:44.032182,
cdbd5c36e9eca28c,https://hn.linkedin.com/jobs/view/ventas-de-proyecto-at-monterroso-mi-ferreter%C3%ADa-4399404713,Ventas de proyecto,Monterroso Mi Ferretería,posted,2026-07-09T18:48:04.997703,647
b6d6ac2a64b2ce9d,https://hn.linkedin.com/jobs/view/jefe-de-noc-telecomunicaciones-at-tek-com-4437805715,JEFE DE NOC TELECOMUNICACIONES,TEK-COM,posted,2026-07-09T18:48:23.282099,649
392ebb75c25886ac,https://hn.linkedin.com/jobs/view/ejecutivo-de-ventas-at-pangea-logistics-4437564807,Ejecutivo de Ventas,,scraped,2026-07-09T18:48:29.871470,
1ac36cda33cb92ca,https://hn.linkedin.com/jobs/view/jr-sourcing-specialist-at-cargill-4434570623,Jr. Sourcing Specialist,Cargill,posted,2026-07-09T18:48:48.076681,415
f4fda1145b554d79,https://hn.linkedin.com/jobs/view/ingeniero-de-seguridad-de-aplicaciones-checkmarx-sast-trabajo-remoto-at-bairesdev-4436835661,Ingeniero de Seguridad de Aplicaciones (Checkmarx / SAST) - Trabajo Remoto,BairesDev,posted,2026-07-09T18:49:09.130323,375
c1148462b9b29b7b,https://hn.linkedin.com/jobs/view/especialista-de-transformacion-10058-49004-at-grupo-ficohsa-hn-4436863290,ESPECIALISTA DE TRANSFORMACION (10058) - 49004,Grupo Ficohsa HN,posted,2026-07-09T18:49:23.675010,445
597a0e1935b86f06,https://hn.linkedin.com/jobs/view/senior-data-engineer-2-remote-work-ref%23297232-at-bairesdev-4438265454,Senior Data Engineer 2 - Remote Work | REF#297232,BairesDev,posted,2026-07-09T18:49:40.074049,651
9fbf94b41e67945b,https://hn.linkedin.com/jobs/view/senior-security-data-scientist-python-remote-work-at-bairesdev-4437521038,Senior Security Data Scientist (Python) - Remote Work,BairesDev,posted,2026-07-09T18:49:51.470322,653
1fffc54e1a8becf0,https://hn.linkedin.com/jobs/view/french-bilingual-customer-service-specialist-at-talentpop-app-4434886485,French Bilingual Customer Service Specialist,TalentPop App,posted,2026-07-09T18:50:01.142401,523
acdab3b297d5941f,https://hn.linkedin.com/jobs/view/java-cloud-platform-engineer-remote-work-ref%23297276-at-bairesdev-4438263534,Java Cloud Platform Engineer - Remote Work | REF#297276,BairesDev,posted,2026-07-09T18:50:13.150154,655
ad30fe963a7f6eab,https://hn.linkedin.com/jobs/view/oficial-sr-de-desarrollo-2424-48459-at-grupo-ficohsa-hn-4419985697,OFICIAL SR. DE DESARROLLO (2424) - 48459,Grupo Ficohsa HN,posted,2026-07-09T18:50:27.275023,657
1fcde9efbad85411,https://hn.linkedin.com/jobs/view/data-engineer-remote-latin-america-at-fullstack-4430150036,Data Engineer - Remote - Latin America,FullStack,posted,2026-07-09T18:50:42.775649,619
c5fd9fc147fafb70,https://hn.linkedin.com/jobs/view/fastapi-developer-remote-work-ref%23297295-at-bairesdev-4438265460,FastAPI Developer - Remote Work | REF#297295,BairesDev,posted,2026-07-09T18:51:07.328598,659
6ca3f451e658e517,https://hn.linkedin.com/jobs/view/senior-azure-cloud-engineer-at-applaudo-4438260063,Senior Azure Cloud Engineer,,scraped,2026-07-09T18:51:12.064866,
8028632299c9dc8d,https://hn.linkedin.com/jobs/view/full-stack-developer-java-%2B-kotlin-%2B-react-remote-latin-america-at-fullstack-4438670530,Full Stack Developer (Java + Kotlin + React) - Remote - Latin America,FullStack,posted,2026-07-09T18:51:29.934982,661
77f23b72d470d14b,https://hn.linkedin.com/jobs/view/practicante-universitario-a-villanueva-cortes-at-cargill-4430494709,Practicante Universitario (a) / Villanueva Cortes,Cargill,posted,2026-07-09T18:51:35.772449,111
af9f8bc9f8adce88,https://hn.linkedin.com/jobs/view/appsec-engineer-remote-work-ref%23297502-at-bairesdev-4438277038,AppSec Engineer - Remote Work | REF#297502,BairesDev,posted,2026-07-09T18:51:46.469027,663
51e402aa4b49f9d8,https://hn.linkedin.com/jobs/view/sast-engineer-remote-work-ref%23295986-at-bairesdev-4432466751,SAST Engineer - Remote Work | REF#295986,BairesDev,posted,2026-07-09T18:51:59.373614,665
bd5ce1cd77214f4e,https://hn.linkedin.com/jobs/view/full-stack-developer-java-%2B-kotlin-%2B-react-remote-latin-america-at-fullstack-4438667628,Full Stack Developer (Java + Kotlin + React) - Remote - Latin America,FullStack,posted,2026-07-09T18:52:04.846894,661
d290dd71ec136c5c,https://hn.linkedin.com/jobs/view/practicante-universitario-a-villanueva-cort%C3%A9s-at-cargill-4429972709,Practicante Universitario (a) - Villanueva - Cortés,Cargill,posted,2026-07-09T18:52:16.332801,667
bbe767ed9b010c08,https://hn.linkedin.com/jobs/view/agent-cctv-at-charger-logistics-inc-4438808358,Agent CCTV,,scraped,2026-07-09T23:57:27.572699,
1cc76e35c8a8a06d,https://hn.linkedin.com/jobs/view/account-manager-at-altiajobs-4438824371,Account Manager,,scraped,2026-07-09T23:57:43.972359,
24c2fcc1bb72531e,https://hn.linkedin.com/jobs/view/collections-representative-at-the-a-career-4438847696,Collections Representative,The A Career,posted,2026-07-09T23:58:03.733133,669
02ec497176cde5be,https://hn.linkedin.com/jobs/view/paid-media-ops-specialist-at-zipdev-4438844213,Paid Media Ops Specialist,Zipdev,posted,2026-07-09T23:58:17.142500,671
8bae51c6bdb319ee,https://hn.linkedin.com/jobs/view/analista-de-inventarios-el-progreso-yoro-at-tempolider-bogota-sas-4438558410,"Analista de Inventarios-El Progreso, Yoro",,scraped,2026-07-09T23:58:23.755222,
b9c9fc4d34c1039c,https://hn.linkedin.com/jobs/view/project-manager-pm-at-banco-de-occidente-honduras-4438160259,Project Manager (PM),,scraped,2026-07-09T23:58:31.991704,
5dd6c73ecad68bc7,https://hn.linkedin.com/jobs/view/talent-acquisition-specialist-remote-at-viva-talent-4438848163,Talent Acquisition Specialist (Remote),Viva Talent,posted,2026-07-09T23:58:49.316193,673
6c6c68903bfd23fe,https://hn.linkedin.com/jobs/view/quality-assurance-analyst-at-glowtouch-technologies-4438293972,Quality Assurance Analyst,GlowTouch Technologies,posted,2026-07-09T23:58:54.557745,641
cfb88685c15ff165,https://hn.linkedin.com/jobs/view/high-school-english-teacher-at-western-international-school-of-honduras-4438265945,High School English Teacher,,scraped,2026-07-09T23:58:59.080140,
a75e540978bbd75d,https://hn.linkedin.com/jobs/view/invoice-specialist-at-quadrivius-honduras-4435680818,Invoice Specialist,Quadrivius Honduras,posted,2026-07-09T23:59:26.006104,675
0805b15fe63daa4c,https://hn.linkedin.com/jobs/view/office-based-call-center-agent-comayagua-honduras-at-srr-group-4436853665,"Office-based_Call Center Agent (Comayagua, Honduras)",SRR Group,posted,2026-07-09T23:59:42.631475,677
236df100e5d2e4fe,https://hn.linkedin.com/jobs/view/freelance-grabaci%C3%B3n-de-tareas-cotidianas-para-proyecto-de-ia-at-toloka-annotators-4437751914,Freelance: grabación de tareas cotidianas para proyecto de IA,Toloka Annotators,posted,2026-07-10T00:00:20.345527,679
3245de4cf606cb4a,https://hn.linkedin.com/jobs/view/coordinador-de-sales-enablement-%E2%80%93-soporte-estrat%C3%A9gico-a-ventas-biling%C3%BCe-presencial-at-promotex-inc-4435895648,Coordinador de Sales Enablement – Soporte Estratégico a Ventas Bilingüe (Presencial),Promotex Inc,posted,2026-07-10T00:00:45.451617,681
ef4a0789d17295f0,https://hn.linkedin.com/jobs/view/ejecutivo-de-adquirencia-at-banco-atl%C3%A1ntida-4438517773,EJECUTIVO DE ADQUIRENCIA,,scraped,2026-07-10T00:00:50.035522,
f609d30768f69358,https://hn.linkedin.com/jobs/view/analista-de-tesorer%C3%ADa-at-grupo-platino-4435912738,Analista de Tesorería,,scraped,2026-07-10T00:00:59.148750,
5c327ce36db2de57,https://hn.linkedin.com/jobs/view/appointment-setter-sales-rep-i-remote-latam-i-usd-at-bridgeway-global-recruitment-4434871304,Appointment Setter / Sales Rep I Remote (LatAm) I USD,Bridgeway Global Recruitment,posted,2026-07-10T00:01:15.009002,683
cb8693d78f79bb0c,https://hn.linkedin.com/jobs/view/full-time-inbound-sales-closer-at-express-chipping-inc-4436969568,Full-Time Inbound Sales Closer,"Express Chipping, Inc.",posted,2026-07-10T00:01:39.644440,685
2609208b54afb763,https://hn.linkedin.com/jobs/view/jefe-de-ventas-maquinaria-at-global-outsourcing-centroam%C3%A9rica-4438680008,Jefe de Ventas Maquinaria,,scraped,2026-07-10T00:01:46.251040,
c47f8f17aee324ce,https://hn.linkedin.com/jobs/view/business-intelligence-developer-remote-work-ref%23297835-at-bairesdev-4438260863,Business Intelligence Developer - Remote Work | REF#297835,BairesDev,posted,2026-07-10T00:02:12.708921,687
f14faba863a65963,https://hn.linkedin.com/jobs/view/data-engineer-remote-latin-america-at-fullstack-4430131983,Data Engineer - Remote - Latin America,FullStack,posted,2026-07-10T00:02:24.005979,619
e38bb2ab979f2f64,https://hn.linkedin.com/jobs/view/ingeniero-de-producci%C3%B3n-at-confidencial-4438811371,Ingeniero de producción,CONFIDENCIAL,posted,2026-07-10T00:02:50.999039,689
fd575933227a6141,https://hn.linkedin.com/jobs/view/spanish-bilingual-customer-service-specialist-at-talentpop-app-4434891201,Spanish Bilingual Customer Service Specialist,TalentPop App,posted,2026-07-10T00:02:56.038216,535
d35c79c371b6d961,https://hn.linkedin.com/jobs/view/administrador-4438518794,Administrador,DESPENSA FAMILIAR TALANGA,posted,2026-07-10T00:03:10.393814,691
edca15a847c4904b,https://hn.linkedin.com/jobs/view/senior-client-service-manager-honduras-at-horatio-4438820284,Senior Client Service Manager (Honduras),Horatio,posted,2026-07-10T00:03:19.963375,693
7cc7a1213871a748,https://hn.linkedin.com/jobs/view/elementary-english-teacher-at-happy-new-dawn-bilingual-school-and-institute-4438800615,Elementary English Teacher,Happy New Dawn Bilingual School and Institute,posted,2026-07-10T00:04:36.596070,695
f81771dd265bf7cc,https://hn.linkedin.com/jobs/view/recruiting-manager-remote-work-at-bairesdev-4437080078,Recruiting Manager - Remote Work,BairesDev,posted,2026-07-10T00:04:49.181885,697
bab1160c25343d2b,https://hn.linkedin.com/jobs/view/jefe-de-negocios-suscripci%C3%B3n-at-millicom-tigo-4438291093,Jefe de Negocios Suscripción,,scraped,2026-07-10T00:04:55.827945,
0ce8a77c6ba712b2,https://hn.linkedin.com/jobs/view/ai-machine-learning-engineer-remote-latin-america-at-fullstack-4371024459,AI Machine Learning Engineer - Remote - Latin America,FullStack,posted,2026-07-10T00:05:11.834627,179
02c65d9056cb4f42,https://hn.linkedin.com/jobs/view/full-stack-developer-java-%2B-kotlin-%2B-react-remote-latin-america-at-fullstack-4438679219,Full Stack Developer (Java + Kotlin + React) - Remote - Latin America,FullStack,posted,2026-07-10T00:05:16.733883,661
c24a4b8be07f04cd,https://hn.linkedin.com/jobs/view/jefe-de-tienda-credidiunsa-tocoa-at-diunsa-4437434581,Jefe de tienda CrediDiunsa Tocoa,,scraped,2026-07-10T00:05:19.202348,
73633fd2bbcff448,https://hn.linkedin.com/jobs/view/test-automation-engineer-playwright-remote-work-ref%23297262-at-bairesdev-4438270293,Test Automation Engineer (Playwright) - Remote Work | REF#297262,BairesDev,posted,2026-07-10T00:05:31.185658,699
c7603f31551eec95,https://hn.linkedin.com/jobs/view/english-teacher-at-western-international-school-4438825749,English Teacher,Western International School,posted,2026-07-10T00:05:50.480196,701
bcb6b4082b7d08ef,https://hn.linkedin.com/jobs/view/asesor-comercial-dispositivos-m%C3%A9dicos-tegucigalpa-honduras-at-test-recruitment-solutions-4437315187,Asesor Comercial Dispositivos Médicos -Tegucigalpa Honduras,,scraped,2026-07-10T00:05:53.110735,
43a2b57c03a8e97a,https://hn.linkedin.com/jobs/view/senior-client-service-manager-at-horatio-4438699606,Senior Client Service Manager,Horatio,posted,2026-07-10T00:06:12.792526,703
13fca685002c5350,https://hn.linkedin.com/jobs/view/information-technology-technician-at-grupo-levanter-honduras-4435601258,Information Technology Technician,,scraped,2026-07-10T00:06:23.439617,
b9639da402a9ca94,https://hn.linkedin.com/jobs/view/responsable-%C3%A9tude-m%C3%A9canique-affaire-mechanical-project-manager-at-mondragon-assembly-brasil-4437911612,Responsable Étude Mécanique Affaire - Mechanical Project Manager,,scraped,2026-07-10T00:06:39.519196,
f68842b51c1c60c5,https://hn.linkedin.com/jobs/view/logistics-ops-executive-assistant-remote-at-viva-talent-4438678469,Logistics & Ops Executive Assistant (Remote),Viva Talent,posted,2026-07-10T00:07:04.930781,359
7e65731cc8e88d62,https://hn.linkedin.com/jobs/view/ingeniero-comercial-at-dysersa-4436795612,Ingeniero comercial,DYSERSA,posted,2026-07-10T00:07:26.912713,705
ac8f10ddcac95613,https://hn.linkedin.com/jobs/view/fullstack-developer-senior-python-django-%2B-react-remote-latin-america-at-bluelight-4437859726,"Fullstack Developer (Senior) - Python (Django) + React - Remote, Latin America",Bluelight,posted,2026-07-10T00:07:31.846683,331
6d8b91bddc8dcb60,https://hn.linkedin.com/jobs/view/asistente-de-programas-preparaci%C3%B3n-y-respuesta-a-emergencias-at-world-food-programme-4438685132,Asistente de Programas (Preparación y Respuesta a  Emergencias),,scraped,2026-07-10T00:07:34.427209,
73248db004ff80a4,https://hn.linkedin.com/jobs/view/reclutador-a-temporal-4438831548,RECLUTADOR(A) TEMPORAL,CENTRO DE DISTRIBUCION WALMART SAN PEDRO SULA,posted,2026-07-10T00:09:00.802545,707
6f29f896a3140d33,https://hn.linkedin.com/jobs/view/arquitecto-de-proyectos-at-omets-investments-4437707760,Arquitecto de Proyectos,Omets Investments,posted,2026-07-10T00:09:12.754405,709
b9e3f406dc87f3b4,https://hn.linkedin.com/jobs/view/jefe-multiproducto-gestion-telefonica-cat-13125-48785-at-grupo-ficohsa-hn-4438543202,JEFE MULTIPRODUCTO GESTION TELEFONICA CAT (13125) - 48785,Grupo Ficohsa HN,posted,2026-07-10T00:10:34.596489,711
f7ecbcb622804c58,https://hn.linkedin.com/jobs/view/supervisor-operations-seasonal-at-resultscx-4438140218,"Supervisor, Operations - Seasonal",ResultsCX,posted,2026-07-10T00:10:53.123112,713
b961f32bc26c4d93,https://hn.linkedin.com/jobs/view/spanish-bilingual-customer-service-specialist-at-talentpop-app-4434883483,Spanish Bilingual Customer Service Specialist,TalentPop App,scraped,2026-07-10T00:11:17.097541,
438141df8ec659b9,https://hn.linkedin.com/jobs/view/ejecutivo-sr-banca-empresarial-11426-48217-at-grupo-ficohsa-hn-4418963866,EJECUTIVO SR. BANCA EMPRESARIAL (11426) - 48217,Grupo Ficohsa HN,posted,2026-07-10T00:12:47.787943,715
bdcc6e379152778e,https://hn.linkedin.com/jobs/view/senior-full-stack-engineer-react-%2B-kotlin-remote-latin-america-at-fullstack-4438521471,Senior Full Stack Engineer (React + Kotlin) - Remote - Latin America,FullStack,posted,2026-07-10T00:12:56.854925,717
69c9647486dc4e46,https://hn.linkedin.com/jobs/view/senior-full-stack-engineer-react-%2B-kotlin-remote-latin-america-at-fullstack-4438515649,Senior Full Stack Engineer (React + Kotlin) - Remote - Latin America,FullStack,posted,2026-07-10T00:13:01.977781,717
5c73c8e8244aa553,https://hn.linkedin.com/jobs/view/senior-full-stack-engineer-react-%2B-kotlin-remote-latin-america-at-fullstack-4438532121,Senior Full Stack Engineer (React + Kotlin) - Remote - Latin America,FullStack,posted,2026-07-10T00:13:09.101781,717
f76d1fb817313c7b,https://hn.linkedin.com/jobs/view/senior-full-stack-engineer-react-%2B-kotlin-remote-latin-america-at-fullstack-4438522414,Senior Full Stack Engineer (React + Kotlin) - Remote - Latin America,FullStack,posted,2026-07-10T00:13:15.664540,717
514275fb96f5ed21,https://hn.linkedin.com/jobs/view/application-security-analyst-code-review-remote-work-ref%23296086-at-bairesdev-4432474011,Application Security Analyst (Code Review) - Remote Work | REF#296086,BairesDev,posted,2026-07-10T00:13:36.587546,719
28db28744a3dd11e,https://hn.linkedin.com/jobs/view/full-stack-developer-java-%2B-kotlin-%2B-react-remote-latin-america-at-fullstack-4438671487,Full Stack Developer (Java + Kotlin + React) - Remote - Latin America,FullStack,posted,2026-07-10T00:13:47.659790,661
9606e1336c30ef45,https://hn.linkedin.com/jobs/view/full-stack-developer-java-%2B-kotlin-%2B-react-remote-latin-america-at-fullstack-4438662838,Full Stack Developer (Java + Kotlin + React) - Remote - Latin America,FullStack,posted,2026-07-10T00:14:02.453831,661
20a96e21b85cb09b,https://hn.linkedin.com/jobs/view/operador-a-ii-villanueva-cort%C3%A9s-at-cargill-4438268213,Operador (a) II - Villanueva Cortés,Cargill,posted,2026-07-10T00:14:11.513844,721
3f73c7ea7599dd77,https://hn.linkedin.com/jobs/view/corporate-english-trainer-spanish-bilingual-at-gofluent-4437971824,Corporate English Trainer (Spanish Bilingual),,scraped,2026-07-10T11:28:34.339456,
7a7ad80d934f31b9,https://hn.linkedin.com/jobs/view/kam-sr-at-grupo-sega-4437902761,KAM Sr.,,scraped,2026-07-10T11:28:46.463850,
ffe13e85ba78ec44,https://hn.linkedin.com/jobs/view/analista-de-rrhh-sps-at-tempolider-bogota-sas-4438872523,Analista de RRHH-SPS,,scraped,2026-07-10T11:28:59.502978,
5b1297db86d6aafb,https://hn.linkedin.com/jobs/view/coordinador-de-sucursales-zona-norte-at-grupo-lafise-4437899214,Coordinador de Sucursales-Zona Norte,Grupo LAFISE,posted,2026-07-10T11:29:23.597803,723
d39cbefeed0fc6c9,https://hn.linkedin.com/jobs/view/hn%2Bhcm-c%C3%A1n-b%E1%BB%99-kd-khcp-at-weone-4439011990,[HN+HCM]Cán bộ KD KHCP,,scraped,2026-07-10T11:29:34.219048,
f8a85bc73ce353fa,https://hn.linkedin.com/jobs/view/auditor-de-sistemas-bilingue-at-grupo-unicomer-unicomer-group-4438511787,Auditor de Sistemas Bilingue,Grupo Unicomer/ Unicomer Group,posted,2026-07-10T11:29:48.778816,725
68c98dde80724654,https://hn.linkedin.com/jobs/view/recepcionista-cajero-at-ghl-4435909133,RECEPCIONISTA CAJERO,,scraped,2026-07-10T11:29:53.330109,
101c9364d8a1aeb3,https://hn.linkedin.com/jobs/view/coordinador-gqs-at-gildan-4419527847,Coordinador GQS,,scraped,2026-07-10T11:30:01.992161,
2251770707113751,https://hn.linkedin.com/jobs/view/coordinador-de-flota-at-bia-honduras-4438812073,Coordinador de flota,bia Honduras,posted,2026-07-10T11:30:33.679265,727
e754790e48688d56,https://hn.linkedin.com/jobs/view/cos-at-cbc-4435902804,COS,cbc,posted,2026-07-10T11:30:51.920636,729
7687b545c4589820,https://hn.linkedin.com/jobs/view/qa-tester-analista-qa-hnd-at-core-code-io-4437947029,QA / Tester (Analista QA) HND,Core Code io,posted,2026-07-10T11:31:14.363046,731
d914ea8e201cd51a,https://hn.linkedin.com/jobs/view/administrador-a-de-cuentas-por-pagar-i-contrato-de-6-meses-at-sba-communications-4437324975,Administrador(a) de Cuentas por Pagar I (Contrato de 6 Meses),SBA Communications,posted,2026-07-10T11:31:40.015415,733
608f919ec121f303,https://hn.linkedin.com/jobs/view/asistente-de-campo-en-promoci%C3%B3n-social-proyecto-de-emergencia-ocha-at-catholic-relief-services-4435958002,Asistente de campo en promoción social - Proyecto de Emergencia OCHA,Catholic Relief Services,posted,2026-07-10T11:31:51.046474,735
cc0c39370e268229,https://hn.linkedin.com/jobs/view/business-analyst-remote-job-at-bertoni-solutions-4438266164,Business Analyst - Remote Job.,,scraped,2026-07-10T11:31:55.711915,
d10136a69543d91d,https://hn.linkedin.com/jobs/view/hn-tuy%E1%BB%83n-d%E1%BB%A5ng-nh%C3%A2n-vi%C3%AAn-scan-%E2%80%93-nh%E1%BA%ADp-li%E1%BB%87u-at-weone-4439023425,[HN] Tuyển dụng Nhân viên scan – Nhập liệu,,scraped,2026-07-10T11:32:04.882787,
8792941a29d97b46,https://hn.linkedin.com/jobs/view/dise%C3%B1ador-ux-ui-hn-at-core-code-io-4437930409,Diseñador UX/UI HN,Core Code io,posted,2026-07-10T11:32:29.265141,737
c7df332168550e6e,https://hn.linkedin.com/jobs/view/frontend-developer-honduras-at-core-code-io-4437926757,Frontend Developer Honduras,Core Code io,posted,2026-07-10T11:32:43.742620,739
f53a544f6176255f,https://hn.linkedin.com/jobs/view/ai-training-data-intern-%246-hr-remote-at-crossing-hurdles-4437532853,AI Training Data Intern | $6/hr Remote,Crossing Hurdles,posted,2026-07-10T11:33:03.026007,741
bb53f70f1a3996d9,https://hn.linkedin.com/jobs/view/asesor-de-ventas-rotativo-at-omr-human-talent-4438876198,ASESOR DE VENTAS ROTATIVO,OMR HUMAN TALENT,posted,2026-07-10T11:33:16.257887,743
c95c78a38c26b30d,https://hn.linkedin.com/jobs/view/recruiter-at-the-a-career-4438853456,Recruiter,The A Career,posted,2026-07-10T11:33:29.280837,745
6eb21b811ae000b4,https://hn.linkedin.com/jobs/view/business-developer-ejecutivo-comercial-account-executive-hn-2-at-core-code-io-4437940197,Business Developer / Ejecutivo Comercial / Account Executive HN 2,Core Code io,posted,2026-07-10T11:33:44.112683,747
dec54d84cff4fbe6,https://hn.linkedin.com/jobs/view/sdr-sales-development-representative-hn-2-at-core-code-io-4437943104,SDR (Sales Development Representative) HN 2,Core Code io,posted,2026-07-10T11:33:59.694928,749
07ce535a1a7f64a5,https://hn.linkedin.com/jobs/view/data-engineer-remote-latin-america-at-fullstack-4430147056,Data Engineer - Remote - Latin America,FullStack,posted,2026-07-10T11:34:22.674559,619
502519fe8fc47fff,https://hn.linkedin.com/jobs/view/data-engineer-remote-latin-america-at-fullstack-4430151017,Data Engineer - Remote - Latin America,FullStack,posted,2026-07-10T11:34:31.290438,619
f41e366f1f323af9,https://hn.linkedin.com/jobs/view/operations-manager-at-cs-outsource-4437590161,Operations Manager,CS Outsource,posted,2026-07-10T11:34:53.742233,751
8a9361136e4264dd,https://hn.linkedin.com/jobs/view/hn-chuy%C3%AAn-vi%C3%AAn-marketing-at-weone-4439026229,[HN] Chuyên viên Marketing,,scraped,2026-07-10T11:35:02.432778,
594db39127e7928c,https://hn.linkedin.com/jobs/view/machine-learning-engineer-remote-work-at-bairesdev-4436843892,Machine Learning Engineer - Remote Work,BairesDev,posted,2026-07-10T11:35:28.275415,509
cde9c487fa94a3c1,https://hn.linkedin.com/jobs/view/logistics-manager-%E2%80%93-shipping-at-catholic-relief-services-4427854272,Logistics Manager – Shipping,Catholic Relief Services,posted,2026-07-10T11:35:45.359019,753
b19590a7df43fea1,https://hn.linkedin.com/jobs/view/t%C3%A9cnico-asistente-de-campo-sistemas-de-agua-y-saneamiento-proyecto-de-emergencia-ocha-at-catholic-relief-services-4435948161,Técnico Asistente de campo Sistemas de Agua y Saneamiento - Proyecto de Emergencia OCHA,Catholic Relief Services,posted,2026-07-10T11:35:56.956063,755
03fb8fb0a9ddd75b,https://hn.linkedin.com/jobs/view/agente-sac-agente-de-servicio-al-cliente-at-econo-rent-a-car-4438864756,Agente SAC (Agente de Servicio al Cliente),Econo Rent A Car,posted,2026-07-10T11:36:35.126387,129
e74890b7e96cf4c9,https://hn.linkedin.com/jobs/view/onboarding-project-manager-latam-at-cloudbeds-4419510480,Onboarding Project Manager - LATAM,Cloudbeds,posted,2026-07-10T11:37:06.573064,453
9977ca946e5bcd56,https://hn.linkedin.com/jobs/view/atenci%C3%B3n-a-cliente-agente-sac-at-econo-rent-a-car-4438876199,Atención a cliente /Agente SAC,Econo Rent A Car,posted,2026-07-10T11:37:54.298466,757
f744368931b22c08,https://hn.linkedin.com/jobs/view/ejecutivo-a-de-canal-tradicional-1-at-cargill-4435911190,Ejecutivo/a de Canal Tradicional 1,Cargill,posted,2026-07-10T11:38:15.393851,313
2a818bd8b7e497d5,https://hn.linkedin.com/jobs/view/representative-sales-development-at-crowley-4438826693,"Representative, Sales Development",Crowley,posted,2026-07-10T11:38:39.004252,759
14d7dc43809035e0,https://hn.linkedin.com/jobs/view/leasing-administrator-at-relay-human-cloud-4437875631,Leasing Administrator,Relay Human Cloud,posted,2026-07-10T11:39:16.593616,761
b666f03ee37776ae,https://hn.linkedin.com/jobs/view/asistente-de-cocina-4438508904,Asistente de cocina,Restaurante Cafe 10,posted,2026-07-10T11:39:34.031303,763
86cd720d70476745,https://hn.linkedin.com/jobs/view/ingeniero-de-ciberseguridad-at-molineros-4430612183,Ingeniero de Ciberseguridad,Molineros,posted,2026-07-10T11:39:53.698233,765
424ba3f94996552d,https://hn.linkedin.com/jobs/view/asistente-mec%C3%A1nico-el%C3%A9ctrico-villanueva-at-tempolider-bogota-sas-4438875227,Asistente Mecánico  Eléctrico-Villanueva,,scraped,2026-07-10T11:40:00.244789,
ad8615a9680a9598,https://hn.linkedin.com/jobs/view/entom%C3%B3logo-at-m%C3%A9decins-sans-fronti%C3%A8res-msf-4438693881,Entomólogo,Médecins Sans Frontières (MSF),posted,2026-07-10T11:40:40.919960,767
242b120c18b0d97c,https://hn.linkedin.com/jobs/view/full-stack-engineer-python-remote-work-ref%23297407-at-bairesdev-4438265465,Full Stack Engineer (Python) - Remote Work | REF#297407,BairesDev,posted,2026-07-10T11:40:54.725832,769
d13200564fc0210d,https://hn.linkedin.com/jobs/view/bookkeeper-at-buildops-hq-4438677998,Bookkeeper,BuildOps HQ,posted,2026-07-10T11:41:03.697470,227
55e35fd7cd9e3830,https://hn.linkedin.com/jobs/view/data-engineer-remote-latin-america-at-fullstack-4430134862,Data Engineer - Remote - Latin America,FullStack,posted,2026-07-10T11:41:10.983914,619
1363bc9bf059942f,https://hn.linkedin.com/jobs/view/asesor-de-ventas-13051-48501-at-grupo-ficohsa-hn-4418985431,ASESOR DE VENTAS (13051) - 48501,Grupo Ficohsa HN,posted,2026-07-10T11:41:21.862447,771
2d907df79aa78f1c,https://hn.linkedin.com/jobs/view/operador-de-imprenta-flexogr%C3%A1fica-at-futura-s-de-rl-4438849437,Operador de Imprenta Flexográfica,,scraped,2026-07-10T11:41:24.408653,
2bfe6e17b2366d46,https://hn.linkedin.com/jobs/view/full-stack-developer-java-%2B-kotlin-%2B-react-remote-latin-america-at-fullstack-4438667631,Full Stack Developer (Java + Kotlin + React) - Remote - Latin America,FullStack,posted,2026-07-10T11:41:47.588051,661
fee4df6892de735f,https://hn.linkedin.com/jobs/view/full-stack-developer-java-%2B-kotlin-%2B-react-remote-latin-america-at-fullstack-4438660904,Full Stack Developer (Java + Kotlin + React) - Remote - Latin America,FullStack,posted,2026-07-10T11:41:56.363364,661
cbb569a2d6a8e8e5,https://hn.linkedin.com/jobs/view/cajero-universal-at-grupo-salinas-honduras-4438842811,Cajero universal,Grupo Salinas Honduras,posted,2026-07-10T18:12:49.768602,19
51d4e0d342280c95,https://hn.linkedin.com/jobs/view/supervisor-maintenance-at-crowley-4430744544,"Supervisor, Maintenance",Crowley,posted,2026-07-10T18:13:33.234346,773
90d576425af0f69e,https://hn.linkedin.com/jobs/view/commercial-lines-assistant-at-regisro-remote-office-4435691428,Commercial Lines Assistant,RegisRO (Remote Office),posted,2026-07-10T18:13:49.839447,775
7d22141aac125ff4,https://hn.linkedin.com/jobs/view/developer-at-san-services-honduras-4438670611,Developer,San Services Honduras,posted,2026-07-10T18:14:06.937080,777
ff9414c47339c14a,https://hn.linkedin.com/jobs/view/coordinador-de-rr-hh-4439326164,Coordinador de RR. HH.,general,posted,2026-07-10T18:14:21.804863,779
fdc9dc5b1d71d874,https://hn.linkedin.com/jobs/view/talent-acquisition-specialist-remote-at-viva-talent-4439091607,Talent Acquisition Specialist (Remote),Viva Talent,posted,2026-07-10T18:14:34.112139,673
05c8041fcd5c5e82,https://hn.linkedin.com/jobs/view/especialista-en-selecci%C3%B3n-de-personal-at-grupo-monge-honduras-4439093636,Especialista en selección de personal,Grupo Monge Honduras,posted,2026-07-10T18:15:23.993735,781
b8fba07b80c9bd97,https://hn.linkedin.com/jobs/view/mechanics-reporting-analyst-night-shift-at-charger-logistics-inc-4438648753,Mechanics Reporting Analyst - Night Shift,,scraped,2026-07-10T18:15:46.617814,
cec626e5c06f2441,https://hn.linkedin.com/jobs/view/damage-mechanics-reporting-analyst-at-charger-logistics-inc-4438642902,Damage & Mechanics Reporting Analyst,,scraped,2026-07-10T18:15:53.039844,
2156f0ebc3b3bea5,https://hn.linkedin.com/jobs/view/carrier-sales-at-avanza-nearshoring-solutions-4438645840,Carrier Sales,Avanza - BPO and Staffing Solutions,posted,2026-07-10T18:16:27.684992,783
40a3e881997922e3,https://hn.linkedin.com/jobs/view/bookkeeper-with-quickbooks-at-the-a-career-4438861246,Bookkeeper with QuickBooks,The A Career,posted,2026-07-10T18:16:40.442698,785
b6c95c0585163356,https://hn.linkedin.com/jobs/view/jefe-de-bebidas-y-alimentos-at-grupo-r-center-4438866689,JEFE DE BEBIDAS Y ALIMENTOS,Grupo R Center,posted,2026-07-10T18:16:56.896916,787
8bcad7822b097f1f,https://hn.linkedin.com/jobs/view/test-automation-engineer-cypress-remote-work-ref%23297249-at-bairesdev-4438272118,Test Automation Engineer (Cypress) - Remote Work | REF#297249,BairesDev,posted,2026-07-10T18:17:59.221577,789
d82428973ec206ee,https://hn.linkedin.com/jobs/view/hn-chuy%C3%AAn-vi%C3%AAn-thi%E1%BA%BFt-k%E1%BA%BF-at-weone-4439018778,[HN] CHUYÊN VIÊN THIẾT KẾ,,scraped,2026-07-10T18:18:09.830870,
0447114159c59ea9,https://hn.linkedin.com/jobs/view/coordinador-de-sucursal-sabanagrande-at-compu%2B-s-de-r-l-4439315721,Coordinador de Sucursal Sabanagrande,,scraped,2026-07-10T18:18:37.774152,
6620c3eebc0d5aed,https://hn.linkedin.com/jobs/view/virtual-staff-lawyer-bilingual-at-ceo-lawyer-personal-injury-law-firm-4439005588,Virtual Staff Lawyer (Bilingual),CEO Lawyer Personal Injury Law Firm,posted,2026-07-10T18:19:04.939563,791
e60aea886ddbfe78,https://hn.linkedin.com/jobs/view/representante-de-ventas-choluteca-at-emsula-4439097342,Representante de ventas (choluteca),Embotelladora de Sula S.A.,posted,2026-07-10T18:19:30.682889,793
1ea04f94578ada08,https://hn.linkedin.com/jobs/view/motorista-de-equipo-pesado-at-grupo-q-4439095014,Motorista de Equipo Pesado,,scraped,2026-07-10T18:19:35.283490,
6d6f58efd3d13845,https://hn.linkedin.com/jobs/view/asistente-de-control-de-operaciones-at-grupo-q-4439079660,Asistente de Control de Operaciones,,scraped,2026-07-10T18:19:50.684139,
e787cae9314e5301,https://hn.linkedin.com/jobs/view/virtual-executive-assistant-remote-at-viva-talent-4439312364,Virtual Executive Assistant (Remote),Viva Talent,posted,2026-07-10T18:20:03.079225,385
6b40db676eeed125,https://hn.linkedin.com/jobs/view/especialista-t%C3%A9cnico-en-alimentos-congelados-sector-horeca-at-cdt-consultora-4435997517,Especialista Técnico en Alimentos Congelados sector HORECA,,scraped,2026-07-10T18:20:25.720518,
a321ca5f87fd1390,https://hn.linkedin.com/jobs/view/cluster-director-central-america-mexico-and-dominican-republic-4438511687,"Cluster Director Central America, Mexico and Dominican Republic",Plan Internacional,posted,2026-07-10T18:21:14.691864,795
cae825d24f8c3b17,https://hn.linkedin.com/jobs/view/vue-js-engineer-remote-work-ref%23297178-at-bairesdev-4438277015,Vue.js Engineer - Remote Work | REF#297178,BairesDev,posted,2026-07-10T18:21:43.561938,797
b279c9f5e888e41c,https://hn.linkedin.com/jobs/view/senior-devsecops-engineer-remote-work-at-bairesdev-4437312048,Senior DevSecOps Engineer - Remote Work,BairesDev,posted,2026-07-10T18:21:54.287112,799
06ea79696ffdd542,https://hn.linkedin.com/jobs/view/senior-react-native-developer-remote-work-ref%23296973-at-bairesdev-4438269275,Senior React Native Developer - Remote Work | REF#296973,BairesDev,posted,2026-07-10T18:22:41.743123,801
1dd7169a03fce9d3,https://hn.linkedin.com/jobs/view/gerente-regional-canales-y-ventas-digitales-12936-48307-at-grupo-ficohsa-hn-4418965890,GERENTE REGIONAL CANALES Y VENTAS DIGITALES (12936)(48307),Grupo Ficohsa HN,posted,2026-07-10T18:23:14.676903,803
02683fa86acbc7f4,https://hn.linkedin.com/jobs/view/senior-full-stack-engineer-react-%2B-kotlin-remote-latin-america-at-fullstack-4438511866,Senior Full Stack Engineer (React + Kotlin) - Remote - Latin America,FullStack,posted,2026-07-10T18:23:25.099037,717
969b54985142a2f6,https://hn.linkedin.com/jobs/view/data-engineer-remote-latin-america-at-fullstack-4430145057,Data Engineer - Remote - Latin America,FullStack,posted,2026-07-10T18:23:40.908809,619
e09cfbb90058fd7e,https://hn.linkedin.com/jobs/view/senior-agentic-product-designer-remote-latin-america-at-fullstack-4419972920,Senior Agentic Product Designer - Remote - Latin America,FullStack,posted,2026-07-10T18:23:57.528938,805
f507fe1f67014b82,https://hn.linkedin.com/jobs/view/practicante-universitario-a-san-pedro-sula-at-cargill-4429966704,Practicante Universitario (a) / San Pedro Sula,Cargill,posted,2026-07-10T18:24:06.934261,215
7f17f1016dfa64da,https://hn.linkedin.com/jobs/view/cloud-architect-gcp-at-applaudo-4439333263,Cloud Architect (GCP),,scraped,2026-07-10T18:24:09.571916,
b56b7f21047ea072,https://hn.linkedin.com/jobs/view/senior-agentic-product-designer-remote-latin-america-at-fullstack-4419974608,Senior Agentic Product Designer - Remote - Latin America,FullStack,posted,2026-07-10T18:24:18.574050,805
a5b2329556a6668a,https://hn.linkedin.com/jobs/view/snowflake-engineer-remote-work-ref%23297100-at-bairesdev-4438272122,Snowflake Engineer - Remote Work | REF#297100,BairesDev,posted,2026-07-10T18:24:34.825216,807
60ecf2b3548b90d7,https://hn.linkedin.com/jobs/view/senior-agentic-product-designer-remote-latin-america-at-fullstack-4419990113,Senior Agentic Product Designer - Remote - Latin America,FullStack,posted,2026-07-10T18:24:40.013831,805
fc5c5b3c5ff6e7d5,https://hn.linkedin.com/jobs/view/operations-coordinator-at-cs-outsource-4437304704,Operations Coordinator,CS Outsource,posted,2026-07-10T23:43:45.200098,809
f59a65b2917fd24b,https://hn.linkedin.com/jobs/view/executive-talent-acquisition-partner-at-scale-army-careers-4438333796,Executive Talent Acquisition Partner,Scale Army Careers,posted,2026-07-10T23:44:15.444529,811
d6510f3bbcbcf238,https://hn.linkedin.com/jobs/view/especialista-de-nomina-at-millicom-tigo-4439008247,ESPECIALISTA DE NOMINA,,scraped,2026-07-10T23:44:18.061384,
e904605a4447ab21,https://hn.linkedin.com/jobs/view/import-export-coordinator-at-peak-altitude-4436611692,Import Export Coordinator,Peak Altitude,posted,2026-07-10T23:44:35.625026,813
c5be6c4deab66243,https://hn.linkedin.com/jobs/view/human-resources-specialist-at-crescendo-4439007641,Human Resources Specialist,Crescendo,posted,2026-07-10T23:45:19.952925,815
54298edaf707953d,https://hn.linkedin.com/jobs/view/auxiliar-de-tesorer%C3%ADa-at-televicentro-y-emisoras-unidas-4439301363,Auxiliar de tesorería,,scraped,2026-07-10T23:45:26.522397,
16902882eb81ba7b,https://hn.linkedin.com/jobs/view/creator-community-manager-at-latamcent-4438842302,Creator & Community Manager,LatamCent,posted,2026-07-10T23:46:03.659929,817
853199b5d3e4a5b6,https://hn.linkedin.com/jobs/view/coordinador-el%C3%A9ctrico-de-proyectos-at-superior-glove-4438372091,Coordinador Eléctrico de Proyectos,,scraped,2026-07-10T23:46:12.251415,
1f4049cd217d3a83,https://hn.linkedin.com/jobs/view/community-manager-agencia-creativa-at-grupo-comercial-de-comunicaciones-4439372718,Community Manager - Agencia Creativa,,scraped,2026-07-10T23:46:24.584164,
e94e17cb639c60d3,https://hn.linkedin.com/jobs/view/supervisor-de-almac%C3%A9n-at-talento-corporativo-hn-4438162118,Supervisor de almacén,Talento Corporativo HN,posted,2026-07-10T23:46:42.605736,819
84017a753c6c3a53,https://hn.linkedin.com/jobs/view/especialista-en-gesti%C3%B3n-de-proyectos-ti-at-deloitte-4413484020,Especialista en Gestión de Proyectos TI,Deloitte,posted,2026-07-10T23:46:51.772421,821
b0a208de1a1395a6,https://hn.linkedin.com/jobs/view/recruiter-at-resultscx-4438122787,Recruiter,ResultsCX,posted,2026-07-10T23:46:56.719223,745
f7bf9665129df37b,https://hn.linkedin.com/jobs/view/supervisor-de-granjas-at-corporaci%C3%B3n-multi-inversiones-4436629711,Supervisor de Granjas,,scraped,2026-07-10T23:47:01.309440,
cb265c65011ea28e,https://hn.linkedin.com/jobs/view/logistics-ops-executive-assistant-remote-at-viva-talent-4439303630,Logistics & Ops Executive Assistant (Remote),Viva Talent,posted,2026-07-10T23:47:17.456564,359
361ddd559c8234d6,https://hn.linkedin.com/jobs/view/ejecutivo-a-de-visual-trade-marketing-at-aspiraciones-human-capital-4438329981,Ejecutivo(a) de Visual Trade Marketing,,scraped,2026-07-10T23:47:24.035493,
5332dcfe1d6234ca,https://hn.linkedin.com/jobs/view/asesora-de-ventas-at-academia-europea-4438329989,Asesora de Ventas,Academia Europea,posted,2026-07-10T23:47:40.802105,823
065443f791b45668,https://hn.linkedin.com/jobs/view/manual-qa-engineer-remote-latin-america-at-fullstack-4439375157,Manual QA Engineer - Remote - Latin America,FullStack,posted,2026-07-10T23:48:21.968355,825
b49fc94947c460cc,https://hn.linkedin.com/jobs/view/manual-qa-engineer-remote-latin-america-at-fullstack-4439374162,Manual QA Engineer - Remote - Latin America,FullStack,posted,2026-07-10T23:48:33.816404,825
6399ffb97a4aa6d2,https://hn.linkedin.com/jobs/view/agent-cctv-at-charger-logistics-inc-4436619973,Agent CCTV,,scraped,2026-07-11T07:35:47.865276,
11ba79aff38c419c,https://hn.linkedin.com/jobs/view/title-insurance-processor-at-regisro-remote-office-4436610870,Title Insurance Processor,RegisRO (Remote Office),posted,2026-07-11T07:36:09.644707,827
35bddc8b3ac9cb4e,https://hn.linkedin.com/jobs/view/aforador-at-henry-arevalo-4439342304,Aforador,HENRY AREVALO,posted,2026-07-11T07:36:22.113562,829
2fcf1297c28ae782,https://hn.linkedin.com/jobs/view/talent-acquisition-partner-operations-at-dwelly-4439092106,Talent Acquisition Partner (Operations),,scraped,2026-07-11T07:36:50.701309,
704e7060d18a918c,https://hn.linkedin.com/jobs/view/analista-de-cuenta-por-pagar-temporal-at-corporaci%C3%B3n-multi-inversiones-4438692995,Analista de cuenta por pagar (Temporal),CMI-Corporación Multi Inversiones,posted,2026-07-11T07:37:11.320796,831
ac91f8916a6a9200,https://hn.linkedin.com/jobs/view/administrador-a-financiero-a-at-water-for-people-4437926242,Administrador(a) Financiero(a),Water For People,posted,2026-07-11T07:37:47.620114,833
9551e45f2cf83e89,https://hn.linkedin.com/jobs/view/oficial-de-patrocinio-tegucigalpa-at-world-vision-4439512073,Oficial de Patrocinio - Tegucigalpa,,scraped,2026-07-11T07:38:02.348155,
20073dfbea869eab,https://hn.linkedin.com/jobs/view/idb-invest-economic-opportunities-advisory-consultant-at-idb-invest-4436624396,IDB Invest - Economic Opportunities Advisory Consultant,BID Invest,posted,2026-07-11T07:38:54.803090,835
d18b099d14240122,https://hn.linkedin.com/jobs/view/data-engineer-honduras-at-core-code-io-4437928533,Data Engineer Honduras,Core Code io,posted,2026-07-11T07:39:05.412038,837
09d3425bcadf5b6d,https://hn.linkedin.com/jobs/view/sdr-sales-development-representative-honduras-at-core-code-io-4438901070,SDR (Sales Development Representative) Honduras,Core Code io,posted,2026-07-11T07:39:46.948749,839
0fd64c99b5513230,https://hn.linkedin.com/jobs/view/frontend-developer-hn-2-at-core-code-io-4438388520,Frontend Developer HN 2,Core Code io,posted,2026-07-11T07:40:02.153374,841
bcd84297cf4fcd1a,https://hn.linkedin.com/jobs/view/especialista-en-importaciones-at-port-to-port-international-corp-4437428474,Especialista en importaciones,Port to Port International Corp.,posted,2026-07-11T07:40:11.946560,843
ed9f4dcc79f6ddd9,https://hn.linkedin.com/jobs/view/coordinador-estrategia-remesas-at-bac-4439327115,Coordinador Estrategia Remesas,,scraped,2026-07-11T07:40:14.523710,
22bd5b9c57a24de2,https://hn.linkedin.com/jobs/view/asistente-de-tienda-sps-y-villanueva-at-grupo-r-center-4439503559,ASISTENTE DE TIENDA SPS Y VILLANUEVA,Grupo R Center,posted,2026-07-11T07:40:40.492739,845
c2f398ea03d29251,https://hn.linkedin.com/jobs/view/oficial-sr-de-consolidacion-financiera-13124-48609-at-grupo-ficohsa-hn-4419983746,OFICIAL SR. DE CONSOLIDACION FINANCIERA (13124) - 48609,Grupo Ficohsa HN,posted,2026-07-11T07:40:53.810269,847
302e8448adfbb282,https://hn.linkedin.com/jobs/view/technical-advisor-i-wash-at-catholic-relief-services-4438382208,Technical Advisor I-WASH,Catholic Relief Services,posted,2026-07-11T07:41:04.069275,849
d105ad7cb90bf940,https://hn.linkedin.com/jobs/view/supervisor-port-operations-at-crowley-4420625023,"SUPERVISOR, PORT OPERATIONS",Crowley,posted,2026-07-11T07:41:15.308710,851
d6ed9c7de69dba4d,https://hn.linkedin.com/jobs/view/vendedor-for%C3%A1neo-para-zona-occidente-at-ledison-4439323593,Vendedor Foráneo para Zona Occidente,Ledison,posted,2026-07-11T07:41:29.562896,853
5bf9a230a5cf4b83,https://hn.linkedin.com/jobs/view/team-lead-supervisor-temporary-contract-at-intouchcx-4437333883,Team Lead (Supervisor) (Temporary Contract),,scraped,2026-07-11T07:41:32.229333,
f79f6ea3519aa150,https://hn.linkedin.com/jobs/view/marketing-specialist-at-cs-outsource-4438372353,Marketing Specialist,CS Outsource,posted,2026-07-11T07:41:58.107944,145
0bd821fd4d5c7b52,https://hn.linkedin.com/jobs/view/smartphone-task-expert-%246-hr-remote-at-crossing-hurdles-4437549410,Smartphone Task Expert | $6/hr Remote,Crossing Hurdles,posted,2026-07-11T07:42:29.169043,855
4c877505a806c959,https://hn.linkedin.com/jobs/view/entomologist-for-international-humanitarian-missions-at-reliefweb-4439006010,Entomologist for International Humanitarian Missions,ReliefWeb,posted,2026-07-11T07:43:02.387235,857
ef03bd6492f17dd2,https://hn.linkedin.com/jobs/view/mercaderista-puerto-cort%C3%A9s-at-gomezlee-marketing-4435932418,Mercaderista - Puerto Cortés,,scraped,2026-07-11T07:43:19.017480,
36a82cdaef6e6221,https://hn.linkedin.com/jobs/view/consultor-de-ventas-en-ciberseguridad-at-sisap-4424909531,Consultor de Ventas en Ciberseguridad,SISAP,posted,2026-07-11T07:43:36.900407,859
6f37f943dd525308,https://hn.linkedin.com/jobs/view/practicas-profesionales-universidades-gildan-rio-nance-2026-at-gildan-4380932878,Practicas Profesionales Universidades - Gildan Rio Nance 2026,,scraped,2026-07-11T07:43:43.430287,
0853e363110ae299,https://hn.linkedin.com/jobs/view/technical-advisor-i-meal-at-catholic-relief-services-4438372774,Technical Advisor I- MEAL,Catholic Relief Services,posted,2026-07-11T07:44:16.367462,861
0054c2ed6044e68b,https://hn.linkedin.com/jobs/view/spanish-bilingual-customer-service-specialist-at-talentpop-app-4434878405,Spanish Bilingual Customer Service Specialist,TalentPop App,posted,2026-07-11T07:44:45.778032,535
76023915fbeefb39,https://hn.linkedin.com/jobs/view/associate-trainer-seasonal-at-resultscx-4439395868,Associate Trainer - Seasonal,ResultsCX,posted,2026-07-11T07:44:58.863477,409
d3b596de00bb0e0d,https://hn.linkedin.com/jobs/view/senior-full-stack-engineer-react-%2B-kotlin-remote-latin-america-at-fullstack-4438515653,Senior Full Stack Engineer (React + Kotlin) - Remote - Latin America,FullStack,posted,2026-07-11T07:45:06.742053,717
0b5ba8400d6c968d,https://hn.linkedin.com/jobs/view/senior-full-stack-engineer-react-%2B-kotlin-remote-latin-america-at-fullstack-4438520477,Senior Full Stack Engineer (React + Kotlin) - Remote - Latin America,FullStack,posted,2026-07-11T07:45:13.627775,717
168b63879e96bef7,https://hn.linkedin.com/jobs/view/practicante-universitario-a-san-pedro-sula-at-cargill-4439318176,Practicante Universitario (a) / San Pedro Sula,Cargill,posted,2026-07-11T07:45:19.507305,215
08f8d80cea5616bf,https://hn.linkedin.com/jobs/view/practicante-universitario-villanueva-cortes-at-cargill-4439313466,Practicante Universitario / Villanueva Cortes,Cargill,posted,2026-07-11T07:45:32.487291,863
56a0998931ad7624,https://hn.linkedin.com/jobs/view/practicante-universitario-a-villanueva-cortes-at-cargill-4420458617,Practicante Universitario (a) - Villanueva Cortes,Cargill,posted,2026-07-11T07:45:37.312448,111
ac88cf96d445b3f8,https://hn.linkedin.com/jobs/view/dise%C3%B1ador-gr%C3%A1fico-at-tci-t%C3%A9cnicos-de-control-industrial-4439306633,Diseñador gráfico,TCI Técnicos de Control Industrial,posted,2026-07-11T07:45:55.081227,865
e6bdc58559d74826,https://hn.linkedin.com/jobs/view/coordinador-a-de-operaciones-y-administraci%C3%B3n-at-ac-talentos-4439390855,Coordinador(a) de Operaciones y Administración,AC Talentos,posted,2026-07-11T11:52:32.467718,867
301d13528a19ba77,https://hn.linkedin.com/jobs/view/analista-de-tesorer%C3%ADa-at-bia-honduras-4438690959,Analista de tesorería,bia Honduras,posted,2026-07-11T11:53:25.023443,869
cbbc35fa619cd550,https://hn.linkedin.com/jobs/view/jss-territory-representative-at-milwaukee-tool-4417974623,JSS Territory Representative,Milwaukee Tool,posted,2026-07-11T11:54:20.444009,871
1a54d35093d60d83,https://hn.linkedin.com/jobs/view/motorista-de-equipo-pesado-at-grupo-q-4439511608,Motorista de Equipo Pesado,,scraped,2026-07-11T11:54:29.026483,
05f72613fbb39b67,https://hn.linkedin.com/jobs/view/backend-developer-hnd-at-core-code-io-4437940187,Backend Developer HND,Core Code io,posted,2026-07-11T11:54:50.897274,873
76635e337593e396,https://hn.linkedin.com/jobs/view/granjero-galponero-at-corporaci%C3%B3n-multi-inversiones-4436657356,Granjero/Galponero,,scraped,2026-07-11T11:54:59.530598,
119320397554c6fb,https://hn.linkedin.com/jobs/view/field-service-engineer-honduras-at-sungrow-4428736782,Field Service Engineer - Honduras,,scraped,2026-07-11T11:55:07.905793,
a5d501c66311a59d,https://hn.linkedin.com/jobs/view/sdr-sales-development-representative-hn-3-at-core-code-io-4438900103,SDR (Sales Development Representative) HN 3,Core Code io,posted,2026-07-11T11:56:00.001237,875
ea5cf291e8933d1d,https://hn.linkedin.com/jobs/view/business-developer-ejecutivo-comercial-account-executive-hnd-at-core-code-io-4438387582,Business Developer / Ejecutivo Comercial / Account Executive HND,Core Code io,posted,2026-07-11T11:56:30.596865,877
cfa70bed544b6ec2,https://hn.linkedin.com/jobs/view/gerente-de-agencia-la-flecha-santa-b%C3%A1rbara-at-grupo-salinas-honduras-4439540892,Gerente de Agencia La Flecha Santa Bárbara,Grupo Salinas Honduras,posted,2026-07-11T11:57:07.120001,879
43669a3983aa5a16,https://hn.linkedin.com/jobs/view/banco-de-talento-representante-de-control-integrado-de-plagas-tegucigalpa-at-ecolab-4389919372,Banco de talento: Representante de control integrado de plagas (Tegucigalpa),Ecolab,posted,2026-07-11T11:57:50.272079,881
da8d918e92190ef4,https://hn.linkedin.com/jobs/view/igaming-marketing-manager-at-dynamico-4435922174,iGaming Marketing Manager,Dynamico,posted,2026-07-11T11:58:01.456654,883
47db2ee22e69ec36,https://hn.linkedin.com/jobs/view/idb-invest-investment-associate-infra-energy-sector-central-america-and-mexico-region-at-idb-invest-4436634670,IDB Invest - Investment Associate - Infra & Energy Sector -Central America and Mexico Region,BID Invest,posted,2026-07-11T11:58:36.824438,885
c26e3174bc01621f,https://hn.linkedin.com/jobs/view/video-recording-expert-%246-hr-remote-at-crossing-hurdles-4437980116,Video Recording Expert | $6/hr Remote,Crossing Hurdles,posted,2026-07-11T11:58:50.260708,887
ebc9759656f5dc9f,https://hn.linkedin.com/jobs/view/guest-relations-specialist-remote-at-premier-pads-rentals-4438362999,Guest Relations Specialist (Remote),Premier Pads Rentals,posted,2026-07-11T11:59:18.751183,889
db705bffeb2c8753,https://hn.linkedin.com/jobs/view/ejecutivo-de-ventas-b2b-at-pricesmart-4436660016,Ejecutivo de ventas B2B,PriceSmart,posted,2026-07-11T11:59:46.978147,891
e49aaeff2abfc71d,https://hn.linkedin.com/jobs/view/consultor-senior-de-ventas-y-distribuci%C3%B3n-sap-at-gbm-4439383376,Consultor Senior de Ventas y Distribución SAP,GBM,posted,2026-07-11T12:00:07.308425,893
824e3b1736a40472,https://hn.linkedin.com/jobs/view/practicante-universitario-a-san-pedro-sula-at-cargill-4420989138,Practicante Universitario (a) / San Pedro Sula,Cargill,posted,2026-07-11T12:01:50.733255,215
583df8210070ac35,https://hn.linkedin.com/jobs/view/account-manager-at-vntrip-4436657758,ACCOUNT MANAGER,Vntrip,posted,2026-07-11T15:49:22.010188,895
9c7ecf4d493e270f,https://hn.linkedin.com/jobs/view/talent-acquisition-specialist-remote-at-viva-talent-4439556759,Talent Acquisition Specialist (Remote),Viva Talent,posted,2026-07-11T15:49:54.265534,673
dd03d86e176f0a53,https://hn.linkedin.com/jobs/view/vendedor-a-de-oficina-en-tegucigalpa-at-grupo-r-center-4439504443,VENDEDOR(A) DE OFICINA EN TEGUCIGALPA,Grupo R Center,posted,2026-07-11T15:50:25.458641,897
343960403466de70,https://hn.linkedin.com/jobs/view/frontend-developer-hnd-at-core-code-io-4437947022,Frontend Developer HND,Core Code io,posted,2026-07-11T15:50:42.231471,899
9ed7e79205029368,https://hn.linkedin.com/jobs/view/oficial-jr-administrativo-de-corredurias-3367-48962-at-grupo-ficohsa-hn-4439383646,OFICIAL JR. ADMINISTRATIVO DE CORREDURIAS (3367) - 48962,Grupo Ficohsa HN,posted,2026-07-11T15:50:55.685593,901
db59e097cae05857,https://hn.linkedin.com/jobs/view/spanish-interpreter-at-kreato-global-bpo-and-language-solutions-4435990451,Spanish Interpreter,Kreato Global | BPO and Language Solutions,posted,2026-07-11T15:51:13.203305,903
2b7874ce57b8d800,https://hn.linkedin.com/jobs/view/encargado-de-tienda-at-omr-human-talent-4439511194,ENCARGADO DE TIENDA,OMR HUMAN TALENT,posted,2026-07-11T15:51:28.815370,905
a383a17b40891ef4,https://hn.linkedin.com/jobs/view/business-developer-ejecutivo-comercial-account-executive-honduras-at-core-code-io-4438900107,Business Developer / Ejecutivo Comercial / Account Executive Honduras,Core Code io,posted,2026-07-11T15:51:44.504706,907
cfdcfbea33829c24,https://hn.linkedin.com/jobs/view/utilitario-servicios-grales-at-gildan-4431162442,Utilitario - Servicios Grales,,scraped,2026-07-11T15:52:05.188932,
674ca4fa98a6472f,https://hn.linkedin.com/jobs/view/ejecutivo-a-de-visual-trade-marketing-at-aspiraciones-human-capital-4438865642,Ejecutivo(a) de Visual & Trade Marketing,Aspiraciones Human Capital,posted,2026-07-11T15:52:32.529358,909
2642594954e15d6d,https://hn.linkedin.com/jobs/view/frontend-developer-hn-at-core-code-io-4437946062,Frontend Developer HN,Core Code io,posted,2026-07-11T15:53:35.785062,911
3c7f01d38525016a,https://hn.linkedin.com/jobs/view/business-developer-ejecutivo-comercial-account-executive-hn-at-core-code-io-4437946060,Business Developer / Ejecutivo Comercial / Account Executive HN,Core Code io,posted,2026-07-11T15:54:05.007717,913
ee7ad200cb12b7c8,https://hn.linkedin.com/jobs/view/analista-de-ti-at-roatan-ferry-the-galaxy-wave-4439302709,Analista de TI,,scraped,2026-07-11T15:54:09.496201,
04183dd52d4f2eb7,https://hn.linkedin.com/jobs/view/manual-qa-engineer-remote-latin-america-at-fullstack-4439368388,Manual QA Engineer - Remote - Latin America,FullStack,posted,2026-07-11T15:54:23.698560,825
653bf5900ef75a5e,https://hn.linkedin.com/jobs/view/responsable-%C3%A9tude-m%C3%A9canique-affaire-mechanical-project-manager-at-mondragon-assembly-brasil-4438927763,Responsable Étude Mécanique Affaire - Mechanical Project Manager,,scraped,2026-07-11T15:54:52.094777,
0ad023b48232b9eb,https://hn.linkedin.com/jobs/view/sdr-sales-development-representative-hnd-at-core-code-io-4438381726,SDR (Sales Development Representative) HND,Core Code io,posted,2026-07-11T15:55:14.503459,915
117aef6c4ae73ae4,https://hn.linkedin.com/jobs/view/practicas-profesionales-colegios-gildan-rio-nance-2026-at-gildan-4380943305,Practicas Profesionales Colegios - Gildan Rio Nance 2026,,scraped,2026-07-11T15:55:19.074825,
6814dde9dcad5336,https://hn.linkedin.com/jobs/view/sr-sdet-gaming-industry-at-perform-4363082889,Sr. SDET (Gaming Industry),Perform,posted,2026-07-11T15:55:38.890187,917
b2a2bc280a9c6a41,https://hn.linkedin.com/jobs/view/cientifico-datos-riesgos-13189-48840-at-grupo-ficohsa-hn-4430906323,CIENTIFICO DATOS RIESGOS (13189) - 48840,Grupo Ficohsa HN,posted,2026-07-11T15:57:41.914522,919
4554b0bc846dbaef,https://hn.linkedin.com/jobs/view/senior-agentic-product-designer-remote-latin-america-at-fullstack-4419979382,Senior Agentic Product Designer - Remote - Latin America,FullStack,posted,2026-07-11T15:57:48.640166,805
c370e003b5c58b69,https://hn.linkedin.com/jobs/view/banco-de-talento-representante-de-control-integrado-de-plagas-san-pedro-sula-at-ecolab-4389905787,Banco de Talento: Representante de control integrado de plagas (San Pedro Sula),Ecolab,posted,2026-07-11T15:58:01.281514,921
6d5cbe0a1636b754,https://hn.linkedin.com/jobs/view/product-designer-figma-%2B-agentic-ai-remote-latin-america-at-fullstack-4421243535,Product Designer (Figma + Agentic AI) - Remote - Latin America,FullStack,posted,2026-07-11T15:58:18.302542,923
bb4f1550e8757083,https://hn.linkedin.com/jobs/view/ayudante-de-envase-at-cervecer%C3%ADa-hondure%C3%B1a-4439354829,AYUDANTE DE ENVASE,Cervecería Hondureña,posted,2026-07-11T15:59:02.708271,925
f38af4c276f9d7d7,https://hn.linkedin.com/jobs/view/practicante-rh-villanueva-cort%C3%A9s-at-cargill-4420974831,Practicante RH - Villanueva Cortés,Cargill,posted,2026-07-11T15:59:19.032551,927
f3d1d5a840914f92,https://hn.linkedin.com/jobs/view/cloud-architect-gcp-at-applaudo-4439335289,Cloud Architect (GCP),,scraped,2026-07-11T15:59:31.641015,
eede01a711e24763,https://hn.linkedin.com/jobs/view/supervisor-a-log%C3%ADstico-at-m%C3%A9dicos-sin-fronteras-latinoam%C3%A9rica-4438818775,SUPERVISOR/A LOGÍSTICO,,scraped,2026-07-11T19:57:55.930933,
5efe3ca65157795f,https://hn.linkedin.com/jobs/view/analista-contable-y-financiero-at-ac-talentos-4439505458,Analista Contable y Financiero,AC Talentos,posted,2026-07-11T19:58:22.339761,929
ad6839c6a01b1c6d,https://hn.linkedin.com/jobs/view/administrative-assistant-honduras-at-core-code-io-4437034988,Administrative Assistant Honduras,Core Code io,posted,2026-07-11T19:58:32.915016,931
6d11e4ecadf570e2,https://hn.linkedin.com/jobs/view/analista-de-documentos-at-grupo-vesta-oficial-4439392044,Analista de Documentos,,scraped,2026-07-11T19:58:35.483524,
ad49327f2130a123,https://hn.linkedin.com/jobs/view/especialista-de-soporte-t%C3%A9cnico-hnd-at-core-code-io-4437924965,Especialista de Soporte Técnico HND,Core Code io,posted,2026-07-11T19:59:02.671711,933
2bffbab784b71a1b,https://hn.linkedin.com/jobs/view/lider-comercial-at-grupo-salinas-honduras-4439051574,Lider Comercial,Grupo Salinas Honduras,posted,2026-07-11T19:59:16.564291,935
2d5c08608f14c87f,https://hn.linkedin.com/jobs/view/virtual-executive-assistant-remote-at-viva-talent-4439560495,Virtual Executive Assistant (Remote),Viva Talent,posted,2026-07-11T19:59:54.143387,385
09cd3b639cda234d,https://hn.linkedin.com/jobs/view/dise%C3%B1ador-ux-ui-hnd-at-core-code-io-4438399171,Diseñador UX/UI HND,Core Code io,posted,2026-07-11T20:00:10.260754,937
25463dbfae35fb4d,https://hn.linkedin.com/jobs/view/logistics-ops-executive-assistant-remote-at-viva-talent-4439550953,Logistics & Ops Executive Assistant (Remote),Viva Talent,posted,2026-07-11T20:00:40.406727,359
f4cd64df3167881c,https://hn.linkedin.com/jobs/view/especialista-sr-direcci%C3%B3n-tecnol%C3%B3gica-at-bac-4439519245,Especialista Sr. Dirección Tecnológica,,scraped,2026-07-11T20:01:13.063757,
62e3a63183eccb3f,https://hn.linkedin.com/jobs/view/encargado-de-granja-2-at-corporaci%C3%B3n-multi-inversiones-4435605168,Encargado de Granja 2,,scraped,2026-07-11T20:01:33.408464,
fe006c3b7e1cb770,https://hn.linkedin.com/jobs/view/corporate-english-trainer-spanish-bilingual-at-gofluent-4435960968,Corporate English Trainer (Spanish Bilingual),,scraped,2026-07-11T20:01:53.869523,
df5721403611275f,https://hn.linkedin.com/jobs/view/coordinador-de-mercadeo-divisi%C3%B3n-construcci%C3%B3n-at-grupo-platino-4436680597,Coordinador de Mercadeo- División Construcción,,scraped,2026-07-11T20:02:04.470124,
2df801baf89a1968,https://hn.linkedin.com/jobs/view/python-engineer-remote-latin-america-at-fullstack-4421236880,Python Engineer - Remote - Latin America,FullStack,posted,2026-07-11T20:02:34.209941,939
a34a7336ddca493e,https://hn.linkedin.com/jobs/view/product-designer-figma-%2B-agentic-ai-remote-latin-america-at-fullstack-4421242552,Product Designer (Figma + Agentic AI) - Remote - Latin America,FullStack,posted,2026-07-11T20:02:45.431584,923
11e68777d45f3b90,https://hn.linkedin.com/jobs/view/banco-de-talento-tecnol%C3%B3gico-regional-at-grupo-ficohsa-hn-4438115304,Banco de Talento Tecnológico Regional,Grupo Ficohsa HN,posted,2026-07-11T20:02:58.485036,941
052b8a155e1c8bd3,https://hn.linkedin.com/jobs/view/docente-biling%C3%BCe-de-preparatoria-san-pedro-sula-at-ghc-talent-4438875222,Docente Bilingüe de preparatoria/ San Pedro Sula,GHC Talent,posted,2026-07-11T20:03:16.616886,943
64b6fbd5882b467d,https://hn.linkedin.com/jobs/view/ejecutivo-de-negocios-banca-mas-11680-48887-at-grupo-ficohsa-hn-4431193286,EJECUTIVO DE NEGOCIOS BANCA MAS (11680)(48887),Grupo Ficohsa HN,posted,2026-07-11T20:03:34.018730,945
14c6667b979034c4,https://hn.linkedin.com/jobs/view/especialista-riesgo-operacional-y-continuidad-13199-48839-at-grupo-ficohsa-hn-4430910276,ESPECIALISTA RIESGO OPERACIONAL Y CONTINUIDAD (13199) - 48839,Grupo Ficohsa HN,posted,2026-07-11T20:03:50.773893,947
82cfb96332516848,https://hn.linkedin.com/jobs/view/seleccionador-a-de-productos-tegucigalpa-at-cargill-4436671845,Seleccionador (a) de Productos / Tegucigalpa,Cargill,posted,2026-07-11T20:04:59.337110,949
7ee6cb6b6c58e914,https://hn.linkedin.com/jobs/view/almacenista-at-world-food-programme-4438670821,Almacenista,,scraped,2026-07-11T20:05:02.014038,
507797aa60fefe1a,https://hn.linkedin.com/jobs/view/talent-acquisition-specialist-at-charger-logistics-inc-4439582341,Talent Acquisition Specialist,,scraped,2026-07-11T20:05:53.877062,
94509ac7b9c54299,https://hn.linkedin.com/jobs/view/senior-machine-learning-engineer-computer-vision-remote-work-ref%23297285-at-bairesdev-4438268347,Senior Machine Learning Engineer (Computer Vision) - Remote Work | REF#297285,BairesDev,posted,2026-07-11T20:06:12.055293,951
37b7e092166dd840,https://hn.linkedin.com/jobs/view/ejecutivo-comercial-at-ifx-networks-4439562772,Ejecutivo comercial,,scraped,2026-07-11T20:06:20.716050,
1fd5c94f6a3e3e22,https://hn.linkedin.com/jobs/view/spanish-bilingual-customer-service-specialist-at-talentpop-app-4434884488,Spanish Bilingual Customer Service Specialist,TalentPop App,posted,2026-07-11T20:06:38.129042,535
0f132877f41bb442,https://hn.linkedin.com/jobs/view/banco-de-talento-representante-de-control-integrado-de-plagas-tegucigalpa-at-ecolab-4389907833,Banco de talento: Representante de control integrado de plagas (Tegucigalpa),Ecolab,posted,2026-07-11T20:06:47.789503,881
403118222bce5302,https://hn.linkedin.com/jobs/view/practicante-universitario-a-villanueva-cortes-1-at-cargill-4436679700,Practicante Universitario (a) - Villanueva Cortes 1,Cargill,posted,2026-07-11T20:07:05.139667,411
8cd1cf4ee6b537bc,https://hn.linkedin.com/jobs/view/remote-gig-for-videographers-%246-hr-remote-at-crossing-hurdles-4437974670,Remote Gig for Videographers | $6/hr Remote,Crossing Hurdles,posted,2026-07-11T20:07:20.902777,953
6f839a40591091f3,https://hn.linkedin.com/jobs/view/practicante-universitario-a-villanueva-cortes-1-at-cargill-4427866719,Practicante Universitario (a) / Villanueva Cortes 1,Cargill,posted,2026-07-11T20:07:36.353796,411
a6e75357c215ad41,https://hn.linkedin.com/jobs/view/arquitecto-a-at-confidencial-4438808794,Arquitecto/a,CONFIDENCIAL,posted,2026-07-11T20:59:43.053623,955
945c27a419588618,https://hn.linkedin.com/jobs/view/gerente-de-proyectos-verticales-at-galeas-arquitectos-4438528755,Gerente de proyectos verticales,,scraped,2026-07-11T20:59:45.696853,
2fbc7f1e62b3e168,https://hn.linkedin.com/jobs/view/sports-data-collector-football-danl%C3%AD-honduras-at-genius-sports-4435919308,"Sports Data Collector (Football) - Danlí, Honduras",,scraped,2026-07-11T20:59:55.495646,
838eb8817e91aae4,https://hn.linkedin.com/jobs/view/asesor-institucional-jr-tegucigalpa-at-prumisa-4438117923,ASESOR INSTITUCIONAL JR TEGUCIGALPA,,scraped,2026-07-11T21:00:02.187964,
c92596f5b84b24ec,https://hn.linkedin.com/jobs/view/ejecutivo-de-servicio-in-situ-at-asegurame-4438665772,Ejecutivo de Servicio- In Situ,,scraped,2026-07-11T21:00:08.936205,
0950854b8c5074d5,https://hn.linkedin.com/jobs/view/senior-qa-engineer-remote-latin-america-at-kake-4435695837,Senior QA Engineer - Remote - Latin America,Kake,posted,2026-07-11T21:01:52.282519,957
8dddbcde7746e5a1,https://hn.linkedin.com/jobs/view/python-engineer-remote-latin-america-at-fullstack-4421236879,Python Engineer - Remote - Latin America,FullStack,posted,2026-07-11T21:02:02.397169,939
a4e2c7503a38d499,https://hn.linkedin.com/jobs/view/oficial-de-corredur%C3%ADa-at-davivienda-honduras-4423073122,Oficial de correduría,,scraped,2026-07-12T07:51:50.133185,
bca760f540346a2b,https://hn.linkedin.com/jobs/view/customer-logistics-specialist-at-charger-logistics-inc-4439709384,Customer Logistics Specialist,,scraped,2026-07-12T07:52:19.541115,
2bd58ee138cc378c,https://hn.linkedin.com/jobs/view/aluminium-services-sales-manager-at-fives-intralogistics-4438967461,Aluminium Services Sales Manager,,scraped,2026-07-12T07:54:33.374508,
9aa037b1c53f747a,https://hn.linkedin.com/jobs/view/manual-qa-engineer-remote-latin-america-at-fullstack-4439369355,Manual QA Engineer - Remote - Latin America,FullStack,posted,2026-07-12T07:55:19.430694,825
9ba2568ce2b2e47a,https://hn.linkedin.com/jobs/view/senior-agentic-product-designer-remote-latin-america-at-fullstack-4419971930,Senior Agentic Product Designer - Remote - Latin America,FullStack,posted,2026-07-12T07:55:39.136316,805
991f69c6d71869b1,https://hn.linkedin.com/jobs/view/senior-agentic-product-designer-remote-latin-america-at-fullstack-4419985191,Senior Agentic Product Designer - Remote - Latin America,FullStack,posted,2026-07-12T07:55:48.679722,805
f0f97c6647d4f4c1,https://hn.linkedin.com/jobs/view/cloud-architect-gcp-at-applaudo-4439328424,Cloud Architect (GCP),,scraped,2026-07-12T07:56:05.262854,
12e30a340b0ab044,https://hn.linkedin.com/jobs/view/python-engineer-remote-latin-america-at-fullstack-4421250490,Python Engineer - Remote - Latin America,FullStack,posted,2026-07-12T07:56:34.389802,939
199927185fe93a7f,https://hn.linkedin.com/jobs/view/driver-at-unops-4437645023,Driver,,scraped,2026-07-14T07:24:02.988831,
e510e2fc758d4698,https://hn.linkedin.com/jobs/view/especialista-en-n%C3%B3minas-at-booc-backoffice-outsourcing-consulting-4440098443,Especialista en nóminas,,scraped,2026-07-14T07:24:10.717596,
6f48d6b246e723ec,https://hn.linkedin.com/jobs/view/workday-hris-analytics-specialist-at-charger-logistics-inc-4440323371,Workday HRIS & Analytics Specialist,,scraped,2026-07-14T07:24:19.587206,
af333ec1652e5e81,https://hn.linkedin.com/jobs/view/freight-broker-at-avanza-nearshoring-solutions-4438661261,Freight Broker,Avanza - BPO and Staffing Solutions,failed|wp_post_failed,2026-07-14T07:24:31.161943,
7432a40083d7bacf,https://hn.linkedin.com/jobs/view/strategic-pricing-analyst-remote-work-at-bairesdev-4439475321,Strategic Pricing Analyst - Remote Work,BairesDev,failed|wp_post_failed,2026-07-14T07:24:48.918144,
5b745b38d4bd512d,https://hn.linkedin.com/jobs/view/dise%C3%B1ador-ux-ui-honduras-at-core-code-io-4438972104,Diseñador UX/UI Honduras,Core Code io,failed|wp_post_failed,2026-07-14T07:25:09.587461,
9333839c22ff1fef,https://hn.linkedin.com/jobs/view/tecnico-en-electronica-at-mayavision-4440362899,Tecnico en Electronica,MAYAVISION,failed|wp_post_failed,2026-07-14T07:25:20.406526,
56240f78ae2adfa5,https://hn.linkedin.com/jobs/view/business-operation-manager-%E2%80%94-promotex-honduras-at-promotex-inc-4438876995,Business Operation Manager — Promotex Honduras,Promotex Inc,failed|wp_post_failed,2026-07-14T07:25:35.471568,
e960f05c04fe3843,https://hn.linkedin.com/jobs/view/director-a-de-operaciones-at-nuestros-peque%C3%B1os-hermanos%E2%84%A2-4439721423,Director/a de Operaciones,,scraped,2026-07-14T07:25:38.117377,
33ad14c4686df726,https://hn.linkedin.com/jobs/view/auditor-interno-4440048376,Auditor Interno,Distribuidora Panting Zelaya,failed|wp_post_failed,2026-07-14T07:25:49.854413,
2c2f865c7f45667a,https://hn.linkedin.com/jobs/view/customer-success-coordinator-at-vanteo-4440070146,Customer Success Coordinator,Vanteo,failed|wp_post_failed,2026-07-14T07:25:57.534829,
b15430a323a47e42,https://hn.linkedin.com/jobs/view/banco-de-talento-representante-de-control-integrado-de-plagas-san-pedro-sula-at-ecolab-4389907835,Banco de Talento: Representante de control integrado de plagas (San Pedro Sula),Ecolab,failed|wp_post_failed,2026-07-14T07:26:06.411433,
8edff5bc9bb6e736,https://hn.linkedin.com/jobs/view/senior-utilities-specialist-at-sba-communications-4439471053,Senior utilities specialist,SBA Communications,failed|wp_post_failed,2026-07-14T07:26:15.062596,
40c842d63437feca,https://hn.linkedin.com/jobs/view/accounting-lead-at-booc-backoffice-outsourcing-consulting-4440300957,Accounting Lead,,scraped,2026-07-14T07:26:19.696385,
85183da7da94e135,https://hn.linkedin.com/jobs/view/coordinador-de-citas-comerciales-%E2%80%93-soporte-estrat%C3%A9gico-a-ventas-biling%C3%BCe-presencial-at-promotex-inc-4439755649,Coordinador de Citas Comerciales – Soporte Estratégico a Ventas Bilingüe (Presencial),Promotex Inc,failed|wp_post_failed,2026-07-14T07:26:34.289443,
37e5d2f2de2a1186,https://hn.linkedin.com/jobs/view/encargado-de-perecederos-4439336119,ENCARGADO DE PERECEDEROS,DESPENSA FAMILIAR LOPEZ ARELLANO,failed|wp_post_failed,2026-07-14T07:26:43.311344,
f856bb31ad9ae41b,https://hn.linkedin.com/jobs/view/qa-tester-analista-qa-honduras-at-core-code-io-4438961310,QA / Tester (Analista QA) Honduras,Core Code io,failed|wp_post_failed,2026-07-14T07:26:52.014628,
b44e3aca192a9afa,https://hn.linkedin.com/jobs/view/asesor-comercial-de-honduras-at-respira-recruiting-%2B-resources-4421956775,Asesor Comercial de Honduras,Respira Recruiting + Resources,failed|wp_post_failed,2026-07-14T07:27:04.777345,
12e9a2f6bebaf70f,https://hn.linkedin.com/jobs/view/dise%C3%B1ador-ux-ui-hn-2-at-core-code-io-4438954562,Diseñador UX/UI HN 2,Core Code io,failed|wp_post_failed,2026-07-14T07:27:17.608656,
02c07c19d375a0cb,https://hn.linkedin.com/jobs/view/gerente-de-finanzas-at-world-vision-4440042341,Gerente De Finanzas,,scraped,2026-07-14T07:27:28.374632,
01777ae494f1f5d2,https://hn.linkedin.com/jobs/view/asesor-de-ventas-at-grupo-q-4440361688,Asesor de Ventas,,scraped,2026-07-14T07:27:35.056724,
35ae1ea9460a97e2,https://hn.linkedin.com/jobs/view/email-designer-at-social-scout-email-marketing-4440366920,Email Designer,Social Scout Email Marketing,failed|wp_post_failed,2026-07-14T07:27:49.916872,
c69e33fa9a9c6d69,https://hn.linkedin.com/jobs/view/especialista-de-soporte-t%C3%A9cnico-hn-at-core-code-io-4437926766,Especialista de Soporte Técnico HN,Core Code io,failed|wp_post_failed,2026-07-14T07:28:00.581599,
023ec04f43e5c8a0,https://hn.linkedin.com/jobs/view/record-your-daily-routine-get-paid-ai-training-remote-at-toloka-annotators-4437752031,Record Your Daily Routine & Get Paid - AI Training (Remote),Toloka Annotators,failed|wp_post_failed,2026-07-14T07:28:09.358409,
e1b03cfea4ed93e6,https://hn.linkedin.com/jobs/view/ai-content-marketing-specialist-saas-startup-at-scale-up-recruiting-partners-4438919537,AI Content Marketing Specialist - SaaS StartUp,Scale Up Recruiting Partners,failed|wp_post_failed,2026-07-14T07:28:53.234534,
a024a10d482f4c82,https://hn.linkedin.com/jobs/view/director-creativo-digital-at-grupo-garnier-4440368931,Director Creativo Digital,Grupo Garnier,failed|wp_post_failed,2026-07-14T07:29:08.039560,
275e0ea11295422b,https://hn.linkedin.com/jobs/view/manual-qa-engineer-remote-latin-america-at-fullstack-4439369356,Manual QA Engineer - Remote - Latin America,FullStack,failed|wp_post_failed,2026-07-14T07:29:18.817102,
b094762196c7057e,https://hn.linkedin.com/jobs/view/oficial-operativo-adquirencia-12999-48377-at-grupo-ficohsa-hn-4439714081,OFICIAL OPERATIVO ADQUIRENCIA (12999) - 48377,Grupo Ficohsa HN,failed|wp_post_failed,2026-07-14T07:29:35.555069,
3265eea74f870d71,https://hn.linkedin.com/jobs/view/manual-qa-engineer-remote-latin-america-at-fullstack-4439367433,Manual QA Engineer - Remote - Latin America,FullStack,failed|wp_post_failed,2026-07-14T07:29:44.261824,
d1d4651ddc17a458,https://hn.linkedin.com/jobs/view/senior-site-reliability-engineer-sre-remote-work-at-bairesdev-4439472085,Senior Site Reliability Engineer (SRE) - Remote Work,BairesDev,failed|wp_post_failed,2026-07-14T07:29:57.939977,
5b7eb0db2e74ad28,https://hn.linkedin.com/jobs/view/corporate-and-labour-lawyer-at-charger-logistics-inc-4439577548,Corporate and Labour Lawyer,,scraped,2026-07-14T07:30:00.578177,
d02309af65586803,https://hn.linkedin.com/jobs/view/analista-de-inteligencia-comercial-at-corporaci%C3%B3n-multi-inversiones-4437612886,Analista de Inteligencia Comercial,,scraped,2026-07-14T07:30:09.036384,
363660b8a3a94291,https://hn.linkedin.com/jobs/view/supervisor-de-ventas-at-pixelpay-frictionless-payments-4436361881,Supervisor de Ventas,,scraped,2026-07-14T07:30:30.723822,
11b31fc74ae5bf82,https://hn.linkedin.com/jobs/view/mecanico-automotriz-at-grupo-q-4439093111,Mecanico Automotriz,,scraped,2026-07-14T07:30:41.274988,
55e8e88d227bcca2,https://hn.linkedin.com/jobs/view/data-engineer-hn-2-at-core-code-io-4438963309,Data Engineer HN 2,Core Code io,failed|wp_post_failed,2026-07-14T07:31:00.548421,
4f577b3b852e186a,https://hn.linkedin.com/jobs/view/desarrollador-de-negocios-para-zona-occidente-at-ledison-4440094884,Desarrollador de Negocios para Zona Occidente,,scraped,2026-07-14T07:31:03.156316,
dc26c46b9e4add50,https://hn.linkedin.com/jobs/view/asistente-de-p-c-at-plan-international-brasil-4437638438,Asistente de P&C,,scraped,2026-07-14T07:31:11.724197,
cfd0ba57539e4ffd,https://hn.linkedin.com/jobs/view/ejecutivo-de-cuentas-at-ifx-networks-4439567673,Ejecutivo de cuentas,,scraped,2026-07-14T07:31:36.738397,
f2bf6661c6508d44,https://hn.linkedin.com/jobs/view/teacher-at-bilingual-education-for-central-america-beca-4439758744,Teacher,Bilingual Education for Central America (BECA),failed|wp_post_failed,2026-07-14T07:31:53.444061,
dfaabcf2479b8ff2,https://hn.linkedin.com/jobs/view/coordinador-de-sucursales-centro-sur-at-grupo-lafise-4440083014,Coordinador de Sucursales-Centro Sur,Grupo LAFISE,failed|wp_post_failed,2026-07-14T07:32:05.291151,
70397be5c1201ac3,https://hn.linkedin.com/jobs/view/buscamos-socio-a-director-de-expansi%C3%B3n-estrat%C3%A9gica-y-alianzas-aicad-business-school-at-aicad-4439154047,Buscamos Socio/a Director de Expansión Estratégica y Alianzas | AICAD Business School.,AICAD Business School,failed|wp_post_failed,2026-07-14T07:32:21.774606,
6af103bc4c7deeba,https://hn.linkedin.com/jobs/view/full-stack-developer-tegucigalpa-at-movitext-4440316420,Full Stack Developer (TEGUCIGALPA),Movitext,failed|wp_post_failed,2026-07-14T07:32:59.252228,
68ece5db7808707f,https://hn.linkedin.com/jobs/view/logistics-ops-executive-assistant-remote-at-viva-talent-4440079406,Logistics & Ops Executive Assistant (Remote),Viva Talent,failed|wp_post_failed,2026-07-14T07:33:07.118593,
f21e25c56814d7e3,https://hn.linkedin.com/jobs/view/coordinador-de-proyectos-de-construcci%C3%B3n-4439577719,Coordinador de proyectos de construcción,SERVICIOS E INVERSIONES INTEGRALES (SINSA),failed|wp_post_failed,2026-07-14T07:33:14.183035,
656437c0c1a3f4d9,https://hn.linkedin.com/jobs/view/asesor-de-viajes-100%25-remoto-at-dreamport-4438314753,Asesor de Viajes (100% remoto),,scraped,2026-07-14T07:33:18.785721,
d55d48e2a91c28f4,https://hn.linkedin.com/jobs/view/pr%C3%A1cticas-profesionales-pedidos-ya-honduras-at-pedidosya-4361988962,Prácticas profesionales Pedidos Ya - Honduras,,scraped,2026-07-14T07:33:25.456920,
e833a86f1265681e,https://hn.linkedin.com/jobs/view/coordinador-de-call-center-%E2%80%93-operaciones-de-rubro-bancario-espa%C3%B1ol-at-allied-global-4440087380,Coordinador de Call Center – Operaciones de Rubro Bancario (Español),,scraped,2026-07-14T07:33:34.248196,
c546a6f260a9ff53,https://hn.linkedin.com/jobs/view/asistente-jefe-de-televentas-at-grupo-ilp-4440345700,Asistente Jefe de Televentas,,scraped,2026-07-14T07:33:41.177185,
420569c237f046aa,https://hn.linkedin.com/jobs/view/devops-i%2Bd-trabajo-remoto-at-bairesdev-4439423564,DevOps / I+D - Trabajo Remoto,BairesDev,failed|wp_post_failed,2026-07-14T07:33:57.131873,
ed7a366af3a4376a,https://hn.linkedin.com/jobs/view/product-designer-figma-%2B-agentic-ai-remote-latin-america-at-fullstack-4421236887,Product Designer (Figma + Agentic AI) - Remote - Latin America,FullStack,failed|wp_post_failed,2026-07-14T07:34:16.862706,
31d5983e3e0d185b,https://hn.linkedin.com/jobs/view/senior-security-data-scientist-python-remote-work-at-bairesdev-4439446585,Senior Security Data Scientist (Python) - Remote Work,BairesDev,failed|wp_post_failed,2026-07-14T07:34:26.744830,
78badb25bb01c98e,https://hn.linkedin.com/jobs/view/especialista-regional-de-suscripci%C3%B3n-para-bancaseguros-at-grupo-ficohsa-hn-4438359363,Especialista Regional de Suscripción para Bancaseguros,Grupo Ficohsa HN,failed|wp_post_failed,2026-07-14T07:34:41.064853,
c4519b064ba484f3,https://hn.linkedin.com/jobs/view/jefe-regional-aseguramiento-gestion-cambios-12316-48540-at-grupo-ficohsa-hn-4421331196,JEFE REGIONAL ASEGURAMIENTO GESTION CAMBIOS (12316) - 48540,Grupo Ficohsa HN,failed|wp_post_failed,2026-07-14T07:34:57.305142,
b56bcddfd65b3070,https://hn.linkedin.com/jobs/view/senior-security-scrum-master-remote-work-at-bairesdev-4440079963,Senior Security Scrum Master - Remote Work,BairesDev,failed|wp_post_failed,2026-07-14T07:35:05.050933,
fdcf40c95ae81274,https://hn.linkedin.com/jobs/view/product-designer-figma-%2B-agentic-ai-remote-latin-america-at-fullstack-4421242565,Product Designer (Figma + Agentic AI) - Remote - Latin America,FullStack,failed|wp_post_failed,2026-07-14T07:35:13.736584,
0f26bc8c6e2f9348,https://hn.linkedin.com/jobs/view/blockchain-engineer-remote-work-at-bairesdev-4439421898,Blockchain Engineer - Remote Work,BairesDev,failed|wp_post_failed,2026-07-14T07:35:21.576669,
9ec5661cbbccaf95,https://hn.linkedin.com/jobs/view/logistics-representative-at-charger-logistics-inc-4439710181,Logistics Representative,,scraped,2026-07-14T07:35:24.190313,
dbc683e28a86ee38,https://hn.linkedin.com/jobs/view/product-designer-figma-%2B-agentic-ai-remote-latin-america-at-fullstack-4421253350,Product Designer (Figma + Agentic AI) - Remote - Latin America,FullStack,failed|wp_post_failed,2026-07-14T07:35:40.596189,
9f23313f9742b04c,https://hn.linkedin.com/jobs/view/python-engineer-remote-latin-america-at-fullstack-4421236877,Python Engineer - Remote - Latin America,FullStack,failed|wp_post_failed,2026-07-14T07:35:50.225781,
86e3409c13592cb1,https://hn.linkedin.com/jobs/view/fullstack-developer-senior-python-django-%2B-react-remote-latin-america-at-bluelight-4439763117,"Fullstack Developer (Senior) - Python (Django) + React - Remote, Latin America",Bluelight,failed|wp_post_failed,2026-07-14T07:35:58.808140,
6e93518f21a8094b,https://hn.linkedin.com/jobs/view/cyber-defense-analyst-at-applaudo-4440318347,Cyber Defense Analyst,,scraped,2026-07-14T07:36:03.395467,
af0a6b57604e8fe6,https://hn.linkedin.com/jobs/view/night-shift-dispatcher-at-charger-logistics-inc-4440325114,Night Shift Dispatcher,,scraped,2026-07-14T07:36:12.123577,
c4801e63ecb6df3c,https://hn.linkedin.com/jobs/view/python-engineer-remote-latin-america-at-fullstack-4421243539,Python Engineer - Remote - Latin America,FullStack,failed|wp_post_failed,2026-07-14T07:36:28.375421,
e8b87ab337f1d4e3,https://hn.linkedin.com/jobs/view/despachador-de-log%C3%ADstica-terrestre-tardes-at-charger-logistics-inc-4439596937,Despachador de Logística Terrestre - Tardes,,scraped,2026-07-14T07:36:38.970523,
cddc86bf145560c7,https://hn.linkedin.com/jobs/view/senior-agentic-product-designer-remote-latin-america-at-fullstack-4419993041,Senior Agentic Product Designer - Remote - Latin America,FullStack,failed|wp_post_failed,2026-07-14T07:37:13.366723,
81511fef8c5f1fbb,https://hn.linkedin.com/jobs/view/senior-devsecops-engineer-remote-work-at-bairesdev-4439444435,Senior DevSecOps Engineer - Remote Work,BairesDev,failed|wp_post_failed,2026-07-14T07:37:26.997373,
0242e14def4b8eb9,https://hn.linkedin.com/jobs/view/auxiliar-de-tienda-at-bay-island-petroleum-s-a-4440056179,Auxiliar de tienda,,scraped,2026-07-16T07:38:08.654560,
5a407b505ce60e5e,https://hn.linkedin.com/jobs/view/asistente-de-pagos-at-reliefweb-4440805151,Asistente de pagos,ReliefWeb,posted,2026-07-16T07:38:24.594217,959
bcadde64ba439dc0,https://hn.linkedin.com/jobs/view/consultor-de-capital-humano-corporativo-at-grupo-salinas-honduras-4440964584,Consultor de Capital Humano Corporativo,Grupo Salinas Honduras,posted,2026-07-16T07:39:41.768471,961
f705b297008348a0,https://hn.linkedin.com/jobs/view/jefe-de-auditor%C3%ADa-at-bay-island-petroleum-s-a-4438883328,Jefe de auditoría,,scraped,2026-07-16T07:39:46.193269,
0f11b8c303253284,https://hn.linkedin.com/jobs/view/freelance-grabaci%C3%B3n-de-tareas-cotidianas-para-proyecto-de-ia-at-toloka-annotators-4440542333,Freelance: grabación de tareas cotidianas para proyecto de IA,Toloka Annotators,posted,2026-07-16T07:39:57.582017,963
8c54ce8faf889486,https://hn.linkedin.com/jobs/view/bookkeeper-with-quickbooks-at-the-a-career-4429478757,Bookkeeper with QuickBooks,The A Career,posted,2026-07-16T07:40:04.476522,785
4b2451568b3082cd,https://hn.linkedin.com/jobs/view/seo-specialist-at-veta-virtual-4439857739,SEO Specialist,,scraped,2026-07-16T07:40:07.182317,
8acc07d1aa6e8354,https://hn.linkedin.com/jobs/view/hr-recruiter-honduras-at-hire-smart-solutions-4440256612,HR Recruiter (Honduras),Hire Smart Solutions,posted,2026-07-16T07:40:20.441917,965
27615335bc39ee0b,https://hn.linkedin.com/jobs/view/sales-specialist-at-workbetternow-4440573016,Sales Specialist,WorkBetterNow,posted,2026-07-16T07:40:30.191437,967
a0cee3f2b79f4a54,https://hn.linkedin.com/jobs/view/executive-assistant-to-the-chief-legal-officer-clo-at-vermasoft-4440313988,Executive Assistant to the Chief Legal Officer (CLO),VermaSoft,posted,2026-07-16T07:40:45.656816,969
3314bafa225bc691,https://hn.linkedin.com/jobs/view/consultor%C3%ADa-para-el-an%C3%A1lisis-del-modelo-de-gesti%C3%B3n-hospitalaria-mgh-y-definici%C3%B3n-de-brechas-para-su-actualizaci%C3%B3n-unicef-honduras-health-and-nutrition-section-3-5-months-presencial-%23-594499-at-unicef-mk-4440252891,"Consultoría para el análisis del Modelo de Gestión Hospitalaria (MGH) y definición de brechas para su actualización, UNICEF Honduras, Health and Nutrition Section, 3.5 months, presencial, # 594499",,scraped,2026-07-16T07:40:48.341868,
bdade52f1df1c3c4,https://hn.linkedin.com/jobs/view/analista-de-talent-acquisition-trabajo-remoto-at-bairesdev-4440234804,Analista de Talent Acquisition - Trabajo Remoto,BairesDev,posted,2026-07-16T07:42:05.655344,369
007f17b49b38b513,https://hn.linkedin.com/jobs/view/country-manager-at-ufinet-4441210997,Country Manager,UFINET,posted,2026-07-16T07:42:17.939165,971
ba5aa1edd672dfd9,https://hn.linkedin.com/jobs/view/client-success-manager-dental-industry-full-time-remote-canada-hours-at-dental-media-corp-4441284155,"Client Success Manager (Dental Industry) - Full-Time, Remote (Canada Hours)",Dental Media Corp,posted,2026-07-16T07:42:25.218349,973
1e75b330507ce916,https://hn.linkedin.com/jobs/view/medical-scheduler-at-impact-bpo-4439499383,Medical Scheduler,,scraped,2026-07-16T07:42:29.865593,
669686a8eeb2dd18,https://hn.linkedin.com/jobs/view/gestor-aduanero-at-grupo-vesta-oficial-4440347617,Gestor Aduanero,,scraped,2026-07-16T07:42:46.561520,
742011263e0b7b12,https://hn.linkedin.com/jobs/view/consultor%C3%ADa-para-el-an%C3%A1lisis-del-modelo-de-gesti%C3%B3n-hospitalaria-mgh-y-definici%C3%B3n-de-brechas-para-su-actualizaci%C3%B3n-unicef-honduras-health-and-nutrition-section-3-5-months-presencial-%23-594499-at-unicef-chad-4438408964,"Consultoría para el análisis del Modelo de Gestión Hospitalaria (MGH) y definición de brechas para su actualización, UNICEF Honduras, Health and Nutrition Section, 3.5 months, presencial, # 594499",Unicef CHAD,posted,2026-07-16T07:44:08.900859,975
40f77219b1fec51a,https://hn.linkedin.com/jobs/view/lider-financiero-at-grupo-salinas-honduras-4440977109,Lider Financiero,Grupo Salinas Honduras,posted,2026-07-16T07:45:23.682087,977
13dc1352855b8827,https://hn.linkedin.com/jobs/view/hn-tr%C6%B0%E1%BB%9Fng-ban-truy%E1%BB%81n-th%C3%B4ng-%E2%80%93-marketing-at-weone-4439027256,[HN] Trưởng ban Truyền thông – Marketing,,scraped,2026-07-16T07:45:30.430548,
57c7115efee1db4a,https://hn.linkedin.com/jobs/view/bimbo-global-trainee-program-honduras-at-cia-de-talentos-latam-4438006709,Bimbo Global Trainee Program - Honduras,,scraped,2026-07-16T07:46:42.346495,
e54ed855d246f4e7,https://hn.linkedin.com/jobs/view/regional-acct-manager-at-fortinet-4440808153,Regional Acct Manager,Fortinet,posted,2026-07-16T07:46:56.910601,979
ac61f2810eac158a,https://hn.linkedin.com/jobs/view/coordinador-de-desarrollo-local-at-world-vision-4440095941,Coordinador De Desarrollo Local,,scraped,2026-07-16T07:47:03.607406,
63f75960489746f9,https://hn.linkedin.com/jobs/view/productor-de-eventos-at-televicentro-y-emisoras-unidas-4440583343,PRODUCTOR DE EVENTOS,,scraped,2026-07-16T07:48:14.171022,
e8b2816ccc324e21,https://hn.linkedin.com/jobs/view/coordinador-de-producci%C3%B3n-at-corporaci%C3%B3n-multi-inversiones-4440578215,Coordinador de Producción,,scraped,2026-07-16T07:48:20.433701,
6af5dba85b995786,https://hn.linkedin.com/jobs/view/creador-a-de-contenido-pov-para-ia-remoto-at-toloka-annotators-4440581196,Creador(a) de Contenido POV para IA - Remoto,Toloka Annotators,posted,2026-07-16T07:49:38.958677,981
247ea5a431cd803a,https://hn.linkedin.com/jobs/view/executive-assistant-startup-operations-at-hire-overseas-4441271723,Executive Assistant (Startup Operations),Hire Overseas,posted,2026-07-16T07:49:50.300582,983
a4aa737c87f60552,https://hn.linkedin.com/jobs/view/promotor-at-corporaci%C3%B3n-multi-inversiones-4438021749,Promotor,,scraped,2026-07-16T07:49:53.018553,
329e5792b3b2e033,https://hn.linkedin.com/jobs/view/intake-specialist-at-impact-bpo-4439994438,Intake Specialist,,scraped,2026-07-16T07:50:01.941566,
4fc69e32dccd7ef3,https://hn.linkedin.com/jobs/view/ejecutivo-de-estrategia-continuidad-del-negocio-at-banco-atl%C3%A1ntida-4440069005,Ejecutivo de Estrategia Continuidad del Negocio,,scraped,2026-07-16T07:50:10.569592,
5d2e409de455bb7e,https://hn.linkedin.com/jobs/view/procurement-manager-at-veta-virtual-4440621722,Procurement Manager,,scraped,2026-07-16T07:51:27.183495,
850504b7f68a4e33,https://hn.linkedin.com/jobs/view/especialista-de-mercadeo-junior-at-grupo-ilp-4441285595,Especialista de Mercadeo Junior,,scraped,2026-07-16T07:51:37.407198,
e8d84c37356372e5,https://hn.linkedin.com/jobs/view/analista-de-cuentas-por-pagar-ii-at-sba-communications-4439920171,Analista de Cuentas por Pagar II,SBA Communications,posted,2026-07-16T07:52:55.203766,985
ab633df75705c1c0,https://hn.linkedin.com/jobs/view/devops-engineer-hnd-at-core-code-io-4438398280,DevOps Engineer HND,Core Code io,posted,2026-07-16T07:53:03.931249,987
0e971955f91e6c9c,https://hn.linkedin.com/jobs/view/product-security-engineer-remote-work-ref%23298286-at-bairesdev-4440868044,Product Security Engineer - Remote Work | REF#298286,BairesDev,posted,2026-07-16T07:53:18.593151,989
6eda3f57a4ac0327,https://hn.linkedin.com/jobs/view/application-security-engineer-checkmarx-sast-trabajo-remoto-ref%23298353-at-bairesdev-4440846951,Application Security Engineer (Checkmarx / SAST) - Trabajo Remoto | REF#298353,BairesDev,posted,2026-07-16T07:53:29.062672,991
4817fee97552620c,https://hn.linkedin.com/jobs/view/senior-salesforce-administrator-remote-work-ref%23298457-at-bairesdev-4440845995,Senior Salesforce Administrator - Remote Work | REF#298457,BairesDev,posted,2026-07-16T07:53:40.612421,993
ba400b54f0ccb28b,https://hn.linkedin.com/jobs/view/program-manager-at-applaudo-4440802262,Program Manager,,scraped,2026-07-16T07:53:43.295516,
147018227f7d07d7,https://hn.linkedin.com/jobs/view/front-office-client-specialist-at-a-reve-studio-4440855668,Front Office & Client Specialist,A'reve Studio,posted,2026-07-16T07:53:59.445723,995
d76b5b774d49eb29,https://hn.linkedin.com/jobs/view/automotive-tech-support-hn-at-horatio-4440378212,Automotive Tech Support (HN),Horatio,posted,2026-07-16T07:54:12.177790,997
22c5c3367d58063b,https://hn.linkedin.com/jobs/view/program-manager-i-%E2%80%93-venezuela-earthquake-response-at-catholic-relief-services-4438440302,Program Manager I – Venezuela Earthquake Response,Catholic Relief Services,posted,2026-07-16T07:54:19.960891,999
0de73c5931e15b30,https://hn.linkedin.com/jobs/view/backend-developer-hn-2-at-core-code-io-4438380746,Backend Developer HN 2,Core Code io,posted,2026-07-16T07:54:28.435562,1001
c56ce30b01e2ed41,https://hn.linkedin.com/jobs/view/administrador-de-soporte-ti-%E2%80%93-nivel-3-at-gildan-4382178433,Administrador de Soporte TI – Nivel 3,,scraped,2026-07-16T07:54:31.189778,
b362da59d8e46ae4,https://hn.linkedin.com/jobs/view/asesor-a-de-repuestos-la-33-calle-at-inchcape-am%C3%A9ricas-4440803076,Asesor(a) de Repuestos- La 33 Calle,Inchcape Américas,posted,2026-07-16T07:54:42.316044,1003
d73273c0c1881bb0,https://hn.linkedin.com/jobs/view/analista-administrativo-san-pedro-sula-at-grupo-ficohsa-hn-4439892099,Analista Administrativo- San Pedro Sula,Grupo Ficohsa HN,posted,2026-07-16T07:54:52.171808,1005
cc62f5cf6ee51296,https://hn.linkedin.com/jobs/view/product-designer-figma-%2B-agentic-ai-remote-latin-america-at-fullstack-4421246541,Product Designer (Figma + Agentic AI) - Remote - Latin America,FullStack,posted,2026-07-16T07:54:57.005567,923
8425740e2e9cc2ac,https://hn.linkedin.com/jobs/view/machine-learning-engineer-remote-work-ref%23298258-at-bairesdev-4440863121,Machine Learning Engineer - Remote Work | REF#298258,BairesDev,posted,2026-07-16T07:55:05.077872,1007
3a9d99983832e03e,https://hn.linkedin.com/jobs/view/machine-learning-engineer-remote-work-at-bairesdev-4439914351,Machine Learning Engineer - Remote Work,BairesDev,posted,2026-07-16T07:55:09.993169,509
a45136a29dcdfc8e,https://hn.linkedin.com/jobs/view/cloud-engineer-openstack-%2B-python-remote-work-ref%23298169-at-bairesdev-4440863107,Cloud Engineer (OpenStack + Python) - Remote Work | REF#298169,BairesDev,posted,2026-07-16T07:55:17.777935,1009
eb59e1171042cfca,https://hn.linkedin.com/jobs/view/coordinador-de-trade-marketing-operativo-hn-at-corporaci%C3%B3n-multi-inversiones-4438027284,Coordinador de Trade Marketing Operativo HN,,scraped,2026-07-16T07:55:26.731148,
1cf85d780a0d940e,https://hn.linkedin.com/jobs/view/agentic-ai-engineer-remote-work-ref%23298243-at-bairesdev-4440851790,Agentic AI Engineer - Remote Work | REF#298243,BairesDev,posted,2026-07-16T07:55:39.407030,1011
95bfd55f5980a33c,https://hn.linkedin.com/jobs/view/medical-billing-specialist-at-prism-health-4440388533,Medical Billing Specialist,Prism Health,posted,2026-07-16T07:55:50.907598,1013
a765f7d19cbbf7fa,https://hn.linkedin.com/jobs/view/promotor-comercial-at-dysersa-4440577867,Promotor Comercial,DYSERSA,posted,2026-07-16T07:57:06.026806,1015
c1649a4255e4ea3a,https://hn.linkedin.com/jobs/view/asesor-de-ventas-industrial-tegucigalpa-at-central-de-repuestos-hondure%C3%B1a-centrho-4441204480,Asesor de Ventas Industrial - Tegucigalpa,,scraped,2026-07-16T07:57:10.699354,
c8bcab4a41a2978e,https://hn.linkedin.com/jobs/view/backend-developer-hn-at-core-code-io-4438971141,Backend Developer HN,Core Code io,posted,2026-07-16T07:58:32.706541,1017
0ad4c192f95a4746,https://hn.linkedin.com/jobs/view/jefe-de-tienda-choloma-at-grupo-monge-4440546102,Jefe de Tienda Choloma,Grupo Monge.,posted,2026-07-16T07:58:43.508001,1019
f1695a6c5305a7c2,https://hn.linkedin.com/jobs/view/director-a-de-cuentas-agencia-de-publicidad-at-grupo-garnier-4440069376,Director(a) de Cuentas | Agencia de Publicidad |,Grupo Garnier,posted,2026-07-16T07:58:52.439342,1021
38729b2c42b11fe3,https://hn.linkedin.com/jobs/view/jefe-de-mercadeo-sps-at-diunsa-4440564576,Jefe de Mercadeo SPS,,scraped,2026-07-16T07:58:55.107659,
2b32b9c02c42e594,https://hn.linkedin.com/jobs/view/vendedor-at-ambienta-solutions-by-b-f-4440563473,Vendedor,,scraped,2026-07-16T07:59:03.711954,
4b054f9cb2a4b62d,https://hn.linkedin.com/jobs/view/guest-relations-specialist-at-cs-outsource-4439461657,Guest Relations Specialist,CS Outsource,posted,2026-07-16T08:00:20.129143,1023
0624d106591a2200,https://hn.linkedin.com/jobs/view/asistente-de-pagos-at-plan-international-brasil-4438062155,Asistente de Pagos,,scraped,2026-07-16T08:00:22.777742,
ddc27f36f1fd9f84,https://hn.linkedin.com/jobs/view/ejecutivo-a-comercial-retail-at-cementos-argos-honduras-4441221316,EJECUTIVO(A) COMERCIAL - RETAIL,,scraped,2026-07-16T08:00:33.611100,
a05e4e1cfbae75fb,https://hn.linkedin.com/jobs/view/staff-accountant-at-veta-virtual-4440621721,Staff Accountant,,scraped,2026-07-16T08:01:43.953302,
4fd5eb9d96ef9725,https://hn.linkedin.com/jobs/view/auxiliar-contable-la-ceiba-at-distribuidora-fiesta-s-de-rl-de-c-v-4439321514,Auxiliar Contable-La Ceiba,,scraped,2026-07-16T08:01:54.240536,
1facb7f1359e0428,https://hn.linkedin.com/jobs/view/talent-acquisition-associate-remote-work-at-bairesdev-4439894794,Talent Acquisition Associate - Remote Work,BairesDev,posted,2026-07-16T08:02:07.223893,1025
bc7b9c0c1216e377,https://hn.linkedin.com/jobs/view/ejecutivo-de-cuentas-4597-49063-at-grupo-ficohsa-hn-4440917283,EJECUTIVO DE CUENTAS (4597) - 49063,Grupo Ficohsa HN,posted,2026-07-16T08:02:17.600763,1027
69253e43e6af7324,https://hn.linkedin.com/jobs/view/machine-learning-engineer-remote-work-ref%23294098-at-bairesdev-4440851770,Machine Learning Engineer - Remote Work | REF#294098,BairesDev,posted,2026-07-16T08:02:29.174953,1029
94310d478b55dda1,https://hn.linkedin.com/jobs/view/coordinador-legal-at-empresa-confidencial-4439372822,Coordinador legal,Empresa Confidencial,posted,2026-07-16T08:02:37.930503,1031
b46b8eb6c3a777bf,https://hn.linkedin.com/jobs/view/supervisor-senior-de-planeacion-de-la-producci%C3%B3n-at-cargill-4440595079,Supervisor Senior de Planeacion de la Producción,Cargill,posted,2026-07-16T08:02:46.619527,1033
08748e6e545138c0,https://hn.linkedin.com/jobs/view/analista-de-beneficios-y-atenci%C3%B3n-al-asegurado-at-assa-compa%C3%B1ia-de-seguros-4438031291,Analista de Beneficios y Atención al Asegurado,ASSA Compañia de Seguros,posted,2026-07-16T08:02:59.936654,1035
2224e1c1bbbe648b,https://hn.linkedin.com/jobs/view/t%C3%A9cnico-electromec%C3%A1nico-at-inmaquip-4440989827,Técnico electromecánico,,scraped,2026-07-16T08:03:08.614537,
3c2ac134a5f0e5ef,https://hn.linkedin.com/jobs/view/ejecutivo-comercial-remoto-mercado-latam-at-ally-pro-4440862784,Ejecutivo Comercial | Remoto | Mercado LATAM,ALLY PRO,posted,2026-07-16T08:04:24.757503,1037
b6db0e68b4f88a0b,https://hn.linkedin.com/jobs/view/senior-seo-content-strategist-at-veta-virtual-4440627448,Senior SEO Content Strategist,,scraped,2026-07-16T08:04:27.444100,
8169657d08b27092,https://sa.linkedin.com/jobs/view/application-developer-at-tuwaiq-casting-forging-company-4437405377,Application Developer,Tuwaiq Casting & Forging Company,posted,2026-07-16T08:04:37.663013,157
998c0fa82fd9bd32,https://hn.linkedin.com/jobs/view/crm-manager-remote-work-at-bairesdev-4440205934,CRM Manager - Remote Work,BairesDev,posted,2026-07-16T08:04:45.350970,1039
552cdc7827bb432f,https://hn.linkedin.com/jobs/view/it-site-support-supervisor-at-ibex-4438021961,IT Site Support Supervisor,ibex,posted,2026-07-16T08:04:54.235760,1041
417a4abee0cdbd63,https://hn.linkedin.com/jobs/view/analyst-i-customer-experience-at-crowley-4432010867,"Analyst I, Customer Experience",Crowley,posted,2026-07-16T08:05:05.650327,1043
29f4746ef224b835,https://hn.linkedin.com/jobs/view/account-executive-soluciones-saas-y-customer-experience-cx-at-revolution-technologies-revtec-s-a-4439364962,Account Executive soluciones SaaS y Customer Experience (CX),,scraped,2026-07-16T08:05:10.371142,
855fdc5a49e423a7,https://hn.linkedin.com/jobs/view/account-executive-latam-billingual-spanish-english-at-bobtail-4439856950,Account Executive LATAM (Billingual Spanish-English),Bobtail,posted,2026-07-16T08:05:28.116391,1045
a2b55d891ce43203,https://hn.linkedin.com/jobs/view/vendedor-4440841946,Vendedor,Camaleon Print HN,posted,2026-07-16T08:05:35.179548,1047
9977b83123fa38ca,https://hn.linkedin.com/jobs/view/ejecutivo-de-ventas-corporativas-senior-at-prosegur-4437280969,Ejecutivo de Ventas Corporativas Senior,,scraped,2026-07-16T08:05:37.805489,
7f93cba4d5e9ecdf,https://hn.linkedin.com/jobs/view/consultor-de-preventa-senior-%E2%80%93-ciberseguridad-at-sisap-4438354452,Consultor de Preventa Senior – Ciberseguridad,SISAP,posted,2026-07-16T08:07:00.057912,1049
c97ed6264ab1ea37,https://hn.linkedin.com/jobs/view/gerente-de-agencia-1582-48514-at-grupo-ficohsa-hn-4431700100,GERENTE DE AGENCIA (1582) - 48514,Grupo Ficohsa HN,posted,2026-07-16T08:08:30.744903,1051
6a65d538ce382418,https://hn.linkedin.com/jobs/view/qa-mobile-automation-engineer-at-applaudo-4440066603,QA Mobile Automation Engineer,,scraped,2026-07-16T08:08:37.383864,
5fb973d4ea1ea0fb,https://hn.linkedin.com/jobs/view/full-stack-engineer-react-%2B-kotlin-remote-latin-america-at-fullstack-4432037288,Full Stack Engineer (React + Kotlin) - Remote - Latin America,FullStack,posted,2026-07-16T08:08:46.115011,599
6f8bb56512a7f25c,https://hn.linkedin.com/jobs/view/full-stack-engineer-react-%2B-kotlin-remote-latin-america-at-fullstack-4432043155,Full Stack Engineer (React + Kotlin) - Remote - Latin America,FullStack,posted,2026-07-16T08:08:50.863649,599
b8b6f11b5abcd400,https://hn.linkedin.com/jobs/view/full-stack-engineer-react-%2B-kotlin-remote-latin-america-at-fullstack-4432030365,Full Stack Engineer (React + Kotlin) - Remote - Latin America,FullStack,posted,2026-07-16T08:08:55.514114,599
6aedc186e8295ee9,https://hn.linkedin.com/jobs/view/oficial-desarrollo-13174-48747-at-grupo-ficohsa-hn-4441401142,OFICIAL DESARROLLO (13174) - 48747,Grupo Ficohsa HN,posted,2026-07-16T08:09:11.677711,1053
19c1810b148187ed,https://hn.linkedin.com/jobs/view/oficial-desarrollo-13175-48748-at-grupo-ficohsa-hn-4441299283,OFICIAL DESARROLLO (13175) - 48748,Grupo Ficohsa HN,posted,2026-07-16T08:09:26.458493,1055
7fab20fd83e8bf6e,https://hn.linkedin.com/jobs/view/software-engineer-redis-remote-work-ref%23298123-at-bairesdev-4440847871,Software Engineer (Redis) - Remote Work | REF#298123,BairesDev,posted,2026-07-16T08:09:34.044643,1057
527f06614a925c18,https://hn.linkedin.com/jobs/view/asesor-de-ventas-de-productos-de-concreto-at-grupo-platino-4437288658,Asesor de ventas de productos de concreto,,scraped,2026-07-16T08:09:36.690132,
7e3a27df4ebd070f,https://hn.linkedin.com/jobs/view/oficial-sr-de-desarrollo-12988-48388-at-grupo-ficohsa-hn-4421311226,OFICIAL SR. DE DESARROLLO (12988) - 48388,Grupo Ficohsa HN,posted,2026-07-16T08:09:55.264317,1059
d9ac539e89803b86,https://hn.linkedin.com/jobs/view/senior-product-designer-figma-%2B-cloud-cursor-remote-latin-america-at-fullstack-4413085266,Senior Product Designer (Figma + Cloud Cursor) - Remote - Latin America,FullStack,posted,2026-07-16T08:10:04.800231,1061
302f2fb72310a7a6,https://hn.linkedin.com/jobs/view/qa-mobile-automation-engineer-at-applaudo-4440077028,QA Mobile Automation Engineer,,scraped,2026-07-16T08:10:09.470747,
4187fc8f808bb1df,https://hn.linkedin.com/jobs/view/analista-estrategia-optimizacion-13157-48685-at-grupo-ficohsa-hn-4421868452,ANALISTA ESTRATEGIA OPTIMIZACION (13157)(48685),Grupo Ficohsa HN,posted,2026-07-16T08:10:23.460776,1063
bca2c3a7dd08e27b,https://hn.linkedin.com/jobs/view/oficial-sr-en-plataforma-banca-seguros-y-bi-7624-48841-at-grupo-ficohsa-hn-4432490075,OFICIAL SR. EN PLATAFORMA BANCA SEGUROS Y BI (7624)(48841),Grupo Ficohsa HN,posted,2026-07-16T08:10:33.574238,1065
1936bde15ad6f098,https://hn.linkedin.com/jobs/view/senior-product-designer-figma-%2B-cloud-cursor-remote-latin-america-at-fullstack-4413088156,Senior Product Designer (Figma + Cloud Cursor) - Remote - Latin America,FullStack,posted,2026-07-16T08:10:38.296168,1061
9a735e25fd279dc5,https://hn.linkedin.com/jobs/view/senior-product-designer-figma-%2B-cloud-cursor-remote-latin-america-at-fullstack-4413090093,Senior Product Designer (Figma + Cloud Cursor) - Remote - Latin America,FullStack,posted,2026-07-16T08:10:43.031955,1061
fac116710c9d0e46,https://hn.linkedin.com/jobs/view/senior-backend-engineer-tech-lead-3-4-month-long-remote-latin-america-at-fullstack-4441209483,Senior Backend Engineer Tech Lead (3-4 month long) - Remote - Latin America,FullStack,posted,2026-07-16T08:10:51.334017,1067
a65dafbd699cec7f,https://hn.linkedin.com/jobs/view/senior-backend-engineer-tech-lead-3-4-month-long-remote-latin-america-at-fullstack-4441211419,Senior Backend Engineer Tech Lead (3-4 month long) - Remote - Latin America,FullStack,posted,2026-07-16T08:10:55.964896,1067
8df0bed404b54f03,https://hn.linkedin.com/jobs/view/ejecutivo-senior-de-negocios-y-servicios-bancarios-at-grupo-ficohsa-hn-4439905258,Ejecutivo Senior de Negocios y Servicios Bancarios,Grupo Ficohsa HN,posted,2026-07-16T08:11:06.655003,1069
8faaf23bf9388c11,https://hn.linkedin.com/jobs/view/operador-a-de-envio-y-recepcion-temporal-villanueva-cortes-at-cargill-4438039157,Operador(a) de Envio y Recepcion (Temporal) - Villanueva Cortes,Cargill,posted,2026-07-16T08:11:15.665982,1071
dd83c8aab9d3865a,https://hn.linkedin.com/jobs/view/practicante-universitario-a-siguatepeque-at-cargill-4440591221,Practicante Universitario (a) / Siguatepeque,Cargill,posted,2026-07-16T08:11:29.269915,1073
9a6f3813bedd3f23,https://hn.linkedin.com/jobs/view/practicante-universitario-a-villanueva-cortes-at-cargill-4440072288,Practicante Universitario (a) - Villanueva Cortes,Cargill,posted,2026-07-16T08:11:36.095130,111
50760e7ee1d61a4b,https://hn.linkedin.com/jobs/view/practicante-universitario-a-san-pedro-sula-at-cargill-4441213494,Practicante Universitario (a) - San Pedro Sula,Cargill,posted,2026-07-16T08:11:40.772273,215
7140b6675186dca5,https://hn.linkedin.com/jobs/view/senior-rust-engineer-remote-work-ref%23294159-at-bairesdev-4426546502,Senior Rust Engineer - Remote Work | REF#294159,BairesDev,posted,2026-07-16T08:11:50.045649,1075
f68c58129e6a08ad,https://hn.linkedin.com/jobs/view/senior-site-reliability-engineer-sre-remote-work-at-bairesdev-4439904789,Senior Site Reliability Engineer (SRE) - Remote Work,BairesDev,posted,2026-07-16T08:11:54.794109,629
8ddad5fa4d913d88,https://hn.linkedin.com/jobs/view/ai-product-manager-at-applaudo-4440801263,AI Product Manager,,scraped,2026-07-16T08:11:59.470610,
0554690782649fc3,https://hn.linkedin.com/jobs/view/ln-food-services-attendant-staff-3-at-amentum-4440058047,LN-Food Services Attendant-STAFF-3,Amentum,posted,2026-07-16T08:12:12.087857,1077
36e7b0c2698580c3,https://hn.linkedin.com/jobs/view/visitador-medico-honduras-at-mercafarma-4441699912,Visitador Medico Honduras,,scraped,2026-07-18T06:35:05.426533,
1fcfc89969d5ab20,https://hn.linkedin.com/jobs/view/maestra-de-educaci%C3%B3n-b%C3%A1sica-at-ghc-talent-4441907652,Maestra de Educación Básica,GHC Talent,posted,2026-07-18T06:35:27.085222,1079
e92cdd285a8fac1f,https://hn.linkedin.com/jobs/view/financial-controller-contract-at-entrepreneur-cooperative-4440891236,Financial Controller (Contract),Entrepreneur Cooperative,posted,2026-07-18T06:35:37.266306,1081
bffd25b6485c1926,https://hn.linkedin.com/jobs/view/analista-de-mesa-de-control-at-grupo-salinas-honduras-4441461542,Analista de Mesa de Control,Grupo Salinas Honduras,posted,2026-07-18T06:35:47.852491,1083
47073da16c974530,https://hn.linkedin.com/jobs/view/administrador-de-proyectos-comerciales-at-grupo-aurum-4441405704,Administrador de Proyectos Comerciales,,scraped,2026-07-18T06:35:50.478042,
50efdbc054bd9610,https://hn.linkedin.com/jobs/view/lider-comercial-honduras-san-pedro-sula-at-sapiens-guatemala-4441364736,Lider comercial- Honduras (San Pedro Sula),Sapiens Guatemala,posted,2026-07-18T06:36:14.140406,1085
972d1ee82c9093a9,https://hn.linkedin.com/jobs/view/product-line-specialist-iii-at-cargill-4442127292,Product Line Specialist III,Cargill,posted,2026-07-18T06:36:23.086684,1087
4e488df6e6e40cfb,https://hn.linkedin.com/jobs/view/commercial-estimator-at-buildops-hq-4441479649,Commercial Estimator,BuildOps HQ,posted,2026-07-18T06:36:27.799441,121
f13e9ae699bddd58,https://hn.linkedin.com/jobs/view/executive-headhunter-remote-work-at-bairesdev-4439898453,Executive Headhunter - Remote Work,BairesDev,posted,2026-07-18T06:36:34.833745,413
46473c3bfb99d07b,https://hn.linkedin.com/jobs/view/payroll-specialist-hn-at-horatio-4441919193,Payroll Specialist (HN),Horatio,posted,2026-07-18T06:36:44.223252,1089
f0a320395e889001,https://hn.linkedin.com/jobs/view/g-at-bay-island-petroleum-s-a-4440853129,G,,scraped,2026-07-18T06:36:46.555985,
3fe1b19b0a797aac,https://hn.linkedin.com/jobs/view/database-administrator-dba-at-pf-concepts-4441902210,Database Administrator (DBA),PF Concepts,posted,2026-07-18T06:37:01.260247,1091
0def158c77593b66,https://hn.linkedin.com/jobs/view/tech-recruiter-remote-work-at-bairesdev-4439883331,Tech Recruiter - Remote Work,BairesDev,posted,2026-07-18T06:37:08.237606,223
4c088e323d0c08ec,https://hn.linkedin.com/jobs/view/motorista-mayoreo-at-bay-island-petroleum-s-a-4440908032,Motorista Mayoreo,,scraped,2026-07-18T06:37:10.652326,
2d51704d62690875,https://hn.linkedin.com/jobs/view/sales-representative-at-elvtr-4441622904,Sales Representative,ELVTR,posted,2026-07-18T06:37:21.248091,363
caa490aa6c52b6fe,https://hn.linkedin.com/jobs/view/sales-executive-at-pedidosya-4440219226,Sales Executive,,scraped,2026-07-18T06:37:23.866216,
7446cc4f8d7f669f,https://hn.linkedin.com/jobs/view/coordinator-marketing-administration-at-dhl-express-4441250846,Coordinator Marketing & Administration,DHL Express,posted,2026-07-18T06:37:38.129434,1093
558f90245bf1f51f,https://hn.linkedin.com/jobs/view/vendedor-preventa-temporal-at-grupo-simka-4441914399,Vendedor Preventa-Temporal,,scraped,2026-07-18T06:37:42.732255,
233ef09e1092f9be,https://hn.linkedin.com/jobs/view/asistente-soporte-ti-at-gildan-4432804824,"Asistente, Soporte TI",,scraped,2026-07-18T06:38:53.674642,
b89aaa200d846e72,https://hn.linkedin.com/jobs/view/ejecutivo-gesti%C3%B3n-y-mejora-de-continuidad-del-negocio-at-banco-atl%C3%A1ntida-4440047865,Ejecutivo Gestión y Mejora de Continuidad del Negocio,,scraped,2026-07-18T06:39:03.648593,
f81ffc638d423dbd,https://hn.linkedin.com/jobs/view/customer-care-at-digital-executive-4440740636,Customer Care,Digital Executive,posted,2026-07-18T06:39:18.672982,1095
a7efde5de072d6b0,https://hn.linkedin.com/jobs/view/gerente-de-auditoria-centroam%C3%A9rica-at-uno-centroam%C3%A9rica-4441108471,GERENTE DE AUDITORIA CENTROAMÉRICA,,scraped,2026-07-18T06:39:21.296806,
bff81f36ac9965df,https://hn.linkedin.com/jobs/view/coordinador-de-planificaci%C3%B3n-de-abastecimiento-at-empresa-confidencial-4441697039,Coordinador de Planificación de Abastecimiento,Empresa Confidencial,posted,2026-07-18T06:39:35.250954,1097
c8509f9df9005a9b,https://hn.linkedin.com/jobs/view/junior-programmer-at-impact-bpo-4441159729,Junior Programmer,,scraped,2026-07-18T06:39:37.843601,
f59b6876bc796806,https://hn.linkedin.com/jobs/view/closer-de-ventas-at-kodland-latinoam%C3%A9rica-4438417557,Closer de ventas,Kodland Latinoamérica,posted,2026-07-18T06:39:50.326821,1099
dbde50c83748820d,https://hn.linkedin.com/jobs/view/ingenieros-electricos-at-grupo-r-center-4441421157,INGENIEROS ELECTRICOS,Grupo R Center,posted,2026-07-18T06:39:58.616676,1101
6e3867cffc5b36cc,https://hn.linkedin.com/jobs/view/ingeniero-civil-at-grupo-r-center-4442415258,INGENIERO CIVIL,Grupo R Center,posted,2026-07-18T06:40:07.917099,1103
fc6a60a768951c3b,https://hn.linkedin.com/jobs/view/deck-department-engine-department-at-direccion-general-de-la-marina-mercante-4442400011,DECK DEPARTMENT / ENGINE DEPARTMENT,Direccion General de la Marina Mercante,posted,2026-07-18T06:40:19.813144,1105
89f4970b1bf43505,https://hn.linkedin.com/jobs/view/executive-assistant-sales-marketing-ai-at-oneims-integrated-marketing-solutions-4441648894,"Executive Assistant - Sales, Marketing & AI",OneIMS - Integrated Marketing Solutions,posted,2026-07-18T06:40:29.191054,1107
639dd7e00ee5c20b,https://hn.linkedin.com/jobs/view/operations-analyst-remote-work-at-indi-staffing-services-4440993922,Operations Analyst - Remote Work,INDI Staffing Services,posted,2026-07-18T06:40:38.473396,1109
2baa05daa46680dd,https://hn.linkedin.com/jobs/view/analista-contable-y-financiero-tegucigalpa-at-diss-4442170492,Analista Contable y Financiero - Tegucigalpa,,scraped,2026-07-18T06:40:41.064088,
9391d099b1899ad5,https://hn.linkedin.com/jobs/view/recruiting-manager-remote-work-at-bairesdev-4439884397,Recruiting Manager - Remote Work,BairesDev,posted,2026-07-18T06:40:50.983439,697
3b9ff442d234f772,https://hn.linkedin.com/jobs/view/base-call-center-cobros-at-grupo-ficohsa-hn-4440629985,BASE CALL CENTER COBROS,Grupo Ficohsa HN,posted,2026-07-18T06:41:03.394069,1111
4bd0d99643832394,https://hn.linkedin.com/jobs/view/gerente-regional-de-tesoreria-at-empresa-confidencial-4440247689,GERENTE REGIONAL DE TESORERIA,Empresa Confidencial,posted,2026-07-18T06:41:11.839807,481
e1ba379268e8fb16,https://hn.linkedin.com/jobs/view/video-editor-motion-graphics-designer-ai-social-media-content-growth-at-oneims-integrated-marketing-solutions-4441649838,"Video Editor & Motion Graphics Designer AI, Social Media & Content Growth",OneIMS - Integrated Marketing Solutions,posted,2026-07-18T06:41:20.498201,1113
e9c0835a1ab87327,https://hn.linkedin.com/jobs/view/granjero-galponero-at-corporaci%C3%B3n-multi-inversiones-4437696805,Granjero/Galponero,,scraped,2026-07-18T06:41:22.868933,
7914753c712c4623,https://hn.linkedin.com/jobs/view/finance-specialist-at-quadrivius-honduras-4439247785,Finance Specialist,Quadrivius Honduras,posted,2026-07-18T06:41:38.426510,1115
18523694129451e2,https://hn.linkedin.com/jobs/view/junior-programmer-junior-data-analyst-at-cygnus-pacific-4441674405,Junior Programmer / Junior Data Analyst,,scraped,2026-07-18T06:41:43.067655,
c6391fabb9b79c8a,https://hn.linkedin.com/jobs/view/quality-inspector-at-pro-qc-international-4442163265,Quality Inspector,Pro QC International,posted,2026-07-18T06:41:57.033374,1117
efc738d94366bff7,https://hn.linkedin.com/jobs/view/it-project-manager-at-novacomp-4442172657,IT Project Manager,Novacomp,posted,2026-07-18T06:43:13.180189,1119
434cae058c38e638,https://hn.linkedin.com/jobs/view/ejecutivo-de-proyectos-y-productos-san-pedro-sula-at-grupo-lafise-4440809120,Ejecutivo de Proyectos y Productos - San Pedro Sula,Grupo LAFISE,posted,2026-07-18T06:43:20.638382,1121
57e403385a2f331c,https://hn.linkedin.com/jobs/view/graphic-designer-at-peak-altitude-4438093750,Graphic Designer,Peak Altitude,posted,2026-07-18T06:43:31.101764,1123
babb5230491035ef,https://hn.linkedin.com/jobs/view/vide%C3%B3grafo-4441686331,Videógrafo,Inversiones Antara S.A,posted,2026-07-18T06:43:38.219778,1125
5f38ee9f0c608147,https://hn.linkedin.com/jobs/view/admin-coordinator-remote-latam-full-time-in-usd-at-bridgeway-global-recruitment-4439253423,Admin Coordinator | Remote (LatAm) | Full-time in USD,Bridgeway Global Recruitment,posted,2026-07-18T06:43:45.834863,1127
a64f4f4d6cf1cdec,https://hn.linkedin.com/jobs/view/devops-engineer-honduras-at-core-code-io-4438969176,DevOps Engineer Honduras,Core Code io,posted,2026-07-18T06:43:56.561285,1129
cf85a581ec3ed3cd,https://hn.linkedin.com/jobs/view/client-liaison-at-impact-bpo-4440841826,Client Liaison,,scraped,2026-07-18T06:43:59.117667,
9f7ca9e20909ca46,https://hn.linkedin.com/jobs/view/customer-service-advocate-at-regisro-remote-office-4439263298,Customer Service Advocate,RegisRO (Remote Office),posted,2026-07-18T06:44:07.905625,315
7d2f4e9115684846,https://hn.linkedin.com/jobs/view/senior-executive-assistant-to-the-ceo-at-veta-virtual-4439412598,Senior Executive Assistant to the CEO,,scraped,2026-07-18T06:44:10.603482,
6335a99c9596a769,https://hn.linkedin.com/jobs/view/ejecutivo-de-negocios-corporativo-tegucigalpa-at-grupo-lafise-4441687020,Ejecutivo de Negocios Corporativo - Tegucigalpa,Grupo LAFISE,posted,2026-07-18T06:44:24.261037,1131
dd6f1d6a156ca28f,https://hn.linkedin.com/jobs/view/talent-acquisition-analyst-remote-work-at-bairesdev-4440242398,Talent Acquisition Analyst - Remote Work,BairesDev,posted,2026-07-18T06:44:29.118435,491
5cde1809cd440731,https://hn.linkedin.com/jobs/view/recruiter-at-henry-north-4439275467,Recruiter,Henry North,posted,2026-07-18T06:44:33.935071,745
75cb5531da2685fb,https://hn.linkedin.com/jobs/view/vendedor-at-maega-4438766261,Vendedor,,scraped,2026-07-18T06:44:36.475503,
23d0e92ad45190ba,https://hn.linkedin.com/jobs/view/ejecutivo-de-desarrollo-del-negocio-at-tally-4441319575,Ejecutivo de desarrollo del negocio,Tally,posted,2026-07-18T06:44:50.974933,1133
73d051f86cb329fd,https://hn.linkedin.com/jobs/view/service-advisor-at-food-for-the-poor-4439237876,Service Advisor,Food For The Poor,posted,2026-07-18T06:44:59.394918,1135
e02ee8ecd6500597,https://hn.linkedin.com/jobs/view/graphic-designer-at-san-services-honduras-4441671210,Graphic Designer,San Services Honduras,posted,2026-07-18T06:45:07.685531,1123
ffb430607d8f4068,https://hn.linkedin.com/jobs/view/oficial-de-gestion-de-tiempo-real-7887-49136-at-grupo-ficohsa-hn-4442190571,OFICIAL DE GESTION DE TIEMPO REAL (7887) - 49136,Grupo Ficohsa HN,posted,2026-07-18T06:45:18.453896,1137
c2510be2e62608dd,https://hn.linkedin.com/jobs/view/data-engineer-hn-at-core-code-io-4438952805,Data Engineer HN,Core Code io,posted,2026-07-18T06:45:27.670690,1139
d25f719e3c3b45ab,https://hn.linkedin.com/jobs/view/talent-specialist-at-superior-glove-4440789445,Talent Specialist,,scraped,2026-07-18T06:45:30.291708,
b79cf7b683c0f9ad,https://hn.linkedin.com/jobs/view/delivery-manager-it-remote-work-at-indi-staffing-services-4440995111,Delivery Manager (IT) - Remote Work,INDI Staffing Services,posted,2026-07-18T06:45:43.790895,1141
f556ddeeef1cc398,https://hn.linkedin.com/jobs/view/devops-engineer-hn-2-at-core-code-io-4438954560,DevOps Engineer HN 2,Core Code io,posted,2026-07-18T06:45:52.961404,1143
3d7a35ee620c7598,https://hn.linkedin.com/jobs/view/ejecutivo-de-cuentas-farmer-enterprise-at-millicom-tigo-4440864940,EJECUTIVO DE CUENTAS FARMER ENTERPRISE,,scraped,2026-07-18T06:45:55.579184,
1da30276d8f81b3f,https://hn.linkedin.com/jobs/view/ejecutivo-de-negocios-corporativo-san-pedro-sula-at-grupo-lafise-4441668902,Ejecutivo de Negocios Corporativo - San Pedro Sula,Grupo LAFISE,posted,2026-07-18T06:46:07.500568,1145
94c6351e8a84f540,https://hn.linkedin.com/jobs/view/information-technology-project-manager-at-food-for-the-poor-4438720645,Information Technology Project Manager,Food For The Poor,posted,2026-07-18T06:46:16.251984,1147
590526aa6979edc5,https://hn.linkedin.com/jobs/view/analista-funcional-de-apis-at-stefanini-latam-4438495200,Analista Funcional de APIs,,scraped,2026-07-18T06:46:18.858323,
5fd13e6643b197b8,https://hn.linkedin.com/jobs/view/buscamos-veterinari%40-grandes-animales-at-organizaci%C3%B3n-colegial-veterinaria-4441666982,BUSCAMOS VETERINARI@ GRANDES ANIMALES,,scraped,2026-07-18T06:46:25.810608,
0301586a58a5d5c5,https://hn.linkedin.com/jobs/view/coordinador-fiscal-at-grupo-farsim%C3%A1n-4441308554,Coordinador fiscal,,scraped,2026-07-18T06:46:38.374137,
d0a4a5b6e40b8751,https://hn.linkedin.com/jobs/view/auxiliar-contable-at-grupo-platino-4438740661,Auxiliar contable,,scraped,2026-07-18T06:46:46.698852,
14029f314e33d04b,https://hn.linkedin.com/jobs/view/doctora-en-medicina-general-at-confidencial-4440582455,Doctora en Medicina General,Confidencial,posted,2026-07-18T06:47:01.419387,1149
f1f281ddafb40f8f,https://hn.linkedin.com/jobs/view/treasury-analyst-at-veta-virtual-4439857737,Treasury Analyst,,scraped,2026-07-18T06:47:04.044109,
43e3af4845e9d72f,https://hn.linkedin.com/jobs/view/devops-engineer-hn-at-core-code-io-4438968171,DevOps Engineer HN,Core Code io,posted,2026-07-18T06:47:16.686120,1151
675aff6e5ba225d3,https://hn.linkedin.com/jobs/view/asesor-comercial-at-vitapro-s-a-4441675302,Asesor comercial,Vitapro S.A.,posted,2026-07-18T06:47:25.689042,645
ccfc2d12439e7602,https://hn.linkedin.com/jobs/view/programador-sr-at-grupo-cadelga-4442176089,Programador Sr,Grupo Cadelga,posted,2026-07-18T06:47:38.341512,1153
e8ffe1ccf7d9dbe4,https://hn.linkedin.com/jobs/view/ejecutivo-de-negocios-banca-mas-2682-48851-at-grupo-ficohsa-hn-4432479266,EJECUTIVO DE NEGOCIOS BANCA MAS (2682) - 48851,Grupo Ficohsa HN,posted,2026-07-18T06:47:48.749234,1155
8c77819496ddd0d3,https://hn.linkedin.com/jobs/view/lead-coordinator-maintenance-at-crowley-4422139088,"LEAD COORDINATOR, MAINTENANCE",Crowley,posted,2026-07-18T06:47:57.479243,1157
0055372bfd3988f1,https://hn.linkedin.com/jobs/view/spanish-teacher-remote-contractor-at-campus-live-4440236991,Spanish Teacher (Remote Contractor),Campus Live,posted,2026-07-18T06:48:06.252501,1159
23128a3d9475945c,https://hn.linkedin.com/jobs/view/data-annotation-specialist-remote-work-at-bairesdev-4440740585,Data Annotation Specialist - Remote Work,BairesDev,posted,2026-07-18T06:48:14.114918,1161
86461bbff37f5fdb,https://hn.linkedin.com/jobs/view/chief-data-scientist-at-epam-systems-4438488592,Chief Data Scientist,EPAM Systems,posted,2026-07-18T06:48:21.922712,1163
4a60f0c36b3df0ec,https://hn.linkedin.com/jobs/view/supervisor-de-caja-comayagua-siguatepeque-y-la-esperanza-at-confidential-4442190006,"SUPERVISOR DE CAJA (COMAYAGUA, SIGUATEPEQUE Y LA ESPERANZA)",Confidential,posted,2026-07-18T06:48:31.602382,1165
8043f6b8b840863a,https://hn.linkedin.com/jobs/view/security-engineer-at-manychat-4442174831,Security Engineer,Manychat,posted,2026-07-18T06:48:39.415993,1167
8f645b5d5534466e,https://hn.linkedin.com/jobs/view/solutions-engineer-support-remote-work-at-bairesdev-4440729753,Solutions Engineer (Support) - Remote Work,BairesDev,posted,2026-07-18T06:48:46.712960,1169
e7e049e481d13097,https://hn.linkedin.com/jobs/view/senior-loan-servicing-specialist-at-amwest-hn-4442134949,Senior Loan Servicing Specialist,,scraped,2026-07-18T06:48:49.313983,
f41f3b086cfd9215,https://hn.linkedin.com/jobs/view/ingeniero-de-dise%C3%B1o-mec%C3%A1nico-revisi%C3%B3n-de-ingenier%C3%ADa-supervisi%C3%B3n-t%C3%A9cnica-de-proyectos-industriales-at-proctek-honduras-4441686112,INGENIERO DE DISEÑO MECÁNICO | REVISIÓN DE INGENIERÍA | SUPERVISIÓN TÉCNICA DE PROYECTOS INDUSTRIALES,,scraped,2026-07-18T06:49:01.397125,
9065020ece7495f9,https://hn.linkedin.com/jobs/view/devops-engineer-azure-%2B-on-premise-remote-latin-america-at-fullstack-4441614281,DevOps Engineer (Azure + On-Premise) - Remote - Latin America,FullStack,posted,2026-07-18T06:49:24.198030,1171
913628eebcc1f3ab,https://hn.linkedin.com/jobs/view/senior-product-designer-figma-%2B-cloud-cursor-remote-latin-america-at-fullstack-4413091089,Senior Product Designer (Figma + Cloud Cursor) - Remote - Latin America,FullStack,posted,2026-07-18T06:49:29.064399,1061
63e2d456bb94b30c,https://hn.linkedin.com/jobs/view/senior-net-engineer-remote-latin-america-at-fullstack-4442180449,Senior .NET Engineer - Remote - Latin America,FullStack,posted,2026-07-18T06:49:41.757744,1173
a6938502b4850d37,https://hn.linkedin.com/jobs/view/practicante-universitario-a-villanueva-cortes-at-cargill-4414225013,Practicante Universitario (a) - Villanueva Cortes,Cargill,posted,2026-07-18T06:49:48.556338,111
09bf40e3c5bc366c,https://hn.linkedin.com/jobs/view/practicante-universitario-a-villanueva-cortes-at-cargill-4442129225,Practicante Universitario (a) / Villanueva Cortes,Cargill,posted,2026-07-18T06:49:55.393609,111
f9c29b597928eb02,https://hn.linkedin.com/jobs/view/devops-engineer-azure-%2B-on-premise-remote-latin-america-at-fullstack-4441621078,DevOps Engineer (Azure + On-Premise) - Remote - Latin America,FullStack,posted,2026-07-18T06:50:00.218585,1171
39652db418d0d436,https://hn.linkedin.com/jobs/view/senior-full-stack-java-engineer-java-%2B-angular-at-applaudo-4440850982,Senior Full Stack Java Engineer (Java + Angular),,scraped,2026-07-18T06:50:02.878916,
0f542667309cea26,https://hn.linkedin.com/jobs/view/senior-devsecops-engineer-remote-work-at-bairesdev-4439907127,Senior DevSecOps Engineer - Remote Work,BairesDev,posted,2026-07-18T06:50:13.801702,799
a72c34dc0c488bcd,https://hn.linkedin.com/jobs/view/vendedor-de-tienda-elektra-at-grupo-salinas-honduras-4442462148,Vendedor de Tienda Elektra,Grupo Salinas Honduras,posted,2026-07-20T10:31:33.518205,1175
9ae2c6c389905a20,https://hn.linkedin.com/jobs/view/freelance-grabaci%C3%B3n-de-tareas-cotidianas-para-proyecto-de-ia-at-toloka-annotators-4440541418,Freelance: grabación de tareas cotidianas para proyecto de IA,Toloka Annotators,posted,2026-07-20T10:31:46.623582,1177
03a064003b2afd9e,https://hn.linkedin.com/jobs/view/vendedor-de-tienda-elektra-at-grupo-salinas-honduras-4442456502,Vendedor de Tienda Elektra,Grupo Salinas Honduras,posted,2026-07-20T10:31:56.960100,1175
17594d68f4300dbd,https://hn.linkedin.com/jobs/view/safety-analyst-at-cervecer%C3%ADa-hondure%C3%B1a-4440583130,Safety Analyst,Cervecería Hondureña,posted,2026-07-20T10:32:09.154300,1179
6af5b08b11bbfb31,https://hn.linkedin.com/jobs/view/gerente-de-pais-honduras-at-banco-centroamericano-de-integraci%C3%B3n-econ%C3%B3mica-bcie-4440849183,Gerente de Pais - Honduras,Banco Centroamericano de Integración Económica - BCIE,posted,2026-07-20T10:32:57.013230,1181
daffeb4ae3c0de18,https://hn.linkedin.com/jobs/view/social-media-manager-at-grupo-salinas-honduras-4442449860,Social Media Manager,Grupo Salinas Honduras,posted,2026-07-20T10:33:07.740481,1183
fab58c64039800ba,https://hn.linkedin.com/jobs/view/freelance-grabaci%C3%B3n-de-tareas-cotidianas-para-proyecto-de-ia-at-toloka-annotators-4440547025,Freelance: grabación de tareas cotidianas para proyecto de IA,Toloka Annotators,posted,2026-07-20T10:33:16.837865,1185
9b8602be1ed14555,https://hn.linkedin.com/jobs/view/freelance-grabaci%C3%B3n-de-tareas-cotidianas-para-proyecto-de-ia-at-toloka-annotators-4440534707,Freelance: grabación de tareas cotidianas para proyecto de IA,Toloka Annotators,posted,2026-07-20T10:33:26.191214,1187
68dfc466deab7439,https://hn.linkedin.com/jobs/view/freelance-grabaci%C3%B3n-de-tareas-cotidianas-para-proyecto-de-ia-at-toloka-annotators-4440548010,Freelance: grabación de tareas cotidianas para proyecto de IA,Toloka Annotators,posted,2026-07-20T10:33:34.811581,1189
ea6168b0a64079ee,https://hn.linkedin.com/jobs/view/auxiliar-administrativo-at-peopleblue-4441313082,Auxiliar administrativo,,scraped,2026-07-20T10:33:37.433282,
70c7bb051d9e1ef3,https://hn.linkedin.com/jobs/view/motorista-at-corporaci%C3%B3n-multi-inversiones-4438025330,Motorista,,scraped,2026-07-20T10:33:44.056941,
ee82774f144db05d,https://hn.linkedin.com/jobs/view/executive-assistant-operations-manager-at-teamswell-4441617682,Executive Assistant/Operations Manager,Teamswell,posted,2026-07-20T10:33:56.506686,1191
32dcd40d3132a80a,https://hn.linkedin.com/jobs/view/overnight-logistics-coordinator-at-charger-logistics-inc-4442475479,Overnight Logistics Coordinator,,scraped,2026-07-20T10:34:05.065029,
a5e2106bf42a6574,https://hn.linkedin.com/jobs/view/cctv-operator-at-charger-logistics-inc-4439624557,CCTV Operator,,scraped,2026-07-20T10:34:15.390608,
e945b0f6e80ecd94,https://hn.linkedin.com/jobs/view/case-manager-healthcare-at-the-a-career-4441659587,Case Manager - Healthcare,The A Career,posted,2026-07-20T10:34:34.508235,1193
1e902585cdc6b19c,https://hn.linkedin.com/jobs/view/post-productor-mixto-at-televicentro-y-emisoras-unidas-4441978299,Post Productor Mixto,,scraped,2026-07-20T10:34:37.185960,
e9b7aa863d5f657b,https://hn.linkedin.com/jobs/view/bilingual-bookkeeper-virtual-assistant-at-entrepreneur-cooperative-4442400964,Bilingual Bookkeeper Virtual Assistant,Entrepreneur Cooperative,posted,2026-07-20T10:34:48.805918,1195
a65c009e47782b42,https://hn.linkedin.com/jobs/view/docente-de-ciencias-sociales-secundaria-roat%C3%A1n-at-ghc-talent-4441909646,Docente de Ciencias Sociales/ Secundaria/ Roatán,GHC Talent,posted,2026-07-20T10:34:57.637169,1197
b0ccf7f7cb02c6ad,https://hn.linkedin.com/jobs/view/asistente-de-campo-en-promoci%C3%B3n-social-proyecto-de-emergencia-ocha-at-catholic-relief-services-4441318774,Asistente de campo en promoción social - Proyecto de Emergencia OCHA,Catholic Relief Services,posted,2026-07-20T10:35:06.666565,1199
6d2dad38b7889216,https://hn.linkedin.com/jobs/view/auxiliar-de-servicios-de-maquinaria-sps-at-grupo-platino-4441909644,AUXILIAR DE SERVICIOS DE MAQUINARIA - SPS,,scraped,2026-07-20T10:35:09.298613,
db74bd348fb969cb,https://hn.linkedin.com/jobs/view/coordinador-de-planeaci%C3%B3n-e-identidad-corporativa-at-bac-4440882598,Coordinador de Planeación e Identidad Corporativa,,scraped,2026-07-20T10:35:16.085072,
836946c19e20cd4f,https://hn.linkedin.com/jobs/view/ejecutiva-de-ventas-tegucigalpa-at-intelident-4441405705,EJECUTIVA DE VENTAS TEGUCIGALPA,Intelident,posted,2026-07-20T10:35:31.038424,1201
4a859f4ec4bfa4f1,https://hn.linkedin.com/jobs/view/field-marketing-sr-coordinator-at-pepsico-4430276665,Field Marketing Sr Coordinator,PepsiCo,posted,2026-07-20T10:35:42.645758,1203
925c7d33584377eb,https://hn.linkedin.com/jobs/view/sales-development-representative-at-oremota-4439672895,Sales Development Representative,Oremota,posted,2026-07-20T10:35:47.524088,127
c0116d7f50e3cdf0,https://hn.linkedin.com/jobs/view/field-marketing-sr-coordinator-at-pepsico-4430271716,Field Marketing Sr Coordinator,PepsiCo,scraped,2026-07-20T10:35:53.615800,
570ad64d8a384a45,https://hn.linkedin.com/jobs/view/analista-de-inteligencia-de-negocios-y-gesti%C3%B3n-de-datos-at-qualtop-4441610493,Analista de Inteligencia de Negocios y Gestión de Datos,,scraped,2026-07-20T10:35:58.212675,
12747b6a391b4a1d,https://hn.linkedin.com/jobs/view/email-marketing-specialist-at-paragon-financial-corp-honduras-4440982275,Email Marketing Specialist,Paragon Financial Corp Honduras,posted,2026-07-20T10:36:13.059983,1205
c1e315be95e649d6,https://hn.linkedin.com/jobs/view/customer-service-representative-administrative-remote-usa-at-high-rise-financial-llc-4441660674,Customer Service Representative Administrative (Remote-USA),High Rise Financial LLC,posted,2026-07-20T10:36:26.353514,1207
f5256a2c4a045b74,https://hn.linkedin.com/jobs/view/gerente-de-marca-automotriz-at-manpowergroup-4441663297,Gerente de Marca - Automotriz,ManpowerGroup,posted,2026-07-20T10:36:35.373299,1209
72115cd072319690,https://hn.linkedin.com/jobs/view/jefe-de-servicio-al-cliente-tocoa-at-diunsa-4442123151,Jefe de Servicio al Cliente Tocoa,,scraped,2026-07-20T10:36:37.774664,
9b7a98389505bf53,https://hn.linkedin.com/jobs/view/customer-development-executive-at-colgate-palmolive-4439495913,Customer Development Executive,Colgate-Palmolive,posted,2026-07-20T10:36:51.699444,1211
835d9cfc8b968020,https://hn.linkedin.com/jobs/view/atenci%C3%B3n-al-cliente-puerto-cortes-at-el-palacio-de-los-ni%C3%B1os-4442507162,Atención al Cliente / Puerto Cortes,El Palacio de los Niños,posted,2026-07-20T10:37:00.164292,1213
7dd9d85b314f5e92,https://hn.linkedin.com/jobs/view/me-engineer-at-aptiv-4434258765,ME ENGINEER,,scraped,2026-07-20T10:37:04.646983,
f9262d04ed516816,https://hn.linkedin.com/jobs/view/react-developer-remote-work-at-indi-staffing-services-4441200786,React Developer - Remote Work,INDI Staffing Services,posted,2026-07-20T10:37:15.883386,1215
cea999e2468156be,https://hn.linkedin.com/jobs/view/vendedor-junior-at-productos-alimenticios-bocadeli-4442175234,Vendedor Junior,Productos Alimenticios Bocadeli,posted,2026-07-20T10:37:51.458507,1217
cc4a6a4fac907033,https://hn.linkedin.com/jobs/view/asesor-tecnico-comercial-at-herogra-group-4359343584,Asesor Tecnico Comercial,,scraped,2026-07-20T10:37:55.906186,
613512c45c90ffc4,https://hn.linkedin.com/jobs/view/grants-design-and-resource-mobilization-specialist-tegucigalpa-honduras-at-world-vision-honduras-4440832638,"Grants Design and Resource Mobilization Specialist (Tegucigalpa, Honduras)",,scraped,2026-07-20T10:38:05.988747,
716d035b2149ae2b,https://hn.linkedin.com/jobs/view/auditor-senior-4441624639,AUDITOR SENIOR,Auditoria y Consultoria Asociada S. de R.L,posted,2026-07-20T10:38:16.645185,1219
8b3b6f081b9005eb,https://hn.linkedin.com/jobs/view/asesor-de-ventas-at-grupo-ficohsa-hn-4442198279,ASESOR DE VENTAS,Grupo Ficohsa HN,posted,2026-07-20T10:38:31.039336,1221
f9334f9758baf256,https://hn.linkedin.com/jobs/view/ejecutivo-de-negocios-banca-empresarial-san-pedro-sula-at-grupo-lafise-4441663990,Ejecutivo de Negocios Banca Empresarial - San Pedro Sula,Grupo LAFISE,posted,2026-07-20T10:38:38.946157,1223
a9dc4a7e5df3a681,https://hn.linkedin.com/jobs/view/contact-center-representative-portuguese-at-regisro-remote-office-4439225984,Contact Center Representative (Portuguese),RegisRO (Remote Office),posted,2026-07-20T10:38:47.605333,1225
689505231874c56c,https://hn.linkedin.com/jobs/view/quality-assurance-auditor-remote-work-at-bairesdev-4440741494,Quality Assurance Auditor - Remote Work,BairesDev,posted,2026-07-20T10:38:55.082162,1227
84ab3c3117483db5,https://hn.linkedin.com/jobs/view/oficial-jr-de-enlace-6035-49010-at-grupo-ficohsa-hn-4440904877,OFICIAL JR. DE ENLACE (6035) - 49010,Grupo Ficohsa HN,posted,2026-07-20T10:39:06.211615,1229
e32b63006af2ffde,https://hn.linkedin.com/jobs/view/manager-global-talent-acquisition-at-cloudbeds-4442593242,"Manager, Global Talent Acquisition",Cloudbeds,posted,2026-07-20T10:39:15.776007,1231
fa72efe9381a8918,https://hn.linkedin.com/jobs/view/voice-actor-spanish-tts-specialist-at-mercor-4423336894,Voice Actor - Spanish TTS Specialist,Mercor,posted,2026-07-20T10:39:23.406155,1233
b73cf31ceceddd59,https://hn.linkedin.com/jobs/view/real-time-analyst-at-intouchcx-4441145681,Real Time Analyst,,scraped,2026-07-20T10:39:28.042491,
ce3e072f9716dfed,https://hn.linkedin.com/jobs/view/sub-administrador-4441670678,SUB ADMINISTRADOR,DESPENSA FAMILIAR POTRERILLOS,posted,2026-07-20T10:39:39.463346,1235
3f6872275a5f5276,https://hn.linkedin.com/jobs/view/senior-personal-injury-intake-lawyer-at-ceo-lawyer-personal-injury-law-firm-4442432837,Senior Personal Injury Intake Lawyer,CEO Lawyer Personal Injury Law Firm,posted,2026-07-20T10:39:47.000093,1237
65f0a09da76674f9,https://hn.linkedin.com/jobs/view/customer-logistics-specialist-at-charger-logistics-inc-4442459948,Customer Logistics Specialist,,scraped,2026-07-20T10:39:49.575507,
81a5d8f8249a2e5a,https://hn.linkedin.com/jobs/view/property-manager-at-cs-outsource-4441737386,Property Manager,CS Outsource,posted,2026-07-20T10:40:01.577767,1239
d025af61247bb3a3,https://hn.linkedin.com/jobs/view/senior-operations-analyst-remote-work-at-bairesdev-4440714951,Senior Operations Analyst - Remote Work,BairesDev,posted,2026-07-20T10:40:09.676466,1241
c924920b3d68eb59,https://hn.linkedin.com/jobs/view/oficial-jr-de-receptoria-tecnica-3442-48426-at-grupo-ficohsa-hn-4423086119,OFICIAL JR. DE RECEPTORIA TECNICA (3442) - 48426,Grupo Ficohsa HN,posted,2026-07-20T10:40:23.718394,1243
180f6bbccc4a3a5d,https://hn.linkedin.com/jobs/view/corporate-travel-and-mobility-agent-remote-work-at-bairesdev-4439900144,Corporate Travel and Mobility Agent - Remote Work,BairesDev,posted,2026-07-20T10:40:34.491643,493
58275b9818fdc90e,https://hn.linkedin.com/jobs/view/operations-supervisor-at-relay-human-cloud-4411211618,Operations Supervisor,Relay Human Cloud,posted,2026-07-20T10:40:43.112184,1245
2c4a2dd3d5d3d639,https://hn.linkedin.com/jobs/view/practicante-universitario-at-avery-dennison-4438724997,Practicante  Universitario,Avery Dennison,posted,2026-07-20T10:40:52.002250,1247
b2c2d71847becb0e,https://hn.linkedin.com/jobs/view/administrador-a-de-envio-y-recepcion-traslado-a-planta-villanueva-cortes-at-cargill-4438031365,Administrador (a) de Envio y Recepcion Traslado a Planta - Villanueva Cortes,Cargill,posted,2026-07-20T10:41:05.147128,1249
3570809acc4c0c8d,https://hn.linkedin.com/jobs/view/asesor-comercial-cpg-at-cummins-latin-america-4392844890,Asesor Comercial CPG,,scraped,2026-07-20T10:41:07.762515,
225ccf1f66c20338,https://hn.linkedin.com/jobs/view/career-framework-specialist-remote-work-at-bairesdev-4439894097,Career Framework Specialist - Remote Work,BairesDev,posted,2026-07-20T10:41:16.986421,551
7b9727a93d8c807d,https://hn.linkedin.com/jobs/view/spanish-teacher-remote-contractor-at-campus-live-4440239989,Spanish Teacher (Remote Contractor),Campus Live,posted,2026-07-20T10:41:21.904073,1159
9168da52712ec07f,https://hn.linkedin.com/jobs/view/cloud-saas-operations-manager-at-veta-virtual-4439416426,Cloud & SaaS Operations Manager,,scraped,2026-07-20T10:41:28.520840,
b8b135b7bc44ed8b,https://hn.linkedin.com/jobs/view/senior-sdet-at-perform-4344260819,Senior SDET,Perform,posted,2026-07-20T10:41:39.949298,1251
b63a741a998614fe,https://hn.linkedin.com/jobs/view/cajero-2946-49104-at-grupo-ficohsa-hn-4440650293,CAJERO (2946) - 49104,Grupo Ficohsa HN,posted,2026-07-20T10:41:50.246307,1253
aa9423059ba7fd27,https://hn.linkedin.com/jobs/view/ejecutivo-sr-banca-empresarial-6962-48648-at-grupo-ficohsa-hn-4431702055,EJECUTIVO SR. BANCA EMPRESARIAL (6962) - 48648,Grupo Ficohsa HN,posted,2026-07-20T10:41:59.969429,1255
d82c6164d9afd367,https://hn.linkedin.com/jobs/view/representante-ejecutivo-de-ventas-for%C3%A1neo-at-futura-s-de-rl-3704178377,Representante Ejecutivo de Ventas Foráneo,,scraped,2026-07-20T10:42:02.609161,
a1b1e10a0a450f66,https://hn.linkedin.com/jobs/view/property-accountant-at-relay-human-cloud-4418412462,Property Accountant,Relay Human Cloud,posted,2026-07-20T10:42:16.949932,1257
c4e95b386d679edd,https://hn.linkedin.com/jobs/view/accounts-receivable-specialist-at-relay-human-cloud-4404318845,Accounts Receivable Specialist,Relay Human Cloud,posted,2026-07-20T10:42:25.898021,1259
438f59844fed2c25,https://hn.linkedin.com/jobs/view/senior-aws-cloud-infrastructure-engineer-%E2%80%93-dns-edge-latam-remote-at-braintrust-4442402077,Senior AWS Cloud Infrastructure Engineer – DNS & Edge (LATAM-Remote),Braintrust,posted,2026-07-20T10:42:33.950050,1261
771431be41c28f7d,https://hn.linkedin.com/jobs/view/senior-net-engineer-remote-latin-america-at-fullstack-4442176769,Senior .NET Engineer - Remote - Latin America,FullStack,posted,2026-07-20T10:42:38.791369,1173
8c1170633aaa9811,https://hn.linkedin.com/jobs/view/full-stack-engineer-react-%2B-kotlin-remote-latin-america-at-fullstack-4432038287,Full Stack Engineer (React + Kotlin) - Remote - Latin America,FullStack,posted,2026-07-20T10:42:53.596732,599
23c91b2ad48cdabe,https://hn.linkedin.com/jobs/view/full-stack-engineer-react-%2B-kotlin-remote-latin-america-at-fullstack-4432037290,Full Stack Engineer (React + Kotlin) - Remote - Latin America,FullStack,posted,2026-07-20T10:42:58.568670,599
3dc2c3f7fa183164,https://hn.linkedin.com/jobs/view/devops-engineer-azure-%2B-on-premise-remote-latin-america-at-fullstack-4441607531,DevOps Engineer (Azure + On-Premise) - Remote - Latin America,FullStack,posted,2026-07-20T10:43:03.300832,1171
54b110e9b0bdb199,https://hn.linkedin.com/jobs/view/senior-seo-account-manager-at-veta-virtual-4439862655,Senior SEO Account Manager,,scraped,2026-07-20T10:43:06.067122,
0159f3251ab7e2be,https://hn.linkedin.com/jobs/view/senior-ios-native-developer-cocoapods-%2B-typescript-remote-latin-america-at-fullstack-4406627659,Senior iOS Native Developer (CocoaPods + TypeScript) - Remote - Latin America,FullStack,posted,2026-07-20T10:43:18.680427,1263
0be4e4df1b75e024,https://hn.linkedin.com/jobs/view/senior-elixir-developer-react-focused-projects-remote-latin-america-at-fullstack-4374151942,"Senior Elixir Developer, React focused Projects - Remote - Latin America",FullStack,posted,2026-07-20T10:43:27.463421,1265
05cbf61a3cdab028,https://hn.linkedin.com/jobs/view/recepcionista-sps-at-grupo-salinas-honduras-4443597439,Recepcionista SPS,Grupo Salinas Honduras,posted,2026-07-22T08:00:52.771660,1267
4f89db5a9791f96c,https://hn.linkedin.com/jobs/view/auxiliar-de-log%C3%ADstica-primaria-1-at-corporaci%C3%B3n-multi-inversiones-4440156757,Auxiliar de Logística Primaria 1,,scraped,2026-07-22T08:00:55.231050,
49e2ef8a2e90e0d5,https://hn.linkedin.com/jobs/view/auditor-interno-at-corporaci%C3%B3n-multi-inversiones-4440483323,Auditor Interno,,scraped,2026-07-22T08:01:02.302737,
27f089fd6f25dea8,https://hn.linkedin.com/jobs/view/asistente-de-centro-de-distribucion-at-allas-repuestos-4442270177,ASISTENTE DE CENTRO DE DISTRIBUCION,,scraped,2026-07-22T08:01:09.928793,
6d63bf169c28f866,https://hn.linkedin.com/jobs/view/bilingual-medical-receptionist-at-entrepreneur-cooperative-4442413300,Bilingual Medical Receptionist,Entrepreneur Cooperative,posted,2026-07-22T08:01:26.403678,1269
5f4b0ae81c51b970,https://hn.linkedin.com/jobs/view/administrador-a-de-programa-nacional-tegucigalpa-honduras-at-fundaci%C3%B3n-ayuda-en-acci%C3%B3n-4442077545,"Administrador/a de Programa Nacional - Tegucigalpa, Honduras",,scraped,2026-07-22T08:01:31.165150,
d8baab2a47f7d003,https://hn.linkedin.com/jobs/view/operario-de-producci%C3%B3n-1-at-corporaci%C3%B3n-multi-inversiones-4438778638,Operario de Producción 1,,scraped,2026-07-22T08:01:42.311733,
6ab91738f1b06a00,https://hn.linkedin.com/jobs/view/consultor%C3%ADa-para-el-an%C3%A1lisis-del-modelo-de-gesti%C3%B3n-hospitalaria-mgh-y-definici%C3%B3n-de-brechas-para-su-actualizaci%C3%B3n-unicef-honduras-health-and-nutrition-section-3-5-months-presencial-%23-594499-at-unicef-4440972047,"Consultoría para el análisis del Modelo de Gestión Hospitalaria (MGH) y definición de brechas para su actualización, UNICEF Honduras, Health and Nutrition Section, 3.5 months, presencial, # 594499",UNICEF,posted,2026-07-22T08:01:56.272429,1271
4beab084111ca2ae,https://hn.linkedin.com/jobs/view/televendedor-at-corporaci%C3%B3n-multi-inversiones-4441007578,Televendedor,,scraped,2026-07-22T08:01:59.013219,
4740e74daded9633,https://hn.linkedin.com/jobs/view/freelance-grabaci%C3%B3n-de-tareas-cotidianas-para-proyecto-de-ia-at-mindrift-data-annotation-projects-4443353309,Freelance: grabación de tareas cotidianas para proyecto de IA,Mindrift Data Annotation Projects,posted,2026-07-22T08:02:14.591054,1273
f9ef93b556480492,https://hn.linkedin.com/jobs/view/promotora-edecan-at-mayavision-4441411404,Promotora (Edecan),MAYAVISION,posted,2026-07-22T08:02:23.744517,1275
5130a8443f203096,https://hn.linkedin.com/jobs/view/supervisor-de-operaciones-at-grupo-vesta-oficial-4441967725,Supervisor de Operaciones,,scraped,2026-07-22T08:02:26.561519,
460d4ad709673cb6,https://hn.linkedin.com/jobs/view/oficial-de-coordinacion-at-grupo-vesta-oficial-4441289459,Oficial de Coordinacion,,scraped,2026-07-22T08:02:32.914203,
8c8d096abc29fc2f,https://hn.linkedin.com/jobs/view/bilingual-medical-admin-english-spanish-at-entrepreneur-cooperative-4442422000,Bilingual Medical Admin (English/Spanish),Entrepreneur Cooperative,posted,2026-07-22T08:02:45.078377,1277
90a63b5f7032abf9,https://hn.linkedin.com/jobs/view/coral-spawn-adventure-at-adzentures-experiential-travel-company-4442950162,Coral Spawn Adventure,AdZENtures - Experiential Travel Company,posted,2026-07-22T08:02:57.700472,1279
f6ead0b0f7efabcb,https://hn.linkedin.com/jobs/view/executive-headhunter-remote-work-at-bairesdev-4442901009,Executive Headhunter - Remote Work,BairesDev,posted,2026-07-22T08:03:04.578482,413
4975b203aab7e3d9,https://hn.linkedin.com/jobs/view/bookkeeper-at-regisro-remote-office-4440180986,Bookkeeper,RegisRO (Remote Office),posted,2026-07-22T08:03:13.434029,227
385730e82a6e7e36,https://hn.linkedin.com/jobs/view/especialista-de-mercadeo-at-uno-centroam%C3%A9rica-4442917175,ESPECIALISTA DE MERCADEO,,scraped,2026-07-22T08:03:20.078946,
d4169ff3d1565b01,https://hn.linkedin.com/jobs/view/freelance-grabaci%C3%B3n-de-tareas-cotidianas-para-proyecto-de-ia-at-mindrift-data-annotation-projects-4443353316,Freelance: grabación de tareas cotidianas para proyecto de IA,Mindrift Data Annotation Projects,posted,2026-07-22T08:03:34.203653,1281
816c2669ef9ca384,https://hn.linkedin.com/jobs/view/freelance-grabaci%C3%B3n-de-tareas-cotidianas-para-proyecto-de-ia-at-mindrift-data-annotation-projects-4443349499,Freelance: grabación de tareas cotidianas para proyecto de IA,Mindrift Data Annotation Projects,posted,2026-07-22T08:03:44.179375,1283
551742667c16c736,https://hn.linkedin.com/jobs/view/supervisor-de-televentas-at-corporaci%C3%B3n-multi-inversiones-4439256257,Supervisor de Televentas,,scraped,2026-07-22T08:03:48.806521,
3f934d80682c47d2,https://hn.linkedin.com/jobs/view/analista-de-creditos-at-cbc-4440177860,Analista de Creditos,cbc,posted,2026-07-22T08:04:05.953410,1285
40ec20f60ada314c,https://hn.linkedin.com/jobs/view/pasante-de-administraci%C3%B3n-san-pedro-sula-at-ecopower-efici%C3%AAncia-energ%C3%A9tica-4442493649,Pasante de Administración - San Pedro Sula,EcoPower - Eficiência Energética,posted,2026-07-22T08:04:17.274052,1287
17c0e78cf9a07b5d,https://hn.linkedin.com/jobs/view/legal-assistant-at-impact-bpo-4441724075,Legal Assistant,,scraped,2026-07-22T08:04:19.964546,
8692a91a060bdc3d,https://hn.linkedin.com/jobs/view/analista-jr-administrativo-13317-49137-at-grupo-ficohsa-hn-4442422973,ANALISTA JR. ADMINISTRATIVO (13317) - 49137,Grupo Ficohsa HN,posted,2026-07-22T08:04:40.091958,1289
fac14dba94f8412c,https://hn.linkedin.com/jobs/view/freelance-grabaci%C3%B3n-de-tareas-cotidianas-para-proyecto-de-ia-at-mindrift-data-annotation-projects-4443362067,Freelance: grabación de tareas cotidianas para proyecto de IA,Mindrift Data Annotation Projects,posted,2026-07-22T08:04:49.712874,1291
c1f216f2c68dec99,https://hn.linkedin.com/jobs/view/creador-a-de-contenido-pov-para-ia-remoto-at-mindrift-data-annotation-projects-4443374092,Creador(a) de Contenido POV para IA - Remoto,Mindrift Data Annotation Projects,posted,2026-07-22T08:05:00.848698,1293
02485d5fb50eda98,https://hn.linkedin.com/jobs/view/record-your-daily-routine-get-paid-ai-training-remote-at-mindrift-data-annotation-projects-4443341527,Record Your Daily Routine & Get Paid - AI Training (Remote),Mindrift Data Annotation Projects,posted,2026-07-22T08:05:11.674249,151
aeddfd054837aff4,https://hn.linkedin.com/jobs/view/supervisor-de-seguridad-at-seguridad-jano-ltda-4440107782,Supervisor de Seguridad,Seguridad Jano Ltda.,posted,2026-07-22T08:05:23.020252,1295
c1f7f98a208271a6,https://hn.linkedin.com/jobs/view/ejecutivo-banca-comercial-at-banco-atl%C3%A1ntida-4441267825,Ejecutivo Banca Comercial,,scraped,2026-07-22T08:05:25.743476,
7f4d93721c8883a0,https://hn.linkedin.com/jobs/view/auxiliar-de-log%C3%ADstica-at-contrataciones-renacer-4443513238,Auxiliar de logística,Contrataciones RENACER,posted,2026-07-22T08:05:40.839830,1297
e62e2ce27c505e77,https://hn.linkedin.com/jobs/view/docente-de-sociales-at-ghc-talent-4441900810,Docente de Sociales,GHC Talent,posted,2026-07-22T08:05:53.440435,1299
e68d95d9cb073b86,https://hn.linkedin.com/jobs/view/gerente-de-negocios-at-cooperativa-mixta-usula-4443538468,Gerente de Negocios,Cooperativa Mixta Usula,posted,2026-07-22T08:06:06.418808,1301
0e1c6ee7e0e21f0f,https://hn.linkedin.com/jobs/view/sales-business-development-executive-energ%C3%ADa-solar-at-operadores-nacionales-4443574958,Sales Business Development Executive - Energía Solar,,scraped,2026-07-22T08:06:09.167588,
06a3137755cc7fb6,https://hn.linkedin.com/jobs/view/virtual-assistant-inside-sales-agent-at-we-clone-you-4440491578,Virtual Assistant - Inside Sales Agent,,scraped,2026-07-22T08:06:16.656050,
39378c71bffe0784,https://hn.linkedin.com/jobs/view/sales-executive-at-wind-hr-4442180650,Sales Executive,WIND HR,posted,2026-07-22T08:06:33.407056,1303
d60586ad6ceb94df,https://hn.linkedin.com/jobs/view/asistente-de-contabilidad-at-ah-auditores-consultores-honduras-4442776238,Asistente de Contabilidad,,scraped,2026-07-22T08:06:36.004259,
2d3d733758e51f13,https://hn.linkedin.com/jobs/view/motorista-de-equipo-pesado-at-grupo-q-4443377930,Motorista de Equipo Pesado,,scraped,2026-07-22T08:06:44.257490,
97430017b0c73e2c,https://hn.linkedin.com/jobs/view/sales-representative-at-vertu-agent-4443531414,Sales Representative,Vertu Agent,posted,2026-07-22T08:06:53.957300,363
087d4625f798f97a,https://hn.linkedin.com/jobs/view/generalista-de-recursos-humanos-at-empresa-confidencial-4443704011,GENERALISTA DE RECURSOS HUMANOS,Empresa Confidencial,posted,2026-07-22T08:07:06.934585,1305
3d1756200f81f7fc,https://hn.linkedin.com/jobs/view/analista-de-servicios-a-propietarios-i-internacional-at-sba-communications-4424451508,"Analista de Servicios a Propietarios I, Internacional",SBA Communications,posted,2026-07-22T08:07:16.232079,1307
b981256b7d0109d8,https://hn.linkedin.com/jobs/view/asociado-de-desarrollo-del-negocio-at-tally-4442690971,Asociado de desarrollo del negocio,Tally,posted,2026-07-22T08:07:28.841164,1309
38b5edd9259a2c40,https://hn.linkedin.com/jobs/view/ejecutivo-riesgo-tecnol%C3%B3gico-at-banco-atl%C3%A1ntida-4443572838,Ejecutivo Riesgo Tecnológico,,scraped,2026-07-22T08:07:31.474464,
c43b472b4338c517,https://hn.linkedin.com/jobs/view/record-your-daily-routine-get-paid-ai-training-remote-at-mindrift-data-annotation-projects-4443336775,Record Your Daily Routine & Get Paid - AI Training (Remote),Mindrift Data Annotation Projects,posted,2026-07-22T08:07:40.686331,151
953c5b571bd4d827,https://hn.linkedin.com/jobs/view/recruiter-at-ibex-4442935463,Recruiter,ibex,posted,2026-07-22T08:07:45.626343,745
382cf0c0af7d1820,https://hn.linkedin.com/jobs/view/tecnico-en-mecanica-automotriz-tgu-at-grupo-platino-4441906651,TECNICO EN MECANICA AUTOMOTRIZ - TGU,,scraped,2026-07-22T08:07:48.374211,
298c95551a497752,https://hn.linkedin.com/jobs/view/l%C3%ADder-de-proyectos-especiales-at-prologistica-honduras-4443573312,LÍDER DE PROYECTOS ESPECIALES,,scraped,2026-07-22T08:07:55.180034,
79e369d57d4a4b3f,https://hn.linkedin.com/jobs/view/senior-recruitment-manager-at-intouchcx-4442232523,Senior Recruitment Manager,,scraped,2026-07-22T08:08:01.867190,
dc905fb0534b1ea6,https://hn.linkedin.com/jobs/view/database-developer-mysql-at-pf-concepts-4441904095,Database Developer (MySQL),PF Concepts,posted,2026-07-22T08:08:17.347225,1311
bea2f71d74e4b96f,https://hn.linkedin.com/jobs/view/academic-coordinator-at-integrity-academy-4443310357,Academic Coordinator,Integrity Academy,posted,2026-07-22T08:08:26.315836,1313
a89fa21444f24018,https://hn.linkedin.com/jobs/view/senior-accountant-at-avanza-nearshoring-solutions-4441656350,Senior Accountant,Avanza - BPO and Staffing Solutions,posted,2026-07-22T08:08:33.881320,1315
23095d370e5b537c,https://hn.linkedin.com/jobs/view/support-services-intern-at-unops-4440488854,Support Services Intern,,scraped,2026-07-22T08:08:36.563135,
6831653799b65c89,https://hn.linkedin.com/jobs/view/auxiliar-operativo-at-seguridad-jano-ltda-4440112662,Auxiliar Operativo,Seguridad Jano Ltda.,posted,2026-07-22T08:08:50.374439,1317
3244fef17d8ead20,https://hn.linkedin.com/jobs/view/talent-acquisition-associate-remote-work-at-bairesdev-4442648174,Talent Acquisition Associate - Remote Work,BairesDev,posted,2026-07-22T08:08:55.496231,1025
7f0e12a0a312ff89,https://hn.linkedin.com/jobs/view/repartidor-at-corporaci%C3%B3n-multi-inversiones-4438745733,Repartidor,,scraped,2026-07-22T08:08:58.161461,
a447629cbc168974,https://hn.linkedin.com/jobs/view/architect-with-experience-in-revit-at-the-a-career-4443066163,Architect - with experience in Revit,The A Career,posted,2026-07-22T08:09:11.160792,1319
187e3fa85244ce06,https://hn.linkedin.com/jobs/view/l%C3%ADder-regional-pos-at-grupo-ficohsa-hn-4442670153,Líder Regional POS,Grupo Ficohsa HN,posted,2026-07-22T08:09:21.559791,1321
ad0fc7a3ee67bf07,https://hn.linkedin.com/jobs/view/banco-de-talento-%E2%80%93-oportunidades-en-cummins-impuls%C3%A1-tu-carrera-honduras-at-cummins-latin-america-4440796938,Banco de Talento – Oportunidades en Cummins | Impulsá tu carrera (Honduras),,scraped,2026-07-22T08:09:26.214966,
97d95a05d5c236c4,https://hn.linkedin.com/jobs/view/auditor-interno-at-corporaci%C3%B3n-multi-inversiones-4441076767,Auditor Interno,,scraped,2026-07-24T08:00:26.550437,
38c12d457f46708f,https://hn.linkedin.com/jobs/view/t%C3%A9cnico-territorial-at-direcci%C3%B3n-de-integraci%C3%B3n-gobierno-de-el-salvador-4443703035,Técnico Territorial,Dirección de Integración - Gobierno de El Salvador,failed|wp_post_failed,2026-07-24T08:00:41.430291,
3a01d005ced4071e,https://hn.linkedin.com/jobs/view/auxiliar-de-bodega-picker-at-pedidosya-4385633427,Auxiliar de Bodega/Picker,,scraped,2026-07-24T08:00:46.022343,
13b3d70c391cfe81,https://hn.linkedin.com/jobs/view/asistente-de-jefe-de-produccion-con-experiencia-en-compras-at-industrial-43-4444052579,Asistente de Jefe de Produccion con experiencia en Compras,,scraped,2026-07-24T08:00:54.662531,
f5bb24bb284b5c45,https://hn.linkedin.com/jobs/view/administrative-assistant-i-at-amentum-4443998593,Administrative Assistant I,Amentum,failed|wp_post_failed,2026-07-24T08:01:21.101832,
f44bd935a26f110b,https://hn.linkedin.com/jobs/view/inspector-de-seguridad-at-postensa-s-a-4442128246,Inspector de seguridad,POSTENSA S.A.,failed|wp_post_failed,2026-07-24T08:01:32.488361,
61e19ca2556b1283,https://hn.linkedin.com/jobs/view/guardaespalda-at-dinant-4443512882,Guardaespalda,,scraped,2026-07-24T08:01:35.033493,
5c6bb06e70d465d9,https://hn.linkedin.com/jobs/view/talent-quality-auditor-remote-work-at-bairesdev-4442698292,Talent Quality Auditor - Remote Work,BairesDev,failed|wp_post_failed,2026-07-24T08:01:47.437916,
b3bccb50ccca5a01,https://hn.linkedin.com/jobs/view/analista-de-inteligencia-comercial-at-corporaci%C3%B3n-multi-inversiones-4441513171,Analista de Inteligencia Comercial,,scraped,2026-07-24T08:01:52.046150,
d45660c97ec8c99b,https://hn.linkedin.com/jobs/view/dibujante-sps-at-tempolider-bogota-sas-4443452198,Dibujante SPS,,scraped,2026-07-24T08:01:59.758160,
e0f1b44101baf561,https://hn.linkedin.com/jobs/view/analista-de-reportes-e-impuestos-at-millicom-tigo-4442774641,Analista de Reportes e Impuestos,,scraped,2026-07-24T08:02:06.040350,
dc2c2cc4a9e92295,https://hn.linkedin.com/jobs/view/consultor%C2%A0de%C2%A0cumplimiento%C2%A0en%C2%A0fundaci%C3%B3n%C2%A0azteca%C2%A0honduras-at-grupo-salinas-honduras-4441961983,Consultor de Cumplimiento en Fundación Azteca Honduras,Grupo Salinas Honduras,failed|wp_post_failed,2026-07-24T08:02:20.166003,
fc10d6792de3cd91,https://hn.linkedin.com/jobs/view/customer-support-representative-accounting-support-at-teamswell-4443581479,Customer Support Representative/Accounting Support,Teamswell,failed|wp_post_failed,2026-07-24T08:02:27.902472,
4b3bcff2b9b457d1,https://hn.linkedin.com/jobs/view/coordinador-a-qa-at-periferia-it-group-4441183970,Coordinador/a QA,,scraped,2026-07-24T08:02:30.462742,
0079ce7483c1d9d1,https://hn.linkedin.com/jobs/view/analista-de-log%C3%ADstica-at-cervecer%C3%ADa-hondure%C3%B1a-4443586501,Analista de logística,Cervecería Hondureña,failed|wp_post_failed,2026-07-24T08:02:49.526554,
73d8c6d7071318a0,https://hn.linkedin.com/jobs/view/high-standard-supplier-28578-16-at-adpost4u-classifieds-4443537621,High-Standard Supplier 28578-16-...,,scraped,2026-07-24T08:02:54.084450,
dd442789b789737b,https://hn.linkedin.com/jobs/view/analista-de-inteligencia-comercial-at-corporaci%C3%B3n-multi-inversiones-4443013446,Analista de Inteligencia Comercial,,scraped,2026-07-24T08:03:02.409182,
1ebb706202ed575f,https://hn.linkedin.com/jobs/view/handyman-technician-needed-at-fixtman-llc-4442727700,Handyman/Technician Needed,fixTman LLC,failed|wp_post_failed,2026-07-24T08:03:15.172926,
4f44f74f0ae82d16,https://hn.linkedin.com/jobs/view/agente-de-servicio-al-cliente-at-ibex-4384513805,Agente de Servicio al Cliente,ibex,failed|wp_post_failed,2026-07-24T08:03:23.909551,
4980c8d61d507e9c,https://hn.linkedin.com/jobs/view/marketing-insights-specialist-at-cervecer%C3%ADa-hondure%C3%B1a-4444470174,Marketing Insights Specialist,Cervecería Hondureña,failed|wp_post_failed,2026-07-24T08:03:35.687158,
9e97788b4a9f8299,https://hn.linkedin.com/jobs/view/asistente-ejecutivo-at-fern%C3%A1ndez-asociados-4443946576,Asistente Ejecutivo,Fernández & Asociados,failed|wp_post_failed,2026-07-24T08:03:45.986388,
2c20a21802715e80,https://hn.linkedin.com/jobs/view/gerente-financiero-at-manpowergroup-4444454750,Gerente Financiero,ManpowerGroup,failed|wp_post_failed,2026-07-24T08:03:54.572257,
60f8a5be6cbbe66a,https://hn.linkedin.com/jobs/view/coordinador-operativo-at-seguridad-jano-ltda-4440104966,Coordinador operativo,Seguridad Jano Ltda.,failed|wp_post_failed,2026-07-24T08:04:05.000136,
b26f67dd39346f1a,https://hn.linkedin.com/jobs/view/subscription-retention-specialist-remote-gos-at-geeks-on-site-4443988139,Subscription Retention Specialist - Remote - GOS,Geeks on Site,failed|wp_post_failed,2026-07-24T08:04:14.622255,
04581b4c867c778b,https://hn.linkedin.com/jobs/view/ejecutivo-comercial-ilg-hn-at-ilg-logistics-s-a-4439250846,Ejecutivo Comercial - ILG HN,,scraped,2026-07-24T08:04:17.188260,
17923337c4c13ed8,https://hn.linkedin.com/jobs/view/recruiter-latam-at-jove-4443151999,Recruiter LATAM,JoVE,failed|wp_post_failed,2026-07-24T08:04:29.810196,
f71a120b73111d29,https://hn.linkedin.com/jobs/view/especialista-de-plataformas-at-unitec-4444747346,ESPECIALISTA DE PLATAFORMAS,unitec,failed|wp_post_failed,2026-07-24T08:04:38.465895,
f48377a0768aec79,https://hn.linkedin.com/jobs/view/intake-specialist-at-impact-bpo-4444032100,Intake Specialist,,scraped,2026-07-24T08:04:41.104543,
d36112cf66906a0e,https://hn.linkedin.com/jobs/view/electrical-engineer-expert-remote-at-yo-it-consulting-4444400366,Electrical Engineer Expert - Remote,,scraped,2026-07-24T08:04:47.742514,
7f3f98ffc9421b74,https://hn.linkedin.com/jobs/view/analista-de-hiring-journey-trabajo-remoto-at-bairesdev-4442678254,Analista de Hiring Journey - Trabajo Remoto,BairesDev,failed|wp_post_failed,2026-07-24T08:05:00.684136,
e9bb3724cf8591fa,https://hn.linkedin.com/jobs/view/analista-de-reclutamiento-y-cultura-at-confidencial-4443593295,Analista de Reclutamiento y Cultura,Confidencial,failed|wp_post_failed,2026-07-24T08:05:09.104161,
caa859bc79a34fc8,https://hn.linkedin.com/jobs/view/jefe-administrativo-financiero-at-grupo-platino-4441572162,Jefe Administrativo financiero,,scraped,2026-07-24T08:05:12.138042,
4ecc59c2dee0e69b,https://hn.linkedin.com/jobs/view/intake-specialist-at-impact-bpo-4444034091,Intake Specialist,,scraped,2026-07-24T08:05:18.948947,
4eb4a035b7680585,https://hn.linkedin.com/jobs/view/hrbp-at-alpla-group-4444472817,HRBP,,scraped,2026-07-24T08:05:26.414182,
5b862b121c731450,https://hn.linkedin.com/jobs/view/contador-general-at-bolsa-centroamericana-de-valores-4443084211,Contador General,,scraped,2026-07-24T08:05:33.763628,
b39fa2b8bdfc75ca,https://hn.linkedin.com/jobs/view/analista-de-compras-at-cable-net-broadband-4444458749,Analista de compras,CABLE NET BROADBAND,failed|wp_post_failed,2026-07-24T08:05:48.380475,
dab643e30d9d9903,https://hn.linkedin.com/jobs/view/administrador-de-tienda-at-grupo-monge-honduras-4443015305,Administrador de Tienda,Grupo Monge Honduras,failed|wp_post_failed,2026-07-24T08:05:58.935808,
b426b537b913cd74,https://hn.linkedin.com/jobs/view/analista-jr-soporte-tecnico-13318-49140-at-grupo-ficohsa-hn-4443523636,ANALISTA JR. SOPORTE TECNICO (13318) - 49140,Grupo Ficohsa HN,failed|wp_post_failed,2026-07-24T08:06:11.212069,
5baf127af9174406,https://hn.linkedin.com/jobs/view/spanish-bilingual-customer-service-specialist-at-talentpop-app-4442991404,Spanish Bilingual Customer Service Specialist,TalentPop App,failed|wp_post_failed,2026-07-24T08:06:18.725665,
bc94cf357d38d0e8,https://hn.linkedin.com/jobs/view/spanish-bilingual-customer-service-specialist-at-talentpop-app-4442991419,Spanish Bilingual Customer Service Specialist,TalentPop App,scraped,2026-07-24T08:06:29.281250,
3930af352b2775ed,https://hn.linkedin.com/jobs/view/spanish-bilingual-customer-service-specialist-at-talentpop-app-4442986645,Spanish Bilingual Customer Service Specialist,TalentPop App,failed|wp_post_failed,2026-07-24T08:06:36.956351,
516884372af4dad8,https://hn.linkedin.com/jobs/view/gerente-comercial-automotriz-at-manpowergroup-4444463599,Gerente Comercial - Automotriz,ManpowerGroup,failed|wp_post_failed,2026-07-24T08:06:45.574525,
feb4178c5c210327,https://hn.linkedin.com/jobs/view/mechanical-engineer-expert-remote-at-yo-it-consulting-4444783306,Mechanical Engineer Expert - Remote,,scraped,2026-07-24T08:06:48.734482,
9b194b527ae9f4c8,https://hn.linkedin.com/jobs/view/supervisor-de-cobros-at-contact-center-services-honduras-4444029591,Supervisor de cobros,,scraped,2026-07-24T08:06:54.948525,
3780a6e42bfdf5c2,https://hn.linkedin.com/jobs/view/cpg-packaging-graphic-designer-at-lateam-partners-4444495859,CPG Packaging Graphic Designer,LaTeam Partners,failed|wp_post_failed,2026-07-24T08:07:12.484389,
8b70a7b028593087,https://hn.linkedin.com/jobs/view/visitador-medico-at-mercafarma-4440988425,Visitador Medico,,scraped,2026-07-24T08:07:15.082970,
1165adaf3e415fdd,https://hn.linkedin.com/jobs/view/consulting-partner-at-era-group-4442703571,Consulting Partner,ERA Group,failed|wp_post_failed,2026-07-24T08:07:29.782745,
9d9bb748c8921b64,https://hn.linkedin.com/jobs/view/senior-recruitment-manager-at-intouchcx-4442238290,Senior Recruitment Manager,,scraped,2026-07-24T08:07:32.428254,
7d2577ef9f0b4cae,https://hn.linkedin.com/jobs/view/weekend-dispatcher-at-quadrivius-honduras-4441038478,Weekend Dispatcher,Quadrivius Honduras,failed|wp_post_failed,2026-07-24T08:07:46.612259,
df826a68702f04e3,https://hn.linkedin.com/jobs/view/cajero-para-santa-rosa-de-copan-at-grupo-ficohsa-hn-4442218143,Cajero para Santa Rosa de Copan,Grupo Ficohsa HN,failed|wp_post_failed,2026-07-24T08:07:56.541289,
0d7239af3f51a649,https://hn.linkedin.com/jobs/view/fullstack-developer-at-stefanini-latam-4431973515,FullStack Developer,,scraped,2026-07-24T08:07:59.159105,
8d43264d50b4fc22,https://hn.linkedin.com/jobs/view/especialista-vmware-at-consisa-honduras-4442697291,Especialista VMware,Consisa Honduras,failed|wp_post_failed,2026-07-24T08:08:16.380338,
8b3f328188f536e7,https://hn.linkedin.com/jobs/view/business-development-representative-at-avanza-nearshoring-solutions-4443933840,Business Development Representative,Avanza - BPO and Staffing Solutions,failed|wp_post_failed,2026-07-24T08:08:23.968363,
5c4a4501def3d4f6,https://hn.linkedin.com/jobs/view/executive-assistant-revenue-operations-specialist-at-veta-virtual-4443720721,Executive Assistant & Revenue Operations Specialist,,scraped,2026-07-24T08:08:26.675435,
40eb3eb8fee3fec3,https://hn.linkedin.com/jobs/view/ejecutivo-comercial-para-olanchito-yoro-at-alcance-s-a-4442228546,"Ejecutivo comercial para Olanchito, Yoro",,scraped,2026-07-24T08:08:32.877731,
d10a655e57793896,https://hn.linkedin.com/jobs/view/database-administrator-at-food-for-the-poor-4442343063,Database Administrator,Food For The Poor,posted,2026-07-26T07:59:34.523472,1323
e2b02f3a89e8446d,https://hn.linkedin.com/jobs/view/administrative-assistant-i-at-amentum-4444971627,Administrative Assistant I,Amentum,posted,2026-07-26T07:59:43.352293,1325
b6121bb9842beb86,https://hn.linkedin.com/jobs/view/talent-acquisition-specialist-at-charger-logistics-inc-4442731253,Talent Acquisition Specialist,,scraped,2026-07-26T07:59:49.905725,
8709a95ab8ad4c1d,https://hn.linkedin.com/jobs/view/selection-specialist-at-tp-4443592641,Selection Specialist,,scraped,2026-07-26T07:59:56.154862,
039aecfd9e2aeb6f,https://hn.linkedin.com/jobs/view/repartidor-at-corporaci%C3%B3n-multi-inversiones-4441560852,Repartidor,,scraped,2026-07-26T08:00:03.313576,
65baab8b0e539a5b,https://hn.linkedin.com/jobs/view/outbound-appointment-setter-at-warriorbabe-4444916613,Outbound Appointment Setter,WarriorBabe,posted,2026-07-26T08:00:16.501557,1327
aa7e986483aee187,https://hn.linkedin.com/jobs/view/operador-de-producci%C3%B3n-2-at-corporaci%C3%B3n-multi-inversiones-4440159655,Operador de Producción 2,,scraped,2026-07-26T08:00:21.020990,
c09f9c3f250e8deb,https://hn.linkedin.com/jobs/view/mercaderista-at-corporaci%C3%B3n-multi-inversiones-4441567409,Mercaderista,,scraped,2026-07-26T08:00:27.849263,
ab2dcec09df17d9d,https://hn.linkedin.com/jobs/view/record-your-daily-routine-get-paid-ai-training-remote-at-mindrift-data-annotation-projects-4443340510,Record Your Daily Routine & Get Paid - AI Training (Remote),Mindrift Data Annotation Projects,posted,2026-07-26T08:00:37.093559,151
2a5707e2ab10cdd0,https://hn.linkedin.com/jobs/view/creador-a-de-contenido-pov-para-ia-remoto-at-mindrift-data-annotation-projects-4443361757,Creador(a) de Contenido POV para IA - Remoto,Mindrift Data Annotation Projects,posted,2026-07-26T08:00:45.686422,1329
af6a1d481c5311d6,https://hn.linkedin.com/jobs/view/asistente-comercial-honduras-san-pedro-sula-at-grupo-colono-4444407025,Asistente Comercial - Honduras - San Pedro Sula,Grupo Colono,posted,2026-07-26T08:00:58.186159,1331
7f5a32d0de4cdaff,https://hn.linkedin.com/jobs/view/freelance-grabaci%C3%B3n-de-tareas-cotidianas-para-proyecto-de-ia-at-mindrift-data-annotation-projects-4443345577,Freelance: grabación de tareas cotidianas para proyecto de IA,Mindrift Data Annotation Projects,posted,2026-07-26T08:01:07.090561,1333
3125f667ec13cdfc,https://hn.linkedin.com/jobs/view/freelance-grabaci%C3%B3n-de-tareas-cotidianas-para-proyecto-de-ia-at-mindrift-data-annotation-projects-4443350436,Freelance: grabación de tareas cotidianas para proyecto de IA,Mindrift Data Annotation Projects,posted,2026-07-26T08:01:16.365742,1335
d4740f362306a597,https://hn.linkedin.com/jobs/view/desarrollador-a-fullstack-jr-at-deloitte-4443068511,Desarrollador(a) Fullstack Jr,Deloitte,posted,2026-07-26T08:01:26.183029,1337
143de2e738e1e88e,https://hn.linkedin.com/jobs/view/ejecutivo-de-desarrollo-comercial-at-flor-de-ca%C3%B1a-4444495272,Ejecutivo de Desarrollo Comercial,,scraped,2026-07-26T08:01:28.808877,
6aadbafdebaac9d9,https://hn.linkedin.com/jobs/view/consultor-en-diagn%C3%B3stico-y-estrategia-de-g%C3%A9nero-at-world-food-programme-4444993648,Consultor en Diagnóstico y Estrategia de Género,,scraped,2026-07-26T08:01:35.167618,
e9e5f3504a57f87e,https://hn.linkedin.com/jobs/view/product-manager-at-rho-4441072736,Product Manager,Rho,posted,2026-07-26T08:01:49.223228,1339
2fecc2f52778e36c,https://hn.linkedin.com/jobs/view/supervisor-de-ventas-pa-at-grupo-q-4443388469,Supervisor de Ventas PA,,scraped,2026-07-26T08:01:57.782770,
81f9ebd48bbf7aa4,https://hn.linkedin.com/jobs/view/chuy%C3%AAn-vi%C3%AAn-k%E1%BA%BF-to%C3%A1n-t%E1%BB%95ng-h%E1%BB%A3p-%E2%80%93-thu-nh%E1%BA%ADp-12%E2%80%9316-tri%E1%BB%87u-th%C3%A1ng-at-pasal-international-jsc-4443806671,Chuyên viên Kế toán Tổng hợp – Thu nhập 12–16 triệu/tháng,,scraped,2026-07-26T08:02:05.033438,
bd035133daa8852e,https://hn.linkedin.com/jobs/view/customer-service-representative-at-superior-glove-4444698531,Customer Service Representative,,scraped,2026-07-26T08:02:16.012297,
d1e230a5080eecbb,https://hn.linkedin.com/jobs/view/asesor-comercial-industrial-at-consulight-people-first-4442720522,Asesor Comercial Industrial,,scraped,2026-07-26T08:02:22.266447,
1dbf7d1689e0e20f,https://hn.linkedin.com/jobs/view/corporate-travel-and-mobility-agent-remote-at-indi-staffing-services-4443955167,Corporate Travel and Mobility Agent - Remote,INDI Staffing Services,posted,2026-07-26T08:02:35.932944,1341
5d5ff1be86a93b8e,https://hn.linkedin.com/jobs/view/gestor-de-cobros-at-empresa-confidencial-4443995575,Gestor de Cobros,Empresa Confidencial,posted,2026-07-26T08:02:44.350516,1343
2a1dffe13210b3fe,https://hn.linkedin.com/jobs/view/asesor-comercial-inmobiliario-at-bienes-raices-mariposa-4346451543,Asesor Comercial Inmobiliario,,scraped,2026-07-26T08:02:48.959967,
560b12387ba7f949,https://hn.linkedin.com/jobs/view/mecanico-automotriz-at-grupo-r-center-4445289176,MECANICO AUTOMOTRIZ,Grupo R Center,posted,2026-07-26T08:03:01.880225,1345
0f0292e5a422ff1d,https://hn.linkedin.com/jobs/view/jefe-de-ventas-para-proyectos-especiales-at-tigo-honduras-4444718064,Jefe de Ventas para Proyectos Especiales,Tigo Honduras.,posted,2026-07-26T08:03:14.389158,1347
aaf580614bf454cd,https://hn.linkedin.com/jobs/view/pov-video-recording-job-cooking-cleaning-daily-tasks-at-mindrift-data-annotation-projects-4443323632,"POV Video Recording Job - Cooking, Cleaning, Daily Tasks",Mindrift Data Annotation Projects,posted,2026-07-26T08:03:23.001474,1349
7d500b85c101ff6a,https://hn.linkedin.com/jobs/view/corporate-travel-and-mobility-agent-remote-work-at-bairesdev-4442681896,Corporate Travel and Mobility Agent - Remote Work,BairesDev,posted,2026-07-26T08:03:29.971590,493
f5e9706ec580c514,https://hn.linkedin.com/jobs/view/sports-data-collector-football-choluteca-honduras-at-genius-sports-4441580178,"Sports Data Collector (Football) - Choluteca, Honduras",,scraped,2026-07-26T08:03:32.318234,
b67a386d4d38986b,https://hn.linkedin.com/jobs/view/administrador-de-sistemas-operativos-aix-at-gbm-4444025331,Administrador de Sistemas Operativos AIX,GBM,posted,2026-07-26T08:03:47.273442,1351
fa7294029550c6b3,https://hn.linkedin.com/jobs/view/bilingual-virtual-aesthetic-medical-receptionist-front-desk-at-staffing-for-doctors-4441846434,Bilingual Virtual Aesthetic Medical Receptionist / Front Desk,Staffing For Doctors,posted,2026-07-26T08:03:54.719370,1353
1d28a7277421e2eb,https://hn.linkedin.com/jobs/view/oficial-sr-de-auditoria-2582-49178-at-grupo-ficohsa-hn-4444224568,OFICIAL SR. DE AUDITORIA (2582) - 49178,Grupo Ficohsa HN,posted,2026-07-26T08:04:05.300361,1355
486eae39e32caf7c,https://hn.linkedin.com/jobs/view/supervisor-a-de-rutas-de-entrega-at-cargill-4445343521,Supervisor(a) de Rutas de Entrega,Cargill,posted,2026-07-26T08:04:14.045181,1357
a5311f62232fb456,https://hn.linkedin.com/jobs/view/representante-ventas-at-akzonobel-4443938011,Representante Ventas,,scraped,2026-07-26T08:04:16.608092,
2c7506994816a00d,https://hn.linkedin.com/jobs/view/commercial-real-estate-asset-coordinator-at-relay-human-cloud-4444460965,Commercial Real Estate Asset Coordinator,Relay Human Cloud,posted,2026-07-26T08:04:29.452276,1359
db6a02bda66bbdd5,https://hn.linkedin.com/jobs/view/devops-i%2Bd-trabajo-remoto-at-bairesdev-4442095228,DevOps / I+D - Trabajo Remoto,BairesDev,posted,2026-07-26T08:04:36.587999,1361
a09670bf39f9c297,https://hn.linkedin.com/jobs/view/c%2B%2B-performance-engineer-remote-work-ref%23298129-at-bairesdev-4440859482,C++ Performance Engineer - Remote Work | REF#298129,BairesDev,posted,2026-07-26T08:04:43.989535,1363
dd83f5957eb950b4,https://hn.linkedin.com/jobs/view/ingeniero-de-seguridad-de-aplicaciones-checkmarx-sast-trabajo-remoto-at-bairesdev-4443126858,Ingeniero de Seguridad de Aplicaciones (Checkmarx / SAST) - Trabajo Remoto,BairesDev,posted,2026-07-26T08:04:48.766814,375
e3cefa3881bb4945,https://hn.linkedin.com/jobs/view/asesor-comercial-at-camas-aurora-4445213221,Asesor comercial,Camas Aurora,posted,2026-07-26T08:04:55.565638,645
182bbee32530c679,https://hn.linkedin.com/jobs/view/growth-engineer-remote-work-at-bairesdev-4442638520,Growth Engineer - Remote Work,BairesDev,posted,2026-07-26T08:05:07.590974,1365
50f2ec51c72d6d75,https://hn.linkedin.com/jobs/view/consultor-de-ventas-honduras-at-iqtek-consultora-de-tecnolog%C3%ADa-4442777161,Consultor de ventas - Honduras,iQtek - Consultora de Tecnología,posted,2026-07-26T08:05:19.304808,1367
a475cdc635ea1790,https://hn.linkedin.com/jobs/view/ai-data-annotator-at-telus-digital-ai-data-solutions-4442747037,AI Data Annotator,TELUS Digital AI Data Solutions,posted,2026-07-26T08:05:26.961953,1369
8d43a2da9211ebef,https://hn.linkedin.com/jobs/view/especialista-de-talento-humano-at-grupo-aurum-4446191088,Especialista de Talento Humano,,scraped,2026-07-28T08:09:35.605754,
a1086799f9a28b8a,https://hn.linkedin.com/jobs/view/encargada-o-de-seguridad-ocupacional-at-grupo-r-center-4445294066,ENCARGADA(O) DE SEGURIDAD OCUPACIONAL,Grupo R Center,posted,2026-07-28T08:09:51.611607,1371
34297fd3c9b4b935,https://hn.linkedin.com/jobs/view/especialista-de-compras-varias-at-grupo-aurum-4444055590,Especialista de Compras Varias,,scraped,2026-07-28T08:09:54.366453,
247e8dfda64fdc8e,https://hn.linkedin.com/jobs/view/planificador-de-la-demanda-at-corporaci%C3%B3n-multi-inversiones-4441840630,Planificador de la demanda,,scraped,2026-07-28T08:10:01.045714,
83cca9cb49898da8,https://hn.linkedin.com/jobs/view/supervisor-de-laboratorio-at-corporaci%C3%B3n-multi-inversiones-4441561762,Supervisor de Laboratorio,,scraped,2026-07-28T08:10:09.209599,
434679e6464c30bd,https://hn.linkedin.com/jobs/view/atencion-al-cliente-at-profesa-4446191090,Atencion al Cliente,PROFESA,posted,2026-07-28T08:10:25.468220,1373
ed9c738582dca8e9,https://hn.linkedin.com/jobs/view/especialista-en-primera-infancia-at-heifer-international-4443204146,Especialista en Primera Infancia,Heifer International,posted,2026-07-28T08:10:36.221731,1375
35e358d82a201d8f,https://hn.linkedin.com/jobs/view/account-manager-honduras-at-multic%C3%B3mputos-4443416745,Account Manager - Honduras,Multicómputos,posted,2026-07-28T08:10:49.169970,1377
b00d55801a10a99b,https://hn.linkedin.com/jobs/view/operador-de-producci%C3%B3n-2-at-corporaci%C3%B3n-multi-inversiones-4441813668,Operador de Producción 2,,scraped,2026-07-28T08:10:51.802747,
024bc2b9156b5ff0,https://hn.linkedin.com/jobs/view/record-your-daily-routine-get-paid-ai-training-remote-at-mindrift-data-annotation-projects-4443348140,Record Your Daily Routine & Get Paid - AI Training (Remote),Mindrift Data Annotation Projects,posted,2026-07-28T08:12:05.566037,151
1860641d40f28f9c,https://hn.linkedin.com/jobs/view/verificador-at-cbc-4442868652,VERIFICADOR,cbc,posted,2026-07-28T08:12:36.883082,1379
0c99ccb8f23109eb,https://hn.linkedin.com/jobs/view/title-i-specialized-programs-teacher-assistant-iii-school-wide-guy-es-at-clark-county-school-district-4444607661,Title I - Specialized Programs Teacher Assistant III (School-Wide) - Guy ES.,Clark County School District,posted,2026-07-28T08:12:50.861769,1381
e532af4761f6d711,https://hn.linkedin.com/jobs/view/auxiliar-de-servicios-generales-at-grupo-q-4446163878,Auxiliar de Servicios Generales,,scraped,2026-07-28T08:12:53.393075,
8f5ffc18109f2661,https://hn.linkedin.com/jobs/view/frontend-software-engineer-remote-at-yo-it-consulting-4445432298,Frontend Software Engineer - Remote,,scraped,2026-07-28T08:13:02.789226,
cf48b750477d1858,https://hn.linkedin.com/jobs/view/contract-specialist-remote-at-yo-it-consulting-4444855644,Contract Specialist - Remote,,scraped,2026-07-28T08:13:09.520428,
5e76bad3aeca0e91,https://hn.linkedin.com/jobs/view/devops-honduras-at-sofka-technologies-4444652090,DevOps | Honduras,Sofka Technologies,posted,2026-07-28T08:13:21.804718,1383
aa29bb0c5a36eb0f,https://hn.linkedin.com/jobs/view/desarrollador-a-backend-java-%2B-spring-boot-honduras-at-sofka-technologies-4444662077,Desarrollador/a Backend Java + Spring Boot | Honduras,Sofka Technologies,posted,2026-07-28T08:13:30.048739,1385
3a38d685a8e149da,https://hn.linkedin.com/jobs/view/agent-for-towing-and-roadside-assistance-at-global-pacific-support-4443579535,Agent for Towing and Roadside Assistance,Global Pacific Support,posted,2026-07-28T08:13:38.435712,1387
910d2d8864acd8aa,https://hn.linkedin.com/jobs/view/jefe-rotativo-de-televentas-at-grupo-ilp-4443794664,Jefe Rotativo de Televentas,,scraped,2026-07-28T08:13:41.058016,
c6a20961988fa28c,https://hn.linkedin.com/jobs/view/asesor-comercial-at-almacenes-eza-honduras-4445635210,Asesor comercial,Almacenes EZA Honduras,posted,2026-07-28T08:13:54.118494,645
1b8f748262744045,https://hn.linkedin.com/jobs/view/ingeniero-ddp-at-gildan-4443942446,Ingeniero - DDP,,scraped,2026-07-28T08:13:56.912894,
0a6e80db0c01c3ba,https://hn.linkedin.com/jobs/view/coordinador-de-desarrollo-local-siguatepeque-at-world-vision-4443977867,COORDINADOR DE DESARROLLO LOCAL (SIGUATEPEQUE),,scraped,2026-07-28T08:14:03.880122,
5fd3476b76e1117b,https://hn.linkedin.com/jobs/view/analista-de-fraude-6818-49229-at-grupo-ficohsa-hn-4445374001,ANALISTA DE FRAUDE (6818) - 49229,Grupo Ficohsa HN,posted,2026-07-28T08:14:18.952939,1389
6ee9ba61f97e967b,https://hn.linkedin.com/jobs/view/especialista-en-promoci%C3%B3n-y-comunicaci%C3%B3n-social-at-heifer-international-4443208112,Especialista en Promoción y Comunicación Social,Heifer International,posted,2026-07-28T08:14:27.532961,1391
190437c03740d8c5,https://hn.linkedin.com/jobs/view/asociado-t%C3%A9cnico-ii-en-extensi%C3%B3n-at-catholic-relief-services-4441814638,Asociado Técnico II En Extensión,Catholic Relief Services,posted,2026-07-28T08:14:36.235591,1393
9b52100279504601,https://hn.linkedin.com/jobs/view/probenkoordinator-at-pgt-control-4442832433,Probenkoordinator,,scraped,2026-07-28T08:14:38.831029,
31fd740d2d3ac7e0,https://hn.linkedin.com/jobs/view/asesor-de-ventas-at-grupo-ilp-4444937938,Asesor de Ventas,,scraped,2026-07-28T08:14:44.947435,
ad053766ffeebd97,https://hn.linkedin.com/jobs/view/auxiliar-contable-at-grupo-asesores-y-consultores-gerenciales-4446146292,Auxiliar contable,,scraped,2026-07-28T08:14:55.776053,
7fca3273d0635ea1,https://hn.linkedin.com/jobs/view/business-developer-sps-at-grupo-vesta-oficial-4446154409,Business Developer SPS,,scraped,2026-07-28T08:15:03.783208,
f2ccf0a0f8628cfe,https://hn.linkedin.com/jobs/view/asistente-auditor-interno-at-confidencial-4446147501,Asistente Auditor Interno,CONFIDENCIAL,posted,2026-07-28T08:15:17.770335,1395
6e581d727ceb4eda,https://hn.linkedin.com/jobs/view/especialista-de-monitoreo-y-cartera-at-confidential-careers-4445258519,Especialista de Monitoreo y Cartera,Confidential Careers,posted,2026-07-28T08:15:31.443351,1397
4cb0bb806c4ccd9e,https://hn.linkedin.com/jobs/view/lead-data-scientist-at-epam-systems-4438489538,Lead Data Scientist,EPAM Systems,posted,2026-07-28T08:15:47.004028,1399
49cca6118a1ae189,https://hn.linkedin.com/jobs/view/latin-american-voice-actor-fully-remote-upto-%24150-hr-at-mercor-4425973606,Latin American Voice Actor - Fully Remote | Upto $150/hr,Mercor,posted,2026-07-28T08:15:55.640151,1401
ddf4f80364676afe,https://hn.linkedin.com/jobs/view/asesor-de-proyecto-4443944475,Asesor de proyecto,STONE MARKET SA,posted,2026-07-28T08:16:04.040908,1403
abc02cd24a7f2311,https://hn.linkedin.com/jobs/view/ingeniero-de-software-at-millicom-tigo-4444233593,INGENIERO DE SOFTWARE,,scraped,2026-07-28T08:16:06.910941,
5a890f4370de3a94,https://hn.linkedin.com/jobs/view/manual-qa-i-%2B-d-trabajo-remoto-at-bairesdev-4445152171,Manual QA / I + D - Trabajo Remoto,BairesDev,posted,2026-07-28T08:16:22.621666,1405
85a6345918f02d5d,https://hn.linkedin.com/jobs/view/accounting-onboarding-specialist-at-scale-up-recruiting-partners-4443107411,Accounting Onboarding Specialist,Scale Up Recruiting Partners,posted,2026-07-28T08:16:35.263040,1407
966fa91b1272e9fb,https://hn.linkedin.com/jobs/view/l%C3%ADder-de-programas-bilingue-ong-proyectos-agropecuarios-at-manpowergroup-caribe-y-centroam%C3%A9rica-4445913892,Líder de Programas  Bilingue - ONG (Proyectos Agropecuarios),,scraped,2026-07-28T08:16:37.856886,
764da9cffd841f4e,https://hn.linkedin.com/jobs/view/analista-de-ingenier%C3%ADa-de-datos-trabajo-remoto-at-bairesdev-4445165674,Analista de Ingeniería de Datos - Trabajo Remoto,BairesDev,posted,2026-07-28T08:16:50.954239,1409
9809b39278871b84,https://hn.linkedin.com/jobs/view/comodin-de-preventa-at-grupo-simka-4443453187,Comodin de Preventa,,scraped,2026-07-28T08:16:53.688760,
775b66f8c5f0304d,https://hn.linkedin.com/jobs/view/coordinador-de-desarrollo-de-eventos-4446130991,Coordinador de desarrollo de eventos,Post as confidential,posted,2026-07-28T08:18:12.268058,1411
7c5a47c129e50e84,https://hn.linkedin.com/jobs/view/devops-trabajo-remoto-at-bairesdev-4445160710,DevOps - Trabajo Remoto,BairesDev,posted,2026-07-28T08:18:21.856171,1413
ae57358bee22ea80,https://hn.linkedin.com/jobs/view/m%C3%A9dico-en-detenci%C3%B3n-at-international-committee-of-the-red-cross-icrc-4442999462,Médico en Detención,,scraped,2026-07-28T08:18:24.496706,
9391c432fbe001b1,https://hn.linkedin.com/jobs/view/salesforce-administrator-cx-systems-specialist-at-veta-virtual-4444673064,Salesforce Administrator & CX Systems Specialist,,scraped,2026-07-28T08:18:32.436874,
84858223ca370dc0,https://hn.linkedin.com/jobs/view/paralegal-%E2%80%93-remote-role-law-firm-%E2%80%93-personal-injury-4445295291,Paralegal – Remote Role (Law Firm – Personal Injury),TalentForge Connect,posted,2026-07-28T08:18:46.300410,1415
bd6b6c52f94b5f65,https://hn.linkedin.com/jobs/view/analyst-client-relationship-management-at-wtw-4445407741,Analyst - Client Relationship Management,WTW,posted,2026-07-28T08:18:59.445577,1417
feab1a9003093581,https://hn.linkedin.com/jobs/view/data-engineer-at-food-for-the-poor-4442354053,Data Engineer,Food For The Poor,posted,2026-07-28T08:19:06.462235,139
92f1d2166360f1c8,https://hn.linkedin.com/jobs/view/auxiliar-contable-at-camas-aurora-4446139687,Auxiliar contable,Camas Aurora,posted,2026-07-28T08:19:16.393631,1419
aae16ecbc8029599,https://hn.linkedin.com/jobs/view/ingeniero-de-qa-de-software-trabajo-remoto-at-bairesdev-4445188609,Ingeniero de QA de Software - Trabajo Remoto,BairesDev,posted,2026-07-28T08:19:25.419875,1421
139fb00f243b9e4b,https://hn.linkedin.com/jobs/view/practicante-universitario-a-tegucigalpa-at-cargill-4443516319,Practicante Universitario (a) - Tegucigalpa,Cargill,posted,2026-07-28T08:19:32.647745,103
cbc0d6e71481fc31,https://hn.linkedin.com/jobs/view/software-engineer-devsecops-remote-work-ref%23298142-at-bairesdev-4440868032,Software Engineer (DevSecOps) - Remote Work | REF#298142,BairesDev,posted,2026-07-28T08:19:40.997691,1423
74576be2df46d1ab,https://hn.linkedin.com/jobs/view/aws-devops-engineer-linux-remote-latin-america-at-fullstack-4435322851,AWS DevOps Engineer (Linux) - Remote - Latin America,FullStack,posted,2026-07-28T08:19:50.181048,169
0510f19c2f3dd1da,https://hn.linkedin.com/jobs/view/aws-devops-engineer-linux-remote-latin-america-at-fullstack-4435342070,AWS DevOps Engineer (Linux) - Remote - Latin America,FullStack,posted,2026-07-28T08:20:05.308298,169
8af0f368ef461a55,https://hn.linkedin.com/jobs/view/practicante-universitario-a-villanueva-cortes-1-at-cargill-4441573546,Practicante Universitario (a) / Villanueva Cortes 1,Cargill,posted,2026-07-28T08:20:12.557062,411
f68c56d5aa661cba,https://hn.linkedin.com/jobs/view/ai-technical-product-manager-at-applaudo-4443552011,AI Technical Product Manager,,scraped,2026-07-28T08:20:15.153414,
eef74c09c4228341,https://hn.linkedin.com/jobs/view/platform-software-engineer-kubernetes-remote-latin-america-at-fullstack-4445260066,Platform Software Engineer (Kubernetes) - Remote - Latin America,FullStack,posted,2026-07-28T08:20:27.796482,1425
b52ab033b858f093,https://hn.linkedin.com/jobs/view/monitoring-specialist-at-charger-logistics-inc-4446345087,Monitoring Specialist,,scraped,2026-07-30T07:59:29.967780,
109923ae5dfca523,https://hn.linkedin.com/jobs/view/office-specialist-ii-transportation-department-at-clark-county-school-district-4446024321,Office Specialist II - Transportation Department.,Clark County School District,posted,2026-07-30T07:59:43.771469,1427
d82261e21e9a1748,https://hn.linkedin.com/jobs/view/morning-shift-dispatcher-weekends-at-charger-logistics-inc-4446353747,Morning Shift Dispatcher - Weekends,,scraped,2026-07-30T07:59:48.369598,
1eab9b1923c4262f,https://hn.linkedin.com/jobs/view/executive-recruiter-remote-work-at-bairesdev-4446419295,Executive Recruiter - Remote Work,BairesDev,posted,2026-07-30T08:00:02.466134,1429
447d986072923399,https://hn.linkedin.com/jobs/view/bookkeeper-with-quickbooks-experience-in-construction-at-the-a-career-4447001540,Bookkeeper with QuickBooks - Experience in Construction,The A Career,posted,2026-07-30T08:00:12.655820,1431
b693984ef9a7ac17,https://hn.linkedin.com/jobs/view/vote-id-at-cygnus-pacific-4446886073,Vote ID,,scraped,2026-07-30T08:00:15.220979,
cc7c6ec3385d5b6a,https://hn.linkedin.com/jobs/view/gestor-de-recuperaciones-santa-barbara-at-tempolider-bogota-sas-4446534382,Gestor de Recuperaciones-Santa Barbara,,scraped,2026-07-30T08:00:21.233773,
d2c64f9b84103632,https://hn.linkedin.com/jobs/view/dise%C3%B1ador-a-gr%C3%A1fico-a-at-econo-rent-a-car-4446525594,Diseñador(a) Gráfico(a),Econo Rent A Car,posted,2026-07-30T08:01:07.125702,1433
0b8459ee33ce6d1f,https://hn.linkedin.com/jobs/view/analista-de-estrategia-y-proyectos-at-grupo-salinas-honduras-4444113723,Analista de Estrategia y Proyectos,Grupo Salinas Honduras,posted,2026-07-30T08:02:23.548167,1435
693e8884e4a5056c,https://hn.linkedin.com/jobs/view/auxiliar-de-limpieza-at-grupo-guticia-4445166928,Auxiliar de Limpieza,,scraped,2026-07-30T08:02:26.169405,
70db35aaa378becd,https://hn.linkedin.com/jobs/view/pesador-a-de-bodega-de-harina-at-tempolider-bogota-sas-4445284385,Pesador(a) de Bodega de Harina,,scraped,2026-07-30T08:02:35.742986,
665927a97c7439c6,https://hn.linkedin.com/jobs/view/ejecutivo-de-redes-y-comunicaciones-at-davivienda-honduras-4446158312,Ejecutivo de redes y comunicaciones,,scraped,2026-07-30T08:02:41.823280,
2d044d6f24737196,https://hn.linkedin.com/jobs/view/subgerente-de-infraestructura-at-grupo-r-center-4445283395,SUBGERENTE DE INFRAESTRUCTURA,Grupo R Center,posted,2026-07-30T08:02:54.381089,1437
2b172e6270ff5d4b,https://hn.linkedin.com/jobs/view/ejecutiva-o-de-ventas-inmobiliarias-at-grupo-r-center-4445272939,EJECUTIVA(O) DE VENTAS INMOBILIARIAS,Grupo R Center,posted,2026-07-30T08:03:04.084160,1439
e529249bd785c60c,https://hn.linkedin.com/jobs/view/record-your-daily-routine-get-paid-ai-training-remote-at-mindrift-data-annotation-projects-4443259036,Record Your Daily Routine & Get Paid - AI Training (Remote),Mindrift Data Annotation Projects,posted,2026-07-30T08:03:12.985563,151
6f0a3be49271d6ee,https://hn.linkedin.com/jobs/view/asistente-de-compras-temporal-at-pricesmart-4442369497,Asistente de Compras -Temporal,PriceSmart,posted,2026-07-30T08:03:22.330397,1441
f20a03ef04ffefea,https://hn.linkedin.com/jobs/view/auxiliar-contable-at-grupo-asesores-4444045665,Auxiliar Contable,Grupo Asesores,posted,2026-07-30T08:03:27.104184,1419
58931db5034d5d91,https://hn.linkedin.com/jobs/view/coordinador-de-recuperaciones-at-banco-popular-hn-4444744911,Coordinador de Recuperaciones,,scraped,2026-07-30T08:03:30.579134,
d8fa95682d713e47,https://hn.linkedin.com/jobs/view/analista-de-reclutamiento-y-cultura-at-confidencial-4446127939,Analista de Reclutamiento y Cultura,CONFIDENCIAL,posted,2026-07-30T08:03:49.531180,1443
455891c3127c3ad9,https://hn.linkedin.com/jobs/view/key-account-manager-atm-cam-at-prosegur-4444138532,Key Account Manager ATM- CAM,,scraped,2026-07-30T08:03:54.185934,
87922a018de51f80,https://hn.linkedin.com/jobs/view/protection-case-worker-tegucigalpa-at-iom-un-migration-4446182334,Protection Case Worker- Tegucigalpa,IOM - UN Migration,posted,2026-07-30T08:04:14.204016,1445
8011519cbc0a24cd,https://hn.linkedin.com/jobs/view/analista-en-innovaci%C3%B3n-y-transformaci%C3%B3n-digital-office-based-open-to-internal-and-external-applicants-at-undp-careers-4444194456,Analista en Innovación y Transformación Digital (Office-Based) [Open to internal and external applicants],UNDP Careers,posted,2026-07-30T08:04:23.200136,1447
a7b0765a60366e13,https://hn.linkedin.com/jobs/view/student-advisor-at-edutechloft-4446885241,Student Advisor,EDUTECHLoft,posted,2026-07-30T08:04:31.640333,1449
44696f265642211f,https://hn.linkedin.com/jobs/view/jr-sales-executive-at-colgate-palmolive-4444189434,Jr. Sales Executive,Colgate-Palmolive,posted,2026-07-30T08:05:29.083681,1450
c2fbf81e37e06f57,https://hn.linkedin.com/jobs/view/especialista-en-trabajos-de-organizaci%C3%B3n-y-capacitaci%C3%B3n-a-l%C3%ADderes-comunitarios-at-childfund-international-4443602385,Especialista en trabajos de organización y capacitación a líderes comunitarios,ChildFund International,posted,2026-07-30T08:05:41.622377,1452
96bc1c01b3fea43d,https://hn.linkedin.com/jobs/view/chuy%C3%AAn-vi%C3%AAn-qa-qc-x%C3%A2y-d%E1%BB%B1ng-at-hateco-group-4445179249,Chuyên viên QA QC Xây dựng,,scraped,2026-07-30T08:05:44.254526,
c7da4895e90bfb9d,https://hn.linkedin.com/jobs/view/key-account-manager-at-mabe-global-4445157503,Key Account Manager,,scraped,2026-07-30T08:05:52.592639,
91ddeefb7908df8a,https://hn.linkedin.com/jobs/view/manufacturing-engineer-at-aptiv-4433559380,Manufacturing Engineer,,scraped,2026-07-30T08:05:59.338611,
cb2312eebfa9b35c,https://hn.linkedin.com/jobs/view/protection-officer-p-at-iom-un-migration-4444919718,Protection Officer (P),IOM - UN Migration,posted,2026-07-30T08:06:15.465211,1454
c1745a000528e989,https://hn.linkedin.com/jobs/view/coordinadora-de-mercadeo-at-tally-4446874161,Coordinadora de Mercadeo,Tally,posted,2026-07-30T08:06:25.168786,1456
4e70914ff5a25b30,https://hn.linkedin.com/jobs/view/gerente-de-proyectos-verticales-at-galeas-arquitectos-4444373423,Gerente de Proyectos Verticales,,scraped,2026-07-30T08:06:29.937265,
3866034dcdc9cc9d,https://hn.linkedin.com/jobs/view/commercial-lending-sales-assistant-at-regisro-remote-office-4442882572,Commercial Lending Sales Assistant,RegisRO (Remote Office),posted,2026-07-30T08:06:44.087977,1458
fff4395c65480127,https://hn.linkedin.com/jobs/view/gerente-de-ventas-at-sigma-4445724721,Gerente de Ventas,,scraped,2026-07-30T08:06:46.654508,
fa595ffff69489c2,https://hn.linkedin.com/jobs/view/activation-pdv-supervisor-at-nestl%C3%A9-4446332458,Activation PDV Supervisor,Nestlé,posted,2026-07-30T08:07:02.038314,1460
6fb6a3875213cbf7,https://hn.linkedin.com/jobs/view/automation-technician-at-fives-intralogistics-4444838097,Automation Technician,,scraped,2026-07-30T08:07:04.412124,
15564508c7aeb4ff,https://hn.linkedin.com/jobs/view/especialista-de-soporte-at-uno-centroam%C3%A9rica-4445728719,ESPECIALISTA DE SOPORTE,,scraped,2026-07-30T08:07:11.529919,
817fb971bc9f3757,https://hn.linkedin.com/jobs/view/ingeniero-a-civil-%E2%80%93-especialista-en-autocad-at-geo-environment-4445342890,INGENIERO(A) CIVIL – ESPECIALISTA EN AUTOCAD,,scraped,2026-07-30T08:07:22.635421,
c437b5f41cb290ee,https://hn.linkedin.com/jobs/view/coordinador-de-proyectos-at-gomezlee-marketing-4443650434,Coordinador de Proyectos,,scraped,2026-07-30T08:07:29.093154,
2813ed5c379e16f9,https://hn.linkedin.com/jobs/view/customer-success-manager-at-ottomatik-io-4446051133,Customer Success Manager,Ottomatik.io,posted,2026-07-30T08:07:46.287817,1462
d8688ee1193e3a8f,https://hn.linkedin.com/jobs/view/jefe-de-seguridad-industrial-y-medio-ambiente-at-bia-honduras-4445241306,Jefe de seguridad industrial y medio ambiente,bia Honduras,posted,2026-07-30T08:07:58.409046,1464
09a06c26745644fe,https://hn.linkedin.com/jobs/view/gestor-de-cobros-at-inversiones-gemca-s-de-r-l-4446398405,Gestor de cobros,Inversiones Gemca S. DE R.L.,posted,2026-07-30T08:08:04.562701,1343
039947dc569f3625,https://hn.linkedin.com/jobs/view/bilingual-call-center-agent-english-spanish-%E2%80%93-work-from-home-at-callsexperts-4446414413,Bilingual Call Center Agent (English & Spanish) – Work From Home,Callsexperts,posted,2026-07-30T08:08:13.773854,1466
c17cee0ad40eed63,https://hn.linkedin.com/jobs/view/asesor-de-ventas-at-grupo-ilp-4444956266,Asesor de Ventas,,scraped,2026-07-30T08:08:16.222746,
e0a930f19316a766,https://hn.linkedin.com/jobs/view/consultative-sales-executive-digital-marketing-hubspot-ai-solutions-at-oneims-integrated-marketing-solutions-4446843020,"Consultative Sales Executive - Digital Marketing, HubSpot & AI Solutions",OneIMS - Integrated Marketing Solutions,posted,2026-07-30T08:08:28.657221,1468
6d9b5905b43744b9,https://hn.linkedin.com/jobs/view/brand-manager-consumo-masivo-at-manpowergroup-caribe-y-centroam%C3%A9rica-4444399794,Brand Manager  - consumo masivo,,scraped,2026-07-30T08:08:39.309984,
39df8f595c4de785,https://hn.linkedin.com/jobs/view/jefe-de-ventas-13392-49297-at-grupo-ficohsa-hn-4446886595,JEFE DE VENTAS (13392) - 49297,Grupo Ficohsa HN,posted,2026-07-30T08:08:53.642279,1470
e0005aaba7e44cf3,https://hn.linkedin.com/jobs/view/administrador-de-tienda-san-esteban-olancho-at-emco-holding-4445341428,"Administrador de Tienda (San Esteban, Olancho)",EMCO Holding,posted,2026-07-30T08:09:08.298737,1472
c7e578b6289ba35e,https://hn.linkedin.com/jobs/view/psic%C3%B3logos-biling%C3%BCes-tegucigalpa-at-confidencial-4447000056,Psicólogos Bilingües Tegucigalpa,Confidencial,posted,2026-07-30T08:09:16.778362,1474
690c3d0d79e58067,https://hn.linkedin.com/jobs/view/analista-de-hiring-journey-trabajo-remoto-at-bairesdev-4446362161,Analista de Hiring Journey - Trabajo Remoto,BairesDev,posted,2026-07-30T08:09:23.435475,287
81903e12b0aa008c,https://hn.linkedin.com/jobs/view/global-intake-specialist-at-dechant-law-firm-4443617156,Global Intake Specialist,DeChant Law Firm,posted,2026-07-30T08:09:30.885178,1476
116b1551f4ad75c7,https://hn.linkedin.com/jobs/view/especialista-en-salud-at-heifer-international-4443210112,Especialista en Salud,Heifer International,posted,2026-07-30T08:09:38.532106,1478
43cf8663f1e9a44f,https://hn.linkedin.com/jobs/view/team-lead-supervisor-at-intouchcx-4446475984,Team Lead (Supervisor),,scraped,2026-07-30T08:09:41.178165,
ef1bebde06ac026a,https://hn.linkedin.com/jobs/view/idb-invest-institutional-and-corporate-legal-affairs-division-compliance-officer-at-idb-invest-4442355011,IDB Invest - Institutional and Corporate Legal Affairs Division - Compliance Officer,BID Invest,posted,2026-07-30T08:09:54.278902,1480
11d5209457761f79,https://hn.linkedin.com/jobs/view/python-developer-investigaci%C3%B3n-y-desarrollo-trabajo-remoto-at-bairesdev-4445147670,Python Developer / Investigación y Desarrollo - Trabajo Remoto,BairesDev,posted,2026-07-30T08:10:06.589278,1482
06223da8a015d2e5,https://hn.linkedin.com/jobs/view/manager-operations-las-vegas-nv-at-a-p-moller-maersk-4446142861,"Manager, Operations - Las Vegas, NV",,scraped,2026-07-30T08:10:09.036006,
89bca18b232b2ca0,https://hn.linkedin.com/jobs/view/broker-customer-success-manager-at-peak-altitude-4443625528,Broker Customer Success Manager,Peak Altitude,posted,2026-07-30T08:10:23.621067,1484
bb9a112bd88aa11b,https://hn.linkedin.com/jobs/view/analista-de-reclutamiento-4444714146,Analista de reclutamiento,Post as Confidential,posted,2026-07-30T08:10:32.263728,1486
0fdfd618d4e403e5,https://hn.linkedin.com/jobs/view/encargado-de-starmart-at-peopleblue-4446859327,Encargado de StarMart,,scraped,2026-07-30T08:10:35.000497,
d95dffdec7c5b93b,https://hn.linkedin.com/jobs/view/machine-learning-engineer-remote-work-at-bairesdev-4446079645,Machine Learning Engineer - Remote Work,BairesDev,posted,2026-07-30T08:10:45.600537,509
a653004af71b83cb,https://hn.linkedin.com/jobs/view/nh%C3%A2n-vi%C3%AAn-k%E1%BB%B9-thu%E1%BA%ADt-c%C6%A1-%C4%91i%E1%BB%87n-at-hateco-group-4445193106,Nhân viên Kỹ thuật Cơ điện,,scraped,2026-07-30T08:10:48.249438,
b104e01e118a33ac,https://hn.linkedin.com/jobs/view/analista-de-tesorer%C3%ADa-at-grupo-platino-4442882196,Analista de Tesorería,,scraped,2026-07-30T08:10:56.507980,
1ba65474f41655bb,https://hn.linkedin.com/jobs/view/marketing-client-generation-manager-at-virtual-staffing-careers-4441857063,Marketing Client Generation Manager,Virtual Staffing Careers,posted,2026-07-30T08:11:08.973462,1488
b4f81d2c0b053ce0,https://hn.linkedin.com/jobs/view/sql-developer-at-food-for-the-poor-4442355052,SQL Developer,Food For The Poor,posted,2026-07-30T08:11:17.744849,1490
90a554642f23c898,https://hn.linkedin.com/jobs/view/rust-open-source-contributor-remote-at-yo-it-consulting-4444861617,Rust Open Source Contributor - Remote,,scraped,2026-07-30T08:11:20.390193,
accea254e52e027e,https://hn.linkedin.com/jobs/view/jefe-de-proyectos-inmobiliarios-at-grupo-platino-4443634377,Jefe de Proyectos Inmobiliarios,,scraped,2026-07-30T08:11:26.729723,
0c12b88695748297,https://hn.linkedin.com/jobs/view/especialista-segmento-13110-49304-at-grupo-ficohsa-hn-4446892266,ESPECIALISTA SEGMENTO (13110) - 49304,Grupo Ficohsa HN,posted,2026-07-30T08:11:40.481181,1492
acd20dfff43c2078,https://hn.linkedin.com/jobs/view/quality-assurance-analyst-at-food-for-the-poor-4442355050,Quality Assurance Analyst,Food For The Poor,posted,2026-07-30T08:11:45.171924,641
2385a319d95c0173,https://hn.linkedin.com/jobs/view/go-golang-developer-remote-at-yo-it-consulting-4444802603,Go/Golang Developer - Remote,,scraped,2026-07-30T08:11:47.773097,
189f3b7125b3100a,https://hn.linkedin.com/jobs/view/asesor-de-ventas-tp-at-gomezlee-marketing-4441840325,Asesor de Ventas (TP),,scraped,2026-07-30T08:11:54.104788,
b498e3f58fc9c542,https://hn.linkedin.com/jobs/view/golang-open-source-contributor-remote-at-yo-it-consulting-4444864569,Golang Open Source Contributor - Remote,,scraped,2026-07-30T08:12:01.640196,
a386c2d3d436c9d0,https://hn.linkedin.com/jobs/view/ejecutor-de-eventos-junior-4446143946,Ejecutor de eventos junior,Post as confidential,posted,2026-07-30T08:12:12.078528,1494
d8b8055f1d0a67f5,https://hn.linkedin.com/jobs/view/lead-generation-cold-calling-specialist-europe-market-at-powerhandling-4445205336,Lead Generation Cold Calling Specialist - EUROPE MARKET,POWERHANDLING,posted,2026-07-30T08:12:20.200030,1496
0634f4dbee7eac3f,https://hn.linkedin.com/jobs/view/emisor-de-p%C3%B3liza-de-seguros-at-empresa-confidencial-4446324589,Emisor de Póliza de Seguros,Empresa Confidencial,posted,2026-07-30T08:12:28.982691,1498
ecaaea2e92cc28b2,https://hn.linkedin.com/jobs/view/especialista-en-oportunidades-de-ingreso-at-childfund-international-4443618155,Especialista en Oportunidades de Ingreso,ChildFund International,posted,2026-07-30T08:12:40.047711,1500
a315c653facd0564,https://hn.linkedin.com/jobs/view/associate-billing-specialist-latam-at-cloudbeds-4445981309,Associate Billing Specialist - LATAM,Cloudbeds,posted,2026-07-30T08:12:48.473889,1502
d72a4e1ebf695d39,https://hn.linkedin.com/jobs/view/ingeniero-de-seguridad-de-aplicaciones-checkmarx-sast-trabajo-remoto-at-bairesdev-4445176958,Ingeniero de Seguridad de Aplicaciones (Checkmarx / SAST) - Trabajo Remoto,BairesDev,posted,2026-07-30T08:12:53.198050,375
ab10553e574d8994,https://hn.linkedin.com/jobs/view/ingeniero-de-seguridad-de-aplicaciones-checkmarx-sast-trabajo-remoto-at-bairesdev-4445182816,Ingeniero de Seguridad de Aplicaciones (Checkmarx / SAST) - Trabajo Remoto,BairesDev,posted,2026-07-30T08:12:59.901449,375
0fbff87a44ea6338,https://hn.linkedin.com/jobs/view/nodejs-application-architect-at-applaudo-4445963659,NodeJS Application Architect,,scraped,2026-07-30T08:13:08.649029,
146a394f92823b86,https://hn.linkedin.com/jobs/view/medico-pediatra-clinica-escolar-at-red-medicatel-4446852238,Medico Pediatra - Clinica Escolar,,scraped,2026-07-30T08:13:21.060536,
a239babc22edeb8e,https://hn.linkedin.com/jobs/view/uh-60-maintenance-test-pilot-uh-60-mtp-honduras-at-amentum-4446370988,UH-60 Maintenance Test Pilot (UH-60 MTP) - Honduras,Amentum,posted,2026-07-30T08:13:36.435749,1504
6d8b320d6cf86c10,https://hn.linkedin.com/jobs/view/senior-security-scrum-master-remote-work-at-bairesdev-4446340976,Senior Security Scrum Master - Remote Work,BairesDev,posted,2026-07-30T08:13:45.401163,525
45dc3334b97819cd,https://hn.linkedin.com/jobs/view/platform-software-engineer-kubernetes-remote-latin-america-at-fullstack-4445241829,Platform Software Engineer (Kubernetes) - Remote - Latin America,FullStack,posted,2026-07-30T08:13:50.105201,1425
08f8fd91a8dc5273,https://hn.linkedin.com/jobs/view/senior-qa-automation-mobile-testing-engineer-remote-work-at-bairesdev-4445762296,Senior QA Automation & Mobile Testing Engineer - Remote Work,BairesDev,posted,2026-07-30T08:13:59.459606,1506
0288ea90a3bd8e2f,https://hn.linkedin.com/jobs/view/senior-software-engineer-control-plane-%2B-orchestration-remote-latin-america-at-fullstack-4444990516,Senior Software Engineer (Control Plane + Orchestration) - Remote - Latin America,FullStack,posted,2026-07-30T08:14:08.115411,1508
3f44650e7e7cd95d,https://hn.linkedin.com/jobs/view/senior-software-engineer-ai-interaction-evaluator-codex-claude-code-up-to-%24200-hr-at-g2i-inc-4445125420,"Senior Software Engineer - AI Interaction Evaluator (Codex / Claude Code, up to $200/hr)",G2i Inc.,posted,2026-07-30T08:14:15.565532,1510
237d4739211d9260,https://hn.linkedin.com/jobs/view/senior-software-engineer-control-plane-%2B-orchestration-remote-latin-america-at-fullstack-4444997299,Senior Software Engineer (Control Plane + Orchestration) - Remote - Latin America,FullStack,posted,2026-07-30T08:14:28.187295,1512
25506bf62b390e11,https://hn.linkedin.com/jobs/view/guardianship-coordinator-at-center-for-guardianship-certification-cgc-4447423241,Guardianship Coordinator,Center for Guardianship Certification (CGC),posted,2026-08-01T07:54:45.607408,1514
874bc76526c73738,https://hn.linkedin.com/jobs/view/monitoring-specialist-afternoon-shift-at-charger-logistics-inc-4447572571,Monitoring Specialist - Afternoon Shift,,scraped,2026-08-01T07:54:48.141803,
3193815098913135,https://hn.linkedin.com/jobs/view/quoting-specialist-4447512010,Quoting Specialist,Aerospace Supply chain,posted,2026-08-01T07:54:58.948800,1516
1f56708619665939,https://hn.linkedin.com/jobs/view/logistics-coordinator-weekends-morning-shift-at-charger-logistics-inc-4447705277,Logistics Coordinator Weekends - Morning Shift,,scraped,2026-08-01T07:55:03.459457,
6a07efceca196799,https://hn.linkedin.com/jobs/view/dispatch-coordinator-at-cs-outsource-4447155314,Dispatch Coordinator,CS Outsource,posted,2026-08-01T07:55:18.981907,1518
8770b80a008aee07,https://hn.linkedin.com/jobs/view/contract-specialist-at-avanza-nearshoring-solutions-4445012221,Contract Specialist,Avanza - BPO and Staffing Solutions,posted,2026-08-01T07:55:26.663943,1520
86ee65c9fc2a7971,https://hn.linkedin.com/jobs/view/asistente-de-proyectos-de-construcci%C3%B3n-at-sba-communications-4445181469,Asistente de Proyectos de Construcción,SBA Communications,posted,2026-08-01T07:55:37.839999,1522
0eaf1084d14cbd45,https://hn.linkedin.com/jobs/view/gestor-junior-de-contenido-audiovisual-at-bay-island-petroleum-s-a-4447018599,Gestor Junior de contenido audiovisual,,scraped,2026-08-01T07:55:40.161884,
e25a808d254b7273,https://hn.linkedin.com/jobs/view/asistente-de-compras-centro-de-distribuci%C3%B3n-at-grupo-farsim%C3%A1n-4447520275,ASISTENTE DE COMPRAS - CENTRO DE DISTRIBUCIÓN,,scraped,2026-08-01T07:55:46.352583,
4b2dfb437eb6a93d,https://hn.linkedin.com/jobs/view/auxiliar-de-almacen-tgu-at-grupo-platino-4446179220,AUXILIAR DE ALMACEN - TGU,,scraped,2026-08-01T07:55:52.784567,
017b3cee7be35060,https://hn.linkedin.com/jobs/view/freelance-grabaci%C3%B3n-de-tareas-cotidianas-para-proyecto-de-ia-at-mindrift-data-annotation-projects-4446318690,Freelance: grabación de tareas cotidianas para proyecto de IA,Mindrift Data Annotation Projects,posted,2026-08-01T07:56:05.660400,1524
d6f8029ef039aab3,https://hn.linkedin.com/jobs/view/ceutec-jefe-de-recursos-humanos-tegucigalpa-at-universidad-tecnol%C3%B3gica-centroamericana-4447521275,CEUTEC JEFE DE RECURSOS HUMANOS TEGUCIGALPA,Universidad Tecnológica Centroamericana,posted,2026-08-01T07:56:16.049881,1526
49197e58414124c2,https://hn.linkedin.com/jobs/view/freelance-grabaci%C3%B3n-de-tareas-cotidianas-para-proyecto-de-ia-at-mindrift-data-annotation-projects-4446336079,Freelance: grabación de tareas cotidianas para proyecto de IA,Mindrift Data Annotation Projects,posted,2026-08-01T07:56:25.245648,1528
d8d85700672bebe5,https://hn.linkedin.com/jobs/view/freelance-grabaci%C3%B3n-de-tareas-cotidianas-para-proyecto-de-ia-at-mindrift-data-annotation-projects-4446326217,Freelance: grabación de tareas cotidianas para proyecto de IA,Mindrift Data Annotation Projects,posted,2026-08-01T07:56:34.358323,1530
e8142eae46485d9b,https://hn.linkedin.com/jobs/view/freelance-grabaci%C3%B3n-de-tareas-cotidianas-para-proyecto-de-ia-at-mindrift-data-annotation-projects-4446317947,Freelance: grabación de tareas cotidianas para proyecto de IA,Mindrift Data Annotation Projects,posted,2026-08-01T07:56:43.282335,1532
d9f45f23be28df47,https://hn.linkedin.com/jobs/view/encargada-de-tienda-el-progeso-yoro-at-tempolider-bogota-sas-4446451701,"Encargada de Tienda-El Progeso, Yoro",,scraped,2026-08-01T07:56:45.821098,
e6762d75fd9d2fd4,https://hn.linkedin.com/jobs/view/screening-operations-specialist-at-toptal-4445647341,Screening Operations Specialist,Toptal,posted,2026-08-01T07:56:57.230888,1534
fb8fb75fee0d7d62,https://hn.linkedin.com/jobs/view/creador-de-contenidos-at-ogilvy-honduras-4447043852,Creador de Contenidos,,scraped,2026-08-01T07:56:59.810437,
6fbe097f907164f2,https://hn.linkedin.com/jobs/view/cajero-2790-49315-at-grupo-ficohsa-hn-4447715305,CAJERO (2790)(49315),Grupo Ficohsa HN,posted,2026-08-01T07:57:13.926099,1536
77a6a4602555768a,https://hn.linkedin.com/jobs/view/coordinador-logistico-at-cbx-global-4446171609,Coordinador Logistico,CBX Global,posted,2026-08-01T07:57:26.578962,1538
08ae162617fd6fb3,https://hn.linkedin.com/jobs/view/microsoft-dynamics-365-developer-remote-latin-america-at-fullstack-4446927452,Microsoft Dynamics 365 Developer - Remote - Latin America,FullStack,posted,2026-08-01T07:57:37.730781,1540
70ee74424e82f553,https://hn.linkedin.com/jobs/view/associate-billing-specialist-latam-at-cloudbeds-4445974868,Associate Billing Specialist - LATAM,Cloudbeds,posted,2026-08-01T07:57:42.497633,1502
0212eeb4342d883a,https://hn.linkedin.com/jobs/view/assistant-property-manager-at-the-a-career-4444502122,Assistant Property Manager,The A Career,posted,2026-08-01T07:57:51.348082,1542
7064aa8f86400545,https://hn.linkedin.com/jobs/view/record-your-daily-routine-get-paid-ai-training-remote-at-mindrift-data-annotation-projects-4443237983,Record Your Daily Routine & Get Paid - AI Training (Remote),Mindrift Data Annotation Projects,posted,2026-08-01T07:57:56.137616,151
a2e83466facc9375,https://hn.linkedin.com/jobs/view/administrador-de-bases-de-datos-at-empresa-confidencial-4445466013,Administrador de Bases de Datos,Empresa confidencial,posted,2026-08-01T07:58:05.995832,1544
189566e361b0b6d8,https://hn.linkedin.com/jobs/view/analista-de-creditos-at-cbc-4445523124,Analista de Creditos,cbc,posted,2026-08-01T07:58:13.726045,1285
227f0c5cd5ccb51e,https://hn.linkedin.com/jobs/view/key-account-manager-honduras-telecomunicaciones-sector-institucional-gobierno-at-conecta-reclutamiento-4446524594,KEY ACCOUNT MANAGER HONDURAS (TELECOMUNICACIONES) SECTOR INSTITUCIONAL-GOBIERNO,Conecta Reclutamiento,posted,2026-08-01T07:58:23.706807,1546
bcc60806a319e317,https://hn.linkedin.com/jobs/view/operario-de-producci%C3%B3n-1-at-corporaci%C3%B3n-multi-inversiones-4446489943,Operario de Producción 1,CMI-Corporación Multi Inversiones,posted,2026-08-01T07:58:36.208833,1548
c3e80529e9abdda1,https://hn.linkedin.com/jobs/view/account-executive-laboratory-services-at-huzzle-com-4446546895,Account Executive - Laboratory Services,,scraped,2026-08-01T07:58:38.768893,
525c13f6cdafa40b,https://hn.linkedin.com/jobs/view/commercial-intelligence-at-cervecer%C3%ADa-hondure%C3%B1a-4446395139,COMMERCIAL INTELLIGENCE,Cervecería Hondureña,posted,2026-08-01T07:59:00.289518,1550
48a1accc1e97b0fe,https://hn.linkedin.com/jobs/view/analista-de-talent-acquisition-trabajo-remoto-at-bairesdev-4445772188,Analista de Talent Acquisition - Trabajo Remoto,BairesDev,posted,2026-08-01T07:59:05.116978,369
8b3e5177e6a667e2,https://hn.linkedin.com/jobs/view/account-executive-life-sciences-at-huzzle-com-4446566210,Account Executive - Life Sciences,,scraped,2026-08-01T07:59:07.794599,
66c6c7b12eb084e2,https://hn.linkedin.com/jobs/view/asistente-administrativo-13382-49283-at-grupo-ficohsa-hn-4446884708,ASISTENTE ADMINISTRATIVO (13382) - 49283,Grupo Ficohsa HN,posted,2026-08-01T07:59:22.264374,1552
e5b1707a4602b945,https://hn.linkedin.com/jobs/view/trade-marketing-desarrollo-de-productos-at-grupo-farsim%C3%A1n-4447517296,TRADE MARKETING - DESARROLLO DE PRODUCTOS,,scraped,2026-08-01T07:59:24.814588,
3b537b7f8c6d62cb,https://hn.linkedin.com/jobs/view/traductor-at-gildan-4446502247,Traductor,,scraped,2026-08-01T07:59:31.011813,
a1f87170f28a19eb,https://hn.linkedin.com/jobs/view/repartidor-at-corporaci%C3%B3n-multi-inversiones-4446491940,Repartidor,CMI-Corporación Multi Inversiones,posted,2026-08-01T07:59:53.179740,1554
d9676369fb6718e2,https://hn.linkedin.com/jobs/view/gestor-de-recuperaciones-santa-rosa-at-tempolider-bogota-sas-4446530506,Gestor de Recuperaciones --Santa Rosa,,scraped,2026-08-01T07:59:57.676714,
348da41c4ae7121c,https://hn.linkedin.com/jobs/view/ejecutivo-de-ventas-at-kimberly-clark-4445521983,Ejecutivo de ventas,Kimberly-Clark,posted,2026-08-01T08:00:08.068750,155
9486b36fb6defb30,https://hn.linkedin.com/jobs/view/supply-chain-logistics-manager-at-empresa-confidencial-4446520133,Supply Chain & Logistics Manager,Empresa Confidencial,posted,2026-08-01T08:00:19.392135,1556
8b4191fecd40bebe,https://hn.linkedin.com/jobs/view/visitador-de-tienda-en-calle-san-pedro-sula-at-ac-talentos-4445197998,Visitador de Tienda en Calle - San Pedro Sula,AC Talentos,posted,2026-08-01T08:00:28.592717,1558
9c5a051b37e43644,https://hn.linkedin.com/jobs/view/analista-de-soporte-para-ti-at-confidencial-4447563568,Analista de soporte para TI,Confidencial,posted,2026-08-01T08:00:38.250962,1560
94f115cb5af4a7bd,https://hn.linkedin.com/jobs/view/sales-support-administrator-at-regisro-remote-office-4444169888,Sales Support Administrator,RegisRO (Remote Office),posted,2026-08-01T08:00:47.427817,1562
af99643b3c38fe65,https://hn.linkedin.com/jobs/view/social-media-manager-content-creator-at-clinic-creative-studio-4447419843,Social Media Manager & Content Creator,,scraped,2026-08-01T08:00:49.960450,
355a96c718b0cf6a,https://hn.linkedin.com/jobs/view/asesor-de-ventas-at-grupo-ilp-4445326619,Asesor de Ventas,,scraped,2026-08-01T08:00:57.935160,
5a2850f23c12b261,https://hn.linkedin.com/jobs/view/especialista-de-productos-digitales-at-davivienda-honduras-4447597995,Especialista de Productos Digitales,,scraped,2026-08-01T08:01:04.689280,
98d0c9539efd8c3d,https://hn.linkedin.com/jobs/view/jefe-de-canal-at-empresa-confidencial-4447089637,Jefe de canal,Empresa Confidencial,posted,2026-08-01T08:01:24.721667,1564
31eb0a6ddb63218c,https://hn.linkedin.com/jobs/view/asistente-de-jefe-de-tienda-jes%C3%BAs-de-otoro-at-grupo-farsim%C3%A1n-4447516367,ASISTENTE DE JEFE DE TIENDA  - JESÚS DE OTORO,,scraped,2026-08-01T08:01:29.412278,
c17ddd48f6651f79,https://hn.linkedin.com/jobs/view/intake-specialist-at-impact-bpo-4447418851,Intake Specialist,,scraped,2026-08-01T08:01:35.648943,
62e1d42ecd1793a8,https://hn.linkedin.com/jobs/view/senior-project-manager-at-next-level-solutions-4445788124,Senior Project Manager,Next Level Solutions,posted,2026-08-01T08:01:49.378440,1566
b31821a87db245a8,https://hn.linkedin.com/jobs/view/delivery-dependiente-la-paz-at-grupo-farsim%C3%A1n-4447524291,DELIVERY DEPENDIENTE - LA PAZ,,scraped,2026-08-01T08:01:53.828595,
f04613836fb73013,https://hn.linkedin.com/jobs/view/talent-quality-auditor-remote-work-at-bairesdev-4445762437,Talent Quality Auditor - Remote Work,BairesDev,posted,2026-08-01T08:02:06.377200,1568
78a6a8f9514ce858,https://hn.linkedin.com/jobs/view/talent-acquisition-analyst-remote-work-at-bairesdev-4446418621,Talent Acquisition Analyst - Remote Work,BairesDev,posted,2026-08-01T08:02:13.183095,491
77d82db325596d6b,https://hn.linkedin.com/jobs/view/gerente-de-alimentos-y-bebidas-at-confidencial-4447587556,Gerente de Alimentos y Bebidas,Confidencial,posted,2026-08-01T08:02:22.063074,1570
02e3ba1655f69770,https://hn.linkedin.com/jobs/view/desarrollador-react-frontend-trabajo-remoto-at-bairesdev-4445185385,Desarrollador React Frontend - Trabajo Remoto,BairesDev,posted,2026-08-01T08:02:30.861925,1572
0203f4b8b00b4dfe,https://hn.linkedin.com/jobs/view/lider-de-ventas-honduras-at-productos-alimenticios-diana-4445165199,Lider de Ventas Honduras,,scraped,2026-08-01T08:02:35.397298,
b594da61d9cfa963,https://hn.linkedin.com/jobs/view/oficial-de-cumplimiento-at-prosegur-4446950241,Oficial de Cumplimiento,,scraped,2026-08-01T08:02:44.320444,
194b267d9ac65c43,https://hn.linkedin.com/jobs/view/ejecutivo-riesgo-tecnol%C3%B3gico-at-banco-atl%C3%A1ntida-4447705493,Ejecutivo Riesgo Tecnológico,,scraped,2026-08-01T08:02:52.519676,
9c60936453bab68d,https://hn.linkedin.com/jobs/view/analista-de-mercados-san-pedro-sula-at-grupo-farsim%C3%A1n-4447518324,ANALISTA DE MERCADOS SAN PEDRO SULA,,scraped,2026-08-01T08:03:03.150912,
450d217b5b287e5b,https://hn.linkedin.com/jobs/view/machine-learning-%2B-data-pipeline-technical-leader-remote-work-ref%23298934-at-bairesdev-4446502489,Machine Learning + Data Pipeline Technical Leader - Remote Work | REF#298934,BairesDev,posted,2026-08-01T08:03:19.429742,1574
901581dc429695f1,https://hn.linkedin.com/jobs/view/full-stack-developer-elixir-phoenix-%2B-javascript-remote-latin-america-at-fullstack-4446941229,Full Stack Developer (Elixir/Phoenix + JavaScript) - Remote - Latin America,FullStack,posted,2026-08-01T08:03:29.015591,1576
a06e83652f20d9f3,https://hn.linkedin.com/jobs/view/full-stack-developer-elixir-phoenix-%2B-javascript-remote-latin-america-at-fullstack-4446928420,Full Stack Developer (Elixir/Phoenix + JavaScript) - Remote - Latin America,FullStack,posted,2026-08-01T08:03:33.862359,1576
ca412ae8546f4012,https://hn.linkedin.com/jobs/view/full-stack-developer-elixir-phoenix-%2B-javascript-remote-latin-america-at-fullstack-4446935292,Full Stack Developer (Elixir/Phoenix + JavaScript) - Remote - Latin America,FullStack,posted,2026-08-01T08:03:40.620038,1576
9fa5ac23589378d0,https://hn.linkedin.com/jobs/view/chuy%C3%AAn-vi%C3%AAn-k%E1%BB%B9-thu%E1%BA%ADt-c%C6%A1-%C4%91i%E1%BB%87n-at-hateco-group-4445187142,Chuyên viên Kỹ thuật Cơ điện,,scraped,2026-08-01T08:03:43.321825,
d0885047d55c985b,https://hn.linkedin.com/jobs/view/coordiandor-asuntos-corporativos-y-sostenibilidad-at-corporaci%C3%B3n-multi-inversiones-4445045263,Coordiandor Asuntos Corporativos y Sostenibilidad,CMI-Corporación Multi Inversiones,posted,2026-08-01T08:04:03.772998,1578
427be4d4ea3a85aa,https://hn.linkedin.com/jobs/view/logistic-assistant-at-impact-bpo-4445431235,Logistic Assistant,,scraped,2026-08-01T08:04:06.464926,
3105f83e98964a46,https://hn.linkedin.com/jobs/view/cajero-de-apoyo-6739-49317-at-grupo-ficohsa-hn-4447710380,CAJERO DE APOYO (6739)(49317),Grupo Ficohsa HN,posted,2026-08-01T08:04:24.626180,1580
533a753593277465,https://hn.linkedin.com/jobs/view/elixir-backend-engineer-remote-latin-america-at-fullstack-4447540649,Elixir Backend Engineer - Remote - Latin America,FullStack,posted,2026-08-01T08:04:33.867656,1582
a8d1589be2e2aa72,https://hn.linkedin.com/jobs/view/housing-specialist-at-cs-outsource-4440792922,Housing Specialist,CS Outsource,posted,2026-08-01T08:04:44.181502,1584
5900229991cf2f79,https://hn.linkedin.com/jobs/view/motorista-de-volqueta-tgu-at-grupo-platino-4447242270,MOTORISTA DE VOLQUETA TGU,,scraped,2026-08-01T08:04:48.792308,
cd75e1a2a74c3788,https://hn.linkedin.com/jobs/view/ejecutivo-comercial-hunter-sps-at-todopago-4447558209,Ejecutivo Comercial Hunter - SPS,,scraped,2026-08-01T08:04:55.032858,
7afb31daee239b45,https://hn.linkedin.com/jobs/view/coordinador-a-de-citas-comerciales-y-seguimiento-biling%C3%BCe-presencial-at-promotex-inc-4443212459,Coordinador(a) de Citas Comerciales y Seguimiento Bilingüe (Presencial),Promotex Inc,posted,2026-08-01T08:05:10.009669,1586
bea3e8f395c32d38,https://hn.linkedin.com/jobs/view/vendedor-de-servicios-at-comport-hn-4446521527,Vendedor de servicios,COMPORT HN,posted,2026-08-01T08:05:22.830670,1588
255d40b5f3a82647,https://hn.linkedin.com/jobs/view/especialista-de-salud-para-proyecto-at-childfund-international-4443614094,Especialista de Salud para Proyecto,ChildFund International,posted,2026-08-01T08:05:32.082274,1590
b4cd4d3f2452943f,https://hn.linkedin.com/jobs/view/especialista-en-oportunidades-de-ingreso-at-heifer-international-4442881226,Especialista en oportunidades de ingreso,Heifer International,posted,2026-08-01T08:05:37.013982,1500
4d9e7565b2d5e94e,https://hn.linkedin.com/jobs/view/recruiting-manager-remote-work-at-bairesdev-4446846351,Recruiting Manager - Remote Work,BairesDev,posted,2026-08-01T08:05:42.029581,697
45b225b6ec0953fe,https://hn.linkedin.com/jobs/view/ingeniero-hidro-sanitario-infraestructura-hospitalaria-at-antal-international-4447567658,Ingeniero Hidro-Sanitario | Infraestructura Hospitalaria,,scraped,2026-08-01T08:05:44.654619,
5ac29d33989410d3,https://hn.linkedin.com/jobs/view/crm-manager-remote-work-at-bairesdev-4445741686,CRM Manager - Remote Work,BairesDev,posted,2026-08-01T08:05:53.308308,1039
e8a81c14904797c0,https://hn.linkedin.com/jobs/view/ingeniero-senior-de-implementaci%C3%B3n-cloud-at-grupo-ilp-4447705481,Ingeniero Senior de Implementación Cloud,,scraped,2026-08-01T08:05:55.919276,
64b36eb051b823ff,https://hn.linkedin.com/jobs/view/ingeniero-senior-de-implementaci%C3%B3n-cloud-at-grupo-ilp-4447720204,Ingeniero Senior de Implementación Cloud,,scraped,2026-08-01T08:06:02.719415,
433900ad459d721f,https://hn.linkedin.com/jobs/view/senior-freecad-engineer-remote-at-yo-it-consulting-4446989456,Senior FreeCAD Engineer - Remote,,scraped,2026-08-01T08:06:09.281009,
0d86b685cc183f2c,https://hn.linkedin.com/jobs/view/recruiter-seasonal-at-resultscx-4447747091,Recruiter - Seasonal,ResultsCX,posted,2026-08-01T08:06:17.893038,581
1dc33a550ce3d48e,https://hn.linkedin.com/jobs/view/account-manager-at-cs-outsource-4439488241,Account Manager,CS Outsource,posted,2026-08-01T08:06:22.666735,895
1d42ec10268269bd,https://hn.linkedin.com/jobs/view/account-manager-healthcare-at-power-digital-marketing-4443681156,"Account Manager, (Healthcare)",Power Digital Marketing,posted,2026-08-01T08:06:30.944359,1592
22744286828e4448,https://hn.linkedin.com/jobs/view/assistant-manager-at-a-p-moller-maersk-4446813708,Assistant Manager,,scraped,2026-08-01T08:06:33.317888,
a414a6443f05f608,https://hn.linkedin.com/jobs/view/oficial-administrativo-at-grupo-ficohsa-hn-4444691987,Oficial administrativo,Grupo Ficohsa HN,posted,2026-08-01T08:06:50.263648,1594
7d0b6a26b121bdbe,https://hn.linkedin.com/jobs/view/recepcionista-administrativo-at-grupo-salinas-honduras-4444125010,Recepcionista administrativo,Grupo Salinas Honduras,posted,2026-08-01T08:07:00.710152,1596
2f671db587f2076c,https://hn.linkedin.com/jobs/view/asesor-comercial-at-camas-aurora-4447074867,Asesor comercial,Camas Aurora,posted,2026-08-01T08:07:07.345533,645
54109a8c4e787f16,https://hn.linkedin.com/jobs/view/electrical-bim-project-manager-at-eng-4447566939,Electrical BIM Project Manager,ENG,posted,2026-08-01T08:07:15.301139,1598
f5de5556ffacd6c3,https://hn.linkedin.com/jobs/view/sales-representative-at-peak-altitude-4443637270,Sales Representative,Peak Altitude,posted,2026-08-01T08:07:20.020962,363
1af23209294e0dfe,https://hn.linkedin.com/jobs/view/asesor-a-t%C3%A9cnico-comercial-seguridad-alimentaria-at-corporaci%C3%B3n-cek-centroamerica-4446323052,Asesor(a) Técnico Comercial - Seguridad Alimentaria,,scraped,2026-08-01T08:07:22.573208,
56df38dd59323dcf,https://hn.linkedin.com/jobs/view/gerente-de-negocios-at-cooperativa-nueva-vida-4446876413,Gerente de Negocios,Cooperativa Nueva Vida,posted,2026-08-01T08:07:39.085375,1301
f49d3bf79ba0348d,https://hn.linkedin.com/jobs/view/ejecutivo-a-de-negocios-tegucigalpa-honduras-at-tecnolog%C3%ADa-transaccional-4446449849,"Ejecutivo/a de Negocios, Tegucigalpa, Honduras",Tecnología Transaccional,posted,2026-08-01T08:08:26.207732,1600
c2e417f8e27aab06,https://hn.linkedin.com/jobs/view/ejecutivo-pyme-san-pedro-sula-at-davivienda-honduras-4447713151,Ejecutivo Pyme San Pedro Sula,,scraped,2026-08-01T08:08:28.832571,
9824b373576d7890,https://hn.linkedin.com/jobs/view/asesor-de-ventas-rotativo-at-omr-human-talent-4446188147,ASESOR DE VENTAS ROTATIVO,OMR HUMAN TALENT,posted,2026-08-01T08:08:39.647776,743
17f31b9000f40e11,https://hn.linkedin.com/jobs/view/senior-financial-analyst-at-oremota-4447593115,Senior Financial Analyst,Oremota,posted,2026-08-01T08:08:47.811352,1602
8b6aed7fa4887193,https://hn.linkedin.com/jobs/view/key-account-manager-honduras-telecomunicaciones-at-conecta-reclutamiento-4446532453,KEY ACCOUNT MANAGER HONDURAS (TELECOMUNICACIONES),Conecta Reclutamiento,posted,2026-08-01T08:08:58.357511,1604
bf9ebe8af13c1612,https://hn.linkedin.com/jobs/view/gerente-de-ventas-para-ascensores-at-elevatec-4437194988,Gerente de Ventas para Ascensores,,scraped,2026-08-01T08:09:00.984600,
38a04d695f29a112,https://hn.linkedin.com/jobs/view/consultor-de-apoyo-operativo-en-proyectos-at-inter-american-development-bank-4445059404,Consultor de Apoyo Operativo en Proyectos,Banco Interamericano de Desarrollo,posted,2026-08-01T08:09:16.672809,1606
a860612f880dbac2,https://hn.linkedin.com/jobs/view/asesor-institucional-jr-tegucigalpa-at-prumisa-4447258041,ASESOR INSTITUCIONAL JR TEGUCIGALPA,PRUMISA,posted,2026-08-01T08:09:29.449468,1608
d3bcddc916f64c50,https://hn.linkedin.com/jobs/view/gerente-senior-de-transformaci%C3%B3n-at-grupo-vesta-oficial-4447293854,Gerente Senior de Transformación,,scraped,2026-08-01T08:09:34.119661,
9b812fb9404be934,https://hn.linkedin.com/jobs/view/ejecutiva-comercial-at-grupo-asesores-4446534380,Ejecutiva Comercial,Grupo Asesores,posted,2026-08-01T08:09:47.005149,1610
e4cc945043838b0a,https://hn.linkedin.com/jobs/view/dise%C3%B1ador-de-animaci%C3%B3n-at-icn-4446438036,Diseñador de animación,,scraped,2026-08-01T08:09:49.590525,
480df49eebbb5ef2,https://hn.linkedin.com/jobs/view/operador-de-call-center-espa%C3%B1ol-ii-tegucigalpa-at-servicios-atl%C3%A1ntida-honduras-4446793044,Operador de Call Center Español II - Tegucigalpa,Servicios Atlántida Honduras,posted,2026-08-01T08:10:07.021456,1612
7993612565c7ba42,https://hn.linkedin.com/jobs/view/contador-general-corporativo-at-manpowergroup-4446111979,Contador General Corporativo,ManpowerGroup,posted,2026-08-01T08:10:15.940598,1614
c2edd96b2df66350,https://hn.linkedin.com/jobs/view/supervisor-nacional-administrativo-at-grupo-ilp-4447717242,Supervisor Nacional Administrativo,,scraped,2026-08-01T08:10:18.558687,
4c5426b33b004aee,https://hn.linkedin.com/jobs/view/ejecutivo-de-negocios-at-grupo-lafise-4447022529,Ejecutivo de Negocios,Grupo LAFISE,posted,2026-08-01T08:10:32.065778,1616
af9a2db228b11b6b,https://hn.linkedin.com/jobs/view/process-improvement-analyst-at-charger-logistics-inc-4447700977,Process Improvement Analyst,,scraped,2026-08-01T08:10:36.623046,
4dcd4b63c9f8bdf2,https://hn.linkedin.com/jobs/view/chief-of-party-ii-pathways-to-resilience-at-catholic-relief-services-4445557164,Chief of Party II - Pathways to Resilience,Catholic Relief Services,posted,2026-08-01T08:10:52.623653,1618
bb8f23979a2b6331,https://hn.linkedin.com/jobs/view/developer-at-san-services-honduras-4447090854,Developer,San Services Honduras,posted,2026-08-01T08:11:01.997838,777
0be2d533b2a4e66b,https://hn.linkedin.com/jobs/view/oficial-de-cumplimiento-ciso-para-honduras-guatemala-o-el-salvador-at-confidential-4446399400,"Oficial de Cumplimiento - CISO para Honduras, Guatemala o El Salvador",Confidential,posted,2026-08-01T08:11:11.402097,1620
eb3681e0a2bb3f23,https://hn.linkedin.com/jobs/view/sales-executive-for-campus-live-remote-work-at-bairesdev-4446841616,Sales Executive for Campus Live - Remote Work,BairesDev,posted,2026-08-01T08:11:16.073182,553
6d675043253f0a58,https://hn.linkedin.com/jobs/view/associate-master-data-analyst-at-confidential-4445022637,Associate Master Data Analyst,Confidential,posted,2026-08-01T08:11:25.236867,1622
9548bf285f905abf,https://hn.linkedin.com/jobs/view/ejecutor-de-eventos-junior-4446146424,Ejecutor de eventos junior,Post as confidential,posted,2026-08-01T08:11:29.033605,1494
214f68b3102a095c,https://hn.linkedin.com/jobs/view/crm-manager-remote-work-at-bairesdev-4445737656,CRM Manager - Remote Work,BairesDev,posted,2026-08-01T08:11:36.078529,1039
6f6d1b5e103d1194,https://hn.linkedin.com/jobs/view/data-engineer-azure-databricks-remote-work-ref%23295238-at-bairesdev-4446390841,Data Engineer (Azure Databricks) - Remote Work | REF#295238,BairesDev,posted,2026-08-01T08:11:43.744355,1624
0dc372693af4c6e6,https://hn.linkedin.com/jobs/view/remote-freelance-face-deduplication-collection-at-telus-digital-ai-data-solutions-4447051653,Remote Freelance | Face Deduplication Collection,TELUS Digital AI Data Solutions,posted,2026-08-01T08:11:51.594894,1626
18bd3355c7944cfa,https://hn.linkedin.com/jobs/view/asesor-a-t%C3%A9cnico-comercial-higiene-esencial-at-corporaci%C3%B3n-cek-centroamerica-4446307855,Asesor(a) Técnico Comercial - Higiene Esencial,,scraped,2026-08-01T08:11:54.179281,
f062c5eb092cb7f0,https://hn.linkedin.com/jobs/view/talent-sourcing-specialist-at-charger-logistics-inc-4447720005,Talent Sourcing Specialist,,scraped,2026-08-01T08:12:03.160481,
2bd07d5f74fabe14,https://hn.linkedin.com/jobs/view/senior-presales-lead-remote-work-at-bairesdev-4446417522,Senior Presales Lead - Remote Work,BairesDev,posted,2026-08-01T08:12:11.706251,235
97522422b7102fdb,https://hn.linkedin.com/jobs/view/night-shift-customer-service-representative-at-charger-logistics-inc-4446380272,Night Shift Customer Service Representative,,scraped,2026-08-01T08:12:14.298585,
424055a7b0aee226,https://hn.linkedin.com/jobs/view/analista-gesti%C3%B3n-de-accesos-senior-at-banco-atl%C3%A1ntida-4446158696,Analista Gestión de Accesos Senior,,scraped,2026-08-01T08:12:20.604196,
97b49cdcf0bec4bd,https://hn.linkedin.com/jobs/view/growth-marketing-manager-b2b-saas-at-power-digital-marketing-4443681154,"Growth Marketing Manager, B2B SaaS",Power Digital Marketing,posted,2026-08-01T08:12:32.529862,1628
c4e2c0b959c49c86,https://hn.linkedin.com/jobs/view/agentic-software-engineer-github-copilot-remote-latin-america-at-fullstack-4447586821,Agentic Software Engineer (GitHub Copilot) - Remote - Latin America,FullStack,posted,2026-08-01T08:12:41.076423,1630
504698067b36887a,https://hn.linkedin.com/jobs/view/agentic-software-engineer-github-copilot-remote-latin-america-at-fullstack-4447598811,Agentic Software Engineer (GitHub Copilot) - Remote - Latin America,FullStack,posted,2026-08-01T08:12:45.832971,1630
30834bf2e73f4d09,https://hn.linkedin.com/jobs/view/jefe-de-proyectos-inmobiliarios-at-grupo-platino-4442888528,Jefe de Proyectos Inmobiliarios,,scraped,2026-08-01T08:12:48.435565,
b203a54eb2437ce5,https://hn.linkedin.com/jobs/view/especialista-inteligencia-financiera-at-grupo-ficohsa-hn-4444684973,Especialista Inteligencia financiera,Grupo Ficohsa HN,posted,2026-08-01T08:13:02.559494,1632
312e1ab778edf98d,https://hn.linkedin.com/jobs/view/virtual-assistant-at-cs-outsource-4444614513,Virtual Assistant,CS Outsource,posted,2026-08-01T08:13:07.331575,197
db6e9929618d5ca1,https://hn.linkedin.com/jobs/view/especialista-sr-en-integraci%C3%B3n-y-ciclo-de-vida-de-productos-de-cr%C3%A9dito-al-consumo-retail-at-grupo-salinas-honduras-4444125012,Especialista Sr. en Integración y Ciclo de Vida de Productos de Crédito al Consumo (Retail),Grupo Salinas Honduras,posted,2026-08-01T08:13:19.975011,1634
180d54fb395cf06a,https://hn.linkedin.com/jobs/view/oficial-jr-servicio-al-cliente-13393-49301-at-grupo-ficohsa-hn-4447705537,OFICIAL JR SERVICIO AL CLIENTE (13393) - 49301,Grupo Ficohsa HN,posted,2026-08-01T08:13:29.914595,1636
0e53bf76bf3d1c4e,https://hn.linkedin.com/jobs/view/senior-full-stack-engineer-node-%2B-vue-remote-latin-america-at-fullstack-4447554445,Senior Full Stack Engineer (Node + Vue) - Remote - Latin America,FullStack,posted,2026-08-01T08:13:37.934591,1638
734b3877f11298af,https://hn.linkedin.com/jobs/view/senior-full-stack-engineer-node-%2B-vue-remote-latin-america-at-fullstack-4447550503,Senior Full Stack Engineer (Node + Vue) - Remote - Latin America,FullStack,posted,2026-08-01T08:13:42.512940,1638
63a44c69b77f16f4,https://hn.linkedin.com/jobs/view/senior-full-stack-engineer-node-%2B-vue-remote-latin-america-at-fullstack-4447555394,Senior Full Stack Engineer (Node + Vue) - Remote - Latin America,FullStack,posted,2026-08-01T08:13:47.094911,1638
e44d134272c4df91,https://hn.linkedin.com/jobs/view/senior-full-stack-engineer-node-%2B-vue-remote-latin-america-at-fullstack-4447541576,Senior Full Stack Engineer (Node + Vue) - Remote - Latin America,FullStack,posted,2026-08-01T08:13:51.688573,1638
7032bcbed9d9eab9,https://hn.linkedin.com/jobs/view/practicante-universitario-a-villanueva-cortes-at-cargill-4447052133,Practicante Universitario (a) - Villanueva Cortes,Cargill,posted,2026-08-01T08:14:06.290777,111
434e57fe7e761cb5,https://hn.linkedin.com/jobs/view/practicante-universitario-a-villanueva-cortes-at-cargill-4446338324,Practicante Universitario (a) / Villanueva Cortes,Cargill,posted,2026-08-01T08:14:11.072873,111
d38341451f1ce69d,https://hn.linkedin.com/jobs/view/auxiliar-contable-sps-at-grupo-r-center-4446529513,AUXILIAR CONTABLE  SPS,Grupo R Center,posted,2026-08-02T07:54:36.070659,1640
1d0de97bea0aeec9,https://hn.linkedin.com/jobs/view/vendedor-ferreter%C3%ADa-centro-oriente-at-regioamerica-4446176223,Vendedor ferretería Centro Oriente,Regioamerica,posted,2026-08-02T07:55:23.351151,1642
486334e3babd2bde,https://hn.linkedin.com/jobs/view/analista-contable-at-evaluar-4447812092,ANALISTA CONTABLE,,scraped,2026-08-02T07:55:29.951322,
1b7b794f4a9ca22c,https://hn.linkedin.com/jobs/view/record-your-daily-routine-get-paid-ai-training-remote-at-mindrift-data-annotation-projects-4443240941,Record Your Daily Routine & Get Paid - AI Training (Remote),Mindrift Data Annotation Projects,posted,2026-08-02T07:55:54.638455,151
563f49df40e5773c,https://hn.linkedin.com/jobs/view/record-your-daily-routine-get-paid-ai-training-remote-at-mindrift-data-annotation-projects-4443248455,Record Your Daily Routine & Get Paid - AI Training (Remote),Mindrift Data Annotation Projects,posted,2026-08-02T07:55:59.746659,151
b1f75ec3328178a4,https://hn.linkedin.com/jobs/view/record-your-daily-routine-get-paid-ai-training-remote-at-mindrift-data-annotation-projects-4443237982,Record Your Daily Routine & Get Paid - AI Training (Remote),Mindrift Data Annotation Projects,posted,2026-08-02T07:56:04.639474,151
f44727c2b3114240,https://hn.linkedin.com/jobs/view/record-your-daily-routine-get-paid-ai-training-remote-at-mindrift-data-annotation-projects-4443260013,Record Your Daily Routine & Get Paid - AI Training (Remote),Mindrift Data Annotation Projects,posted,2026-08-02T07:56:09.446064,151
976eb0697bfad8ba,https://hn.linkedin.com/jobs/view/jefe-agencia-santa-rosa-at-tempolider-bogota-sas-4446531447,Jefe Agencia-Santa Rosa,,scraped,2026-08-02T07:56:11.976949,
8196d579e1fd5510,https://hn.linkedin.com/jobs/view/executive-assistant-at-stay-texas-hospitality-group-4446789586,Executive Assistant,Stay Texas Hospitality Group,posted,2026-08-02T07:56:20.626237,433
67fd546d59b58b02,https://hn.linkedin.com/jobs/view/auxiliar-de-mantenimiento-alba%C3%B1il-at-grupo-farsim%C3%A1n-4447531154,AUXILIAR DE MANTENIMIENTO- ALBAÑIL,,scraped,2026-08-02T07:56:23.232297,
2e8d3683f2249097,https://hn.linkedin.com/jobs/view/dise%C3%B1ador-gr%C3%A1fico-choloma-at-grupo-farsim%C3%A1n-4447531181,DISEÑADOR GRÁFICO CHOLOMA,,scraped,2026-08-02T07:56:31.743971,
5df522fae4bc8cd4,https://hn.linkedin.com/jobs/view/oficial-de-facturaci%C3%B3n-at-grupo-aurum-4447226792,Oficial de Facturación,,scraped,2026-08-02T07:56:44.120489,
27fbdb9be6c2570b,https://hn.linkedin.com/jobs/view/analista-de-cr%C3%A9dito-pyme-en-san-pedro-sula-at-evaluar-4447811083,Analista de Crédito Pyme en San Pedro Sula,,scraped,2026-08-02T07:56:50.475021,
56b7847486e69ef9,https://hn.linkedin.com/jobs/view/l%C3%ADder-de-comunicaci%C3%B3n-y-experiencia-at-bac-4447011505,Líder de Comunicación y Experiencia,,scraped,2026-08-02T07:56:56.974980,
fbcd61bd301162d0,https://hn.linkedin.com/jobs/view/administrative-assistant-at-the-a-career-4447840319,Administrative Assistant,The A Career,posted,2026-08-02T07:57:25.877589,161
1a9a7838e871e2f3,https://hn.linkedin.com/jobs/view/omnichannel-customer-support-specialist-hybrid-4443225935,Omnichannel Customer Support Specialist (Hybrid),Crescendo (Formerly PartnerHero),posted,2026-08-02T07:57:35.849253,1644
572fc672e33269c1,https://hn.linkedin.com/jobs/view/generalista-de-recursos-humanos-at-empresa-confidencial-4447530618,GENERALISTA DE RECURSOS HUMANOS,Empresa Confidencial,posted,2026-08-02T07:57:42.186157,1305
c7f3e7ff8a835b61,https://hn.linkedin.com/jobs/view/especialista-de-innovacion-digital-at-millicom-tigo-4447727640,ESPECIALISTA DE INNOVACION DIGITAL,,scraped,2026-08-02T07:57:46.742354,
6842c9a510facc65,https://hn.linkedin.com/jobs/view/broadcast-newsroom-production-technologist-remote-latam-at-supportlabs-4445966289,Broadcast/Newsroom Production Technologist - Remote LATAM,SupportLabs,posted,2026-08-02T07:58:00.998622,1646
d9d99dbbc03ec74a,https://hn.linkedin.com/jobs/view/administrador-de-proyecto-at-heifer-international-4445811908,Administrador de Proyecto,Heifer International,posted,2026-08-02T07:58:09.046900,1648
9dcd7a9d44e4b083,https://hn.linkedin.com/jobs/view/customer-service-representative-at-san-services-honduras-4447208631,Customer Service Representative,San Services Honduras,posted,2026-08-02T07:58:17.422938,519
b029c0e4721a17f9,https://hn.linkedin.com/jobs/view/overnight-logistics-coordinator-at-charger-logistics-inc-4447715015,Overnight Logistics Coordinator,,scraped,2026-08-02T07:58:20.007150,
d6375e343c38b9b9,https://hn.linkedin.com/jobs/view/key-account-manager-at-sherwin-williams-de-centroam%C3%A9rica-4447210566,Key Account Manager,,scraped,2026-08-02T07:58:32.566639,
a53a0cf881b712b0,https://hn.linkedin.com/jobs/view/creadora-de-contenido-e-imagen-at-macaw-digital-4447806669,Creadora de Contenido e Imagen,Macaw Digital,posted,2026-08-02T07:58:51.791557,1650
09f99835f4a132a0,https://hn.linkedin.com/jobs/view/data-science-expert-remote-at-yo-it-consulting-4447416917,Data Science Expert - Remote,,scraped,2026-08-02T07:58:56.323955,
b3697401baa80b34,https://hn.linkedin.com/jobs/view/logistics-supervisor-at-lear-corporation-4443224983,Logistics Supervisor,Lear Corporation,posted,2026-08-02T07:59:08.687778,1652
f90b22b8c48e2174,https://hn.linkedin.com/jobs/view/channel-category-cust-sol-mgr-at-molson-coors-beverage-company-4447197458,Channel/Category/Cust Sol Mgr,Molson Coors Beverage Company,posted,2026-08-02T07:59:23.532175,1654
507b094ec1c79fd8,https://hn.linkedin.com/jobs/view/jefe-de-tienda-roatan-4-at-grupo-farsim%C3%A1n-4447528202,JEFE DE TIENDA - ROATAN 4,,scraped,2026-08-02T07:59:28.154528,
63112393d9a5dbf9,https://hn.linkedin.com/jobs/view/senior-investment-banking-analyst-at-oremota-4447843960,Senior Investment Banking Analyst,Oremota,posted,2026-08-02T07:59:43.917656,1656
0c523d9a341a26ad,https://hn.linkedin.com/jobs/view/analista-de-procesos-de-negocio-trabajo-remoto-at-bairesdev-4445162472,Analista de Procesos de Negocio - Trabajo Remoto,BairesDev,posted,2026-08-02T08:00:11.157499,1658
f987592ee9c3f54d,https://hn.linkedin.com/jobs/view/product-development-coordinator-at-confidencial-4446169088,Product Development Coordinator,CONFIDENCIAL,posted,2026-08-02T08:00:24.302433,1660
f0c692ee93eb8aa4,https://hn.linkedin.com/jobs/view/c%2B%2B-open-source-contributor-remote-at-yo-it-consulting-4444851608,C++ Open Source Contributor - Remote,,scraped,2026-08-02T08:00:26.909392,
139be5d31c0e052b,https://hn.linkedin.com/jobs/view/gerente-de-proyectos-edificaci%C3%B3n-vertical-ingeniero-o-arquitecto-at-see-talent-group-latino-am%C3%A9rica-headhunting-4445763719,Gerente de Proyectos (Edificación vertical)- Ingeniero o Arquitecto,,scraped,2026-08-02T08:00:33.256895,
51ff71b9c08c6f19,https://hn.linkedin.com/jobs/view/senior-media-manager-healthcare-at-power-digital-marketing-4441809886,"Senior Media Manager, (Healthcare)",Power Digital Marketing,posted,2026-08-02T08:00:48.379092,1662
e0e254b11b676e47,https://hn.linkedin.com/jobs/view/pov-video-recording-job-cooking-cleaning-daily-tasks-at-mindrift-data-annotation-projects-4443271927,"POV Video Recording Job - Cooking, Cleaning, Daily Tasks",Mindrift Data Annotation Projects,posted,2026-08-02T08:00:55.438977,1349
102e5242539e5c8b,https://hn.linkedin.com/jobs/view/ejecutor-de-eventos-junior-4446156004,Ejecutor de eventos junior,Post as confidential,posted,2026-08-02T08:00:59.535356,1494
30558364ce5d1fac,https://hn.linkedin.com/jobs/view/especialista-en-precios-at-confidential-4447549017,Especialista en Precios,Confidential,posted,2026-08-02T08:01:10.561222,1664
bf46d1996d7f7f67,https://hn.linkedin.com/jobs/view/cajero-supervisor-san-marcos-choluteca-at-grupo-salinas-honduras-4447288992,"Cajero Supervisor San Marcos, Choluteca",Grupo Salinas Honduras,posted,2026-08-02T08:01:23.825218,1666
145ba90eac4f1fa6,https://hn.linkedin.com/jobs/view/administraci%C3%B3n-at-comseid-4446525426,administración,COMSEID,posted,2026-08-02T08:01:32.576939,1668
ba9b9696049e2cf2,https://hn.linkedin.com/jobs/view/especialista-de-datos-at-millicom-tigo-4447720708,ESPECIALISTA DE DATOS,,scraped,2026-08-02T08:01:37.180796,
66fb0d6f5c26f4d0,https://hn.linkedin.com/jobs/view/analista-financiero-junior-at-grupo-farsim%C3%A1n-4447530191,ANALISTA FINANCIERO JUNIOR,,scraped,2026-08-02T08:01:45.252934,
4611507a84d6d078,https://hn.linkedin.com/jobs/view/customer-success-specialist-at-cs-outsource-4446793852,Customer Success Specialist,CS Outsource,posted,2026-08-02T08:01:57.007272,1670
949810a9cbf9a2c6,https://hn.linkedin.com/jobs/view/desarrollador-node-js-trabajo-remoto-at-bairesdev-4445162992,Desarrollador Node.js - Trabajo Remoto,BairesDev,posted,2026-08-02T08:02:06.373180,1672
44e80657a1c403eb,https://hn.linkedin.com/jobs/view/docente-de-tecnolog%C3%ADa-at-confidencial-4446338263,Docente de Tecnología,Confidencial,posted,2026-08-02T08:02:15.334378,1674
0aafa3580ecb78bf,https://hn.linkedin.com/jobs/view/delivery-dependiente-gracias-lempira-at-grupo-farsim%C3%A1n-4447516372,DELIVERY DEPENDIENTE - GRACIAS LEMPIRA,,scraped,2026-08-02T08:02:17.780026,
201c1b7ef608ede9,https://hn.linkedin.com/jobs/view/jefe-de-reclamos-at-empresa-confidencial-4447568935,JEFE DE RECLAMOS,Empresa Confidencial,posted,2026-08-02T08:02:30.882075,1676
aaaf74cd5612116f,https://hn.linkedin.com/jobs/view/oficial-de-ventas-san-pedro-sula-at-elevo-hr-4446917233,Oficial de Ventas  San Pedro Sula,Elevo HR,posted,2026-08-02T08:02:41.133887,1678
790b68a3b6312c2c,https://hn.linkedin.com/jobs/view/tuy%E1%BB%83n-d%E1%BB%A5ng-k%E1%BA%BF-to%C3%A1n-t%E1%BB%95ng-h%E1%BB%A3p-th%C3%A1ng-06-2022-at-vinatea-jsc-4445586802,TUYỂN DỤNG KẾ TOÁN TỔNG HỢP THÁNG 06/2022,,scraped,2026-08-02T08:02:45.714492,
026380fc648664f5,https://hn.linkedin.com/jobs/view/ejecutivo-de-desarrollo-de-canales-cctv-at-empresa-confidencial-4446340659,Ejecutivo de Desarrollo de Canales (CCTV),Empresa Confidencial,posted,2026-08-02T08:03:03.138340,1680
1ebad19100337b79,https://hn.linkedin.com/jobs/view/creadora-de-contenido-e-imagen-at-rentify-4447830147,Creadora de Contenido e Imagen,Rentify,posted,2026-08-02T08:03:18.534187,1650
58b8a19ad5104332,https://hn.linkedin.com/jobs/view/gestor-de-desarrollo-integral-at-world-vision-4447729235,GESTOR DE DESARROLLO INTEGRAL,,scraped,2026-08-02T08:03:30.910266,
7f4ad505aa9a8c40,https://hn.linkedin.com/jobs/view/machine-learning-engineer-remote-work-at-bairesdev-4446077692,Machine Learning Engineer - Remote Work,BairesDev,posted,2026-08-02T08:03:40.052295,509
00792d58aeba55dc,https://hn.linkedin.com/jobs/view/analista-valuador-jr-11260-49307-at-grupo-ficohsa-hn-4447557394,ANALISTA VALUADOR JR. (11260)(49307),Grupo Ficohsa HN,posted,2026-08-02T08:03:52.842136,1682
e2848fbe35852ce1,https://hn.linkedin.com/jobs/view/analista-de-soporte-t%C3%A9cnico-a-usuarios-ii-at-banco-centroamericano-de-integraci%C3%B3n-econ%C3%B3mica-bcie-4446333097,Analista de Soporte Técnico a Usuarios II,Banco Centroamericano de Integración Económica - BCIE,posted,2026-08-02T08:04:40.182536,1684
c2590cf970086694,https://hn.linkedin.com/jobs/view/consultor-a-junior-en-normativa-iso-at-intedya-international-dynamic-advisors-4444588096,Consultor/a Junior en Normativa ISO,,scraped,2026-08-02T08:04:42.874133,
f208d9bf507a7983,https://hn.linkedin.com/jobs/view/jefe-de-calidad-catador-caf%C3%A9-at-ofi-4446164167,Jefe de Calidad- Catador Café,,scraped,2026-08-02T08:04:50.407375,
0cbe0b2e23daba47,https://hn.linkedin.com/jobs/view/customer-service-representative-at-charger-logistics-inc-4447572393,Customer Service Representative,,scraped,2026-08-02T08:05:19.735325,
c432372343c9e338,https://hn.linkedin.com/jobs/view/logistics-operations-associate-at-charger-logistics-inc-4444159221,Logistics Operations Associate,,scraped,2026-08-02T08:05:32.160678,
747ff0fb66301e0e,https://hn.linkedin.com/jobs/view/ingeniero-de-software-net-trabajo-remoto-at-bairesdev-4445145811,Ingeniero de Software .NET - Trabajo Remoto,BairesDev,posted,2026-08-02T08:05:47.887691,1686
77615fb463239ccc,https://hn.linkedin.com/jobs/view/analista-programador-senior-at-grupo-lafise-4446530187,Analista Programador Senior,Grupo LAFISE,posted,2026-08-02T08:05:55.686548,1688
927a84e730fa25e2,https://hn.linkedin.com/jobs/view/senior-devsecops-engineer-remote-work-at-bairesdev-4445733661,Senior DevSecOps Engineer - Remote Work,BairesDev,posted,2026-08-02T08:06:02.479100,799
b321166d06bd6c66,https://hn.linkedin.com/jobs/view/promotor-de-ventas-puerto-cort%C3%A9s-at-grupo-farsim%C3%A1n-4447526286,Promotor de Ventas - Puerto Cortés,,scraped,2026-08-02T08:06:05.079275,
bbd85748805c7156,https://hn.linkedin.com/jobs/view/sales-specialist-at-cs-outsource-4447182909,Sales Specialist,CS Outsource,posted,2026-08-02T08:06:13.601979,967
bcc5222b3916c83c,https://hn.linkedin.com/jobs/view/senior-security-data-scientist-python-remote-work-at-bairesdev-4445741809,Senior Security Data Scientist (Python) - Remote Work,BairesDev,posted,2026-08-02T08:06:18.393826,653
50006cea4e7d1675,https://hn.linkedin.com/jobs/view/supervisor-a-de-mantenimiento-el%C3%A9ctrico-at-cargill-4445805914,Supervisor(a) de Mantenimiento Eléctrico,Cargill,posted,2026-08-02T08:06:27.909584,1690
ac538e29801a67b7,https://hn.linkedin.com/jobs/view/mercaderista-at-grupo-farsim%C3%A1n-4447509561,MERCADERISTA,,scraped,2026-08-02T08:06:30.633449,
6829aa89f439f103,https://hn.linkedin.com/jobs/view/agentic-software-engineer-github-copilot-remote-latin-america-at-fullstack-4447593770,Agentic Software Engineer (GitHub Copilot) - Remote - Latin America,FullStack,posted,2026-08-02T08:06:39.123336,1630
5cd9da63b44a9ca4,https://hn.linkedin.com/jobs/view/agentic-software-engineer-github-copilot-remote-latin-america-at-fullstack-4447705070,Agentic Software Engineer (GitHub Copilot) - Remote - Latin America,FullStack,posted,2026-08-02T08:06:45.850032,1630
b5eb36aa4284006d,https://hn.linkedin.com/jobs/view/promotor-de-ventas-santa-rosa-de-cop%C3%A1n-at-grupo-farsim%C3%A1n-4447509560,PROMOTOR DE VENTAS - SANTA ROSA DE COPÁN,,scraped,2026-08-02T08:06:48.549613,
d1ab7c4ff9f3fd91,https://hn.linkedin.com/jobs/view/senior-python-golang-engineer-remote-work-at-bairesdev-4446348468,Senior Python & Golang Engineer - Remote Work,BairesDev,posted,2026-08-02T08:07:00.013400,1692
5ff09095300534ae,https://hn.linkedin.com/jobs/view/sub-gerente-financiero-at-grupo-farsim%C3%A1n-4447524271,SUB GERENTE FINANCIERO,,scraped,2026-08-02T08:07:08.709676,
08c5d0180ca710ab,https://hn.linkedin.com/jobs/view/jefe-de-gesti%C3%B3n-telef%C3%B3nica-multiproducto-at-grupo-ficohsa-hn-4446783949,Jefe de Gestión Telefónica Multiproducto,Grupo Ficohsa HN,posted,2026-08-02T08:07:23.413604,1694
651d221f76850b57,https://hn.linkedin.com/jobs/view/elixir-backend-engineer-remote-latin-america-at-fullstack-4447538664,Elixir Backend Engineer - Remote - Latin America,FullStack,posted,2026-08-02T08:07:30.553281,1582
09d48ae9ce55e992,https://hn.linkedin.com/jobs/view/full-stack-developer-elixir-phoenix-%2B-javascript-remote-latin-america-at-fullstack-4446931322,Full Stack Developer (Elixir/Phoenix + JavaScript) - Remote - Latin America,FullStack,posted,2026-08-02T08:07:37.304957,1576
802253125e627647,https://hn.linkedin.com/jobs/view/full-stack-developer-elixir-phoenix-%2B-javascript-remote-latin-america-at-fullstack-4446946113,Full Stack Developer (Elixir/Phoenix + JavaScript) - Remote - Latin America,FullStack,posted,2026-08-02T08:07:41.967741,1576
0ac387bccd76c4bd,https://hn.linkedin.com/jobs/view/senior-ai-engineer-llms-agentic-ai-at-applaudo-4446876090,Senior AI Engineer (LLMs & Agentic AI),,scraped,2026-08-02T08:07:44.572250,
3a18e2c57d7d10af,https://hn.linkedin.com/jobs/view/product-security-engineer-remote-work-at-bairesdev-4445723928,Product Security Engineer - Remote Work,BairesDev,posted,2026-08-02T08:07:55.380049,437
247bdcf14f1cfdc5,https://hn.linkedin.com/jobs/view/ayudante-de-reparto-at-corporaci%C3%B3n-multi-inversiones-4445053213,Ayudante de Reparto,,scraped,2026-08-04T09:48:16.833225,
328e281e455f71d3,https://hn.linkedin.com/jobs/view/asistente-administrativo-at-vitlog-transportes-4447743001,Asistente Administrativo,,scraped,2026-08-04T09:48:24.517901,
b45a16956a7f06e5,https://hn.linkedin.com/jobs/view/ejecutivo-de-afiliaci%C3%B3n-at-novacomp-4448677624,Ejecutivo de Afiliación,Novacomp,posted,2026-08-04T09:48:44.500165,1696
51ccafcee88ec9d0,https://hn.linkedin.com/jobs/view/analista-de-cuentas-por-pagar-at-corporaci%C3%B3n-multi-inversiones-4444170734,Analista de Cuentas por Pagar,,scraped,2026-08-04T09:48:49.099669,
36ddf7e70ad7fd95,https://hn.linkedin.com/jobs/view/freelance-grabaci%C3%B3n-de-tareas-cotidianas-para-proyecto-de-ia-at-mindrift-data-annotation-projects-4446325304,Freelance: grabación de tareas cotidianas para proyecto de IA,Mindrift Data Annotation Projects,posted,2026-08-04T09:49:03.752972,1698
18cf3a25b8bfe081,https://hn.linkedin.com/jobs/view/coordinador-de-producci%C3%B3n-at-corporaci%C3%B3n-multi-inversiones-4444177582,Coordinador de Producción,,scraped,2026-08-04T09:49:08.341725,
04e8c471ad6f880c,https://hn.linkedin.com/jobs/view/supervisor-administrativo-at-grupo-ilp-4447717242,Supervisor Administrativo,,scraped,2026-08-04T09:49:22.354242,
390c5c596138f490,https://hn.linkedin.com/jobs/view/analista-de-comunicacion-at-cbc-4446241156,Analista de Comunicacion,cbc,posted,2026-08-04T09:49:48.199028,1700
3f06c9945f6ebe46,https://hn.linkedin.com/jobs/view/motorista-at-televicentro-y-emisoras-unidas-4448651484,Motorista,,scraped,2026-08-04T09:49:50.903486,
aa56cf753bd24f1b,https://hn.linkedin.com/jobs/view/pentester-junior-at-enigma-technologies-4446850674,Pentester Junior,Enigma Technologies,posted,2026-08-04T09:50:08.288982,1702
c584e78b13f80fda,https://hn.linkedin.com/jobs/view/microsoft-dynamics-365-developer-remote-latin-america-at-fullstack-4446935286,Microsoft Dynamics 365 Developer - Remote - Latin America,FullStack,posted,2026-08-04T09:50:15.254282,1540
101f0cd6e0291ea5,https://hn.linkedin.com/jobs/view/elementary-school-teacher-at-integrity-academy-4448313328,Elementary School Teacher,Integrity Academy,posted,2026-08-04T09:50:22.246196,357
0b647a16d196a81c,https://hn.linkedin.com/jobs/view/creador-a-de-contenido-pov-para-ia-remoto-at-mindrift-data-annotation-projects-4446346945,Creador(a) de Contenido POV para IA - Remoto,Mindrift Data Annotation Projects,posted,2026-08-04T09:50:37.891284,1704
a3e346eb140e11b2,https://hn.linkedin.com/jobs/view/creador-a-de-contenido-pov-para-ia-remoto-at-mindrift-data-annotation-projects-4446368052,Creador(a) de Contenido POV para IA - Remoto,Mindrift Data Annotation Projects,posted,2026-08-04T09:50:47.615117,1706
a1abec72e0ae7dd3,https://hn.linkedin.com/jobs/view/creador-a-de-contenido-pov-para-ia-remoto-at-mindrift-data-annotation-projects-4446365420,Creador(a) de Contenido POV para IA - Remoto,Mindrift Data Annotation Projects,posted,2026-08-04T09:50:56.645101,1708
426ef52ab4c78571,https://hn.linkedin.com/jobs/view/creador-a-de-contenido-pov-para-ia-remoto-at-mindrift-data-annotation-projects-4446360545,Creador(a) de Contenido POV para IA - Remoto,Mindrift Data Annotation Projects,posted,2026-08-04T09:51:05.757893,1710
8284fd8631ff3a5f,https://hn.linkedin.com/jobs/view/creador-a-de-contenido-pov-para-ia-remoto-at-mindrift-data-annotation-projects-4446349848,Creador(a) de Contenido POV para IA - Remoto,Mindrift Data Annotation Projects,posted,2026-08-04T09:51:13.706395,1712
933d9f37fa53f075,https://hn.linkedin.com/jobs/view/office-manager-at-impact-bpo-4448268789,Office Manager,,scraped,2026-08-04T09:51:24.402714,
1a273e907e1b4878,https://hn.linkedin.com/jobs/view/analista-administrativo-de-activos-fijos-at-proyectos-y-servicios-inmobiliarios-grupo-financiero-ficohsa-4446785955,Analista administrativo de activos fijos,Proyectos y Servicios Inmobiliarios- Grupo Financiero Ficohsa,posted,2026-08-04T09:51:40.491425,1714
a5d0afdfa01263ee,https://hn.linkedin.com/jobs/view/coordinadora-control-financiero-administrativo-at-premier-cleaning-4448368456,Coordinadora Control Financiero -administrativo,Premier Cleaning,posted,2026-08-04T09:51:55.646597,1716
ecabb9ff053aba79,https://hn.linkedin.com/jobs/view/tecnico-electromecanico-at-alpla-group-4444473794,TECNICO ELECTROMECANICO,,scraped,2026-08-04T09:51:58.261050,
36754373596288c5,https://hn.linkedin.com/jobs/view/excel-specialist-remote-at-yo-it-consulting-4447425270,Excel Specialist - Remote,,scraped,2026-08-04T09:52:05.706867,
4855ed06a9b7418f,https://hn.linkedin.com/jobs/view/gerente-regulatorio-y-de-cumplimiento-at-confidential-4448260383,GERENTE REGULATORIO Y DE CUMPLIMIENTO,Confidential,posted,2026-08-04T09:52:20.323846,1718
141c19c1107f21e5,https://hn.linkedin.com/jobs/view/administrador-de-tienda-at-aceros-leon-4447716251,Administrador De Tienda,ACEROS LEON,posted,2026-08-04T09:52:28.804257,1720
5fb24a8bd6b7fcaa,https://hn.linkedin.com/jobs/view/analista-de-predicci%C3%B3n-at-prosegur-4446224756,Analista de Predicción,,scraped,2026-08-04T09:52:31.734573,
ea567d856f649810,https://hn.linkedin.com/jobs/view/physical-therapist-4448602919,Physical Therapist,RehabiliTAD,posted,2026-08-04T09:52:42.881258,57
29cb889ea11d613c,https://hn.linkedin.com/jobs/view/software-engineer-elixir-phoenix-remote-latin-america-at-bluelight-4448629383,Software Engineer - Elixir/Phoenix - Remote - Latin America,Bluelight,posted,2026-08-04T09:52:51.852602,1722
516c2c9e7cd6afb4,https://hn.linkedin.com/jobs/view/sales-specialist-at-sapiens-guatemala-4448665126,Sales Specialist,Sapiens Guatemala,posted,2026-08-04T09:53:26.369965,967
5dea5e7ef7609abb,https://hn.linkedin.com/jobs/view/coordinador-de-subproductos-de-credito-at-bac-4446370570,Coordinador de Subproductos de Credito,,scraped,2026-08-04T09:53:30.906797,
5684fb355ff1f6b3,https://hn.linkedin.com/jobs/view/gerente-de-sucursal-santa-rosa-de-copan-at-central-de-repuestos-hondure%C3%B1a-centrho-4448394481,Gerente de Sucursal - Santa Rosa de Copan,,scraped,2026-08-04T09:53:37.034057,
2052d27464caa23b,https://hn.linkedin.com/jobs/view/morning-shift-dispatcher-weekends-at-charger-logistics-inc-4447557883,Morning Shift Dispatcher - Weekends,,scraped,2026-08-04T09:53:45.903106,
e82b5eb17ddaa07c,https://hn.linkedin.com/jobs/view/ayudante-de-camaras-at-corporaci%C3%B3n-multi-inversiones-4445049255,Ayudante de Camaras,,scraped,2026-08-04T09:53:52.299902,
a09e61307cd3068f,https://hn.linkedin.com/jobs/view/delivery-dependiente-comayagua-at-grupo-farsim%C3%A1n-4447510433,DELIVERY DEPENDIENTE - COMAYAGUA,,scraped,2026-08-04T09:54:01.792870,
acb2c7e36ca4fec5,https://hn.linkedin.com/jobs/view/operador-a-ii-villanueva-cortes-at-cargill-4445814104,Operador(a) II - Villanueva Cortes,Cargill,posted,2026-08-04T09:54:13.193482,721
a46ddf8b80a06e8b,https://hn.linkedin.com/jobs/view/microsoft-dynamics-365-developer-remote-latin-america-at-fullstack-4446923550,Microsoft Dynamics 365 Developer - Remote - Latin America,FullStack,posted,2026-08-04T09:54:17.866760,1540
07192269949f0c6f,https://hn.linkedin.com/jobs/view/representative-customer-care-ii-at-crowley-4447736735,"Representative, Customer Care II",Crowley,posted,2026-08-04T09:54:26.914238,1724
232bb2476590c069,https://hn.linkedin.com/jobs/view/conserje-dependiente-juticalpa-at-grupo-farsim%C3%A1n-4447512419,CONSERJE DEPENDIENTE JUTICALPA,,scraped,2026-08-04T09:54:29.625569,
9c46b103a044467a,https://hn.linkedin.com/jobs/view/administrative-assistant-at-relay-human-cloud-4434499848,Administrative Assistant,Relay Human Cloud,posted,2026-08-04T09:54:44.322053,161
06dbc179ff22ae28,https://hn.linkedin.com/jobs/view/supervisor-a-de-mantenimiento-at-cargill-4447860068,Supervisor(a) de Mantenimiento,Cargill,posted,2026-08-04T09:55:11.965086,1726
5585cdef52c0f887,https://hn.linkedin.com/jobs/view/full-stack-developer-java-%2B-typescript-%2B-pwa-remote-latin-america-at-fullstack-4448617942,Full Stack Developer (Java + TypeScript + PWA) - Remote - Latin America,FullStack,posted,2026-08-04T09:55:22.761052,1728
1e263f7a482bd538,https://hn.linkedin.com/jobs/view/finance-global-graduate-at-bat-4447189389,Finance Global Graduate,,scraped,2026-08-04T09:55:27.500026,
2c8fd236674cc948,https://hn.linkedin.com/jobs/view/coordinador-a-de-implementaciones-de-servicios-digitales-at-tigo-honduras-4448325171,Coordinador(a) de Implementaciones de Servicios Digitales,Tigo Honduras.,posted,2026-08-04T09:55:46.102098,1730
94af97bf4a24dc9e,https://hn.linkedin.com/jobs/view/information-technology-project-management-at-san-services-honduras-4448633813,Information Technology Project Management,San Services Honduras,posted,2026-08-04T09:55:58.872026,1732
f809554b28c8492f,https://hn.linkedin.com/jobs/view/ln-administrative-assistant-staff-at-amentum-4447533263,LN - Administrative Assistant - STAFF,Amentum,posted,2026-08-04T09:56:10.741803,1734
0329352a9970f084,https://hn.linkedin.com/jobs/view/jefe-de-compras-at-grupo-platino-4445549379,Jefe de Compras,,scraped,2026-08-04T09:56:13.255082,
ba04fe0cd572069d,https://hn.linkedin.com/jobs/view/benefits-client-specialist-at-regisro-remote-office-4446251047,Benefits Client Specialist,RegisRO (Remote Office),posted,2026-08-04T09:56:29.888165,1736
26d8c73c7ee4565a,https://hn.linkedin.com/jobs/view/asesor-de-ventas-en-campo-santa-barbara-at-tempolider-bogota-sas-4446532449,Asesor de ventas en campo--Santa Barbara,,scraped,2026-08-04T09:56:32.392101,
1caa40376fd265d2,https://hn.linkedin.com/jobs/view/face-deduplication-collection-4447592174,Face Deduplication Collection,TELUS International AI Data Solutions,posted,2026-08-04T09:56:43.100481,1738
a0cb1e38812bb406,https://hn.linkedin.com/jobs/view/coordinador-de-agencia-en-san-pedro-sula-at-evaluar-4447811092,Coordinador de Agencia en San Pedro Sula,,scraped,2026-08-04T09:56:45.766395,
c1f44d07bab16f83,https://hn.linkedin.com/jobs/view/jefe-suplente-de-tienda-saba-at-grupo-farsim%C3%A1n-4447522302,JEFE SUPLENTE DE TIENDA - SABA,,scraped,2026-08-04T09:56:51.982136,
4568179cd048b7ae,https://hn.linkedin.com/jobs/view/client-operations-specialist-at-edge-virtual-assistants-4447965897,Client Operations Specialist,Edge Virtual Assistants,posted,2026-08-04T09:57:04.230258,1740
f961acd41550ccae,https://hn.linkedin.com/jobs/view/gerente-de-arquitectura-ti-at-banco-atl%C3%A1ntida-4447077957,Gerente de Arquitectura TI,,scraped,2026-08-04T09:57:11.216904,
6d8fb272eb849a80,https://hn.linkedin.com/jobs/view/jefe-suplente-de-tienda-em-at-grupo-farsim%C3%A1n-4447522301,JEFE SUPLENTE DE TIENDA - EM,,scraped,2026-08-04T09:57:17.803610,
7e16d655c758a38f,https://hn.linkedin.com/jobs/view/customer-logistics-specialist-at-charger-logistics-inc-4447567356,Customer Logistics Specialist,,scraped,2026-08-04T09:57:24.219704,
5746e4740f9c72b7,https://hn.linkedin.com/jobs/view/sales-specialist-at-workbetternow-4447013289,Sales Specialist,WorkBetterNow,posted,2026-08-04T09:57:32.864053,967
7f1fb558fe32b631,https://hn.linkedin.com/jobs/view/gestor-de-desarrollo-integral-at-world-vision-4447734097,GESTOR DE DESARROLLO INTEGRAL,,scraped,2026-08-04T09:57:35.259011,
611a751aacd59d14,https://hn.linkedin.com/jobs/view/talent-acquisition-specialist-at-toptal-4448399888,Talent Acquisition Specialist,Toptal,posted,2026-08-04T09:57:47.187813,1742
1d003d6572f569bf,https://hn.linkedin.com/jobs/view/bookkeeper-experience-with-construction-aia-billing-at-the-a-career-4447833322,Bookkeeper - Experience with Construction AIA Billing,The A Career,posted,2026-08-04T09:57:55.049294,1744
b9a25a17df1f7a30,https://hn.linkedin.com/jobs/view/auxiliar-de-mantenimiento-at-empresa-confidencial-4447518611,AUXILIAR DE MANTENIMIENTO,Empresa Confidencial,posted,2026-08-04T09:58:05.867521,1746
96edcccb1e5e4023,https://hn.linkedin.com/jobs/view/administrador-4447061783,Administrador,DESPENSA FAMILIAR GUAIMACA,posted,2026-08-04T09:58:14.243038,691
32225f6e270c0b6c,https://hn.linkedin.com/jobs/view/ingeniero-el%C3%A9ctrico-at-o-m-el%C3%A9ctrica-matamoros-s-a-4448301090,Ingeniero eléctrico,O&M Eléctrica Matamoros S.A,posted,2026-08-04T09:58:32.987640,1748
e36bef210db8eab0,https://hn.linkedin.com/jobs/view/oficial-jr-regional-control-riesgos-ciberseguridad-10235-49257-at-grupo-ficohsa-hn-4447789801,OFICIAL JR. REGIONAL CONTROL RIESGOS CIBERSEGURIDAD (10235) - 49257,Grupo Ficohsa HN,posted,2026-08-04T09:58:43.668548,1750
cb88aa5e35e2ec38,https://hn.linkedin.com/jobs/view/senior-automation-tester-in-js-at-epam-systems-4443265201,Senior Automation Tester in JS,EPAM Systems,posted,2026-08-04T09:58:51.680656,1752
5ef2040574e19022,https://hn.linkedin.com/jobs/view/devops-i%2Bd-trabajo-remoto-at-bairesdev-4448215807,DevOps / I+D - Trabajo Remoto,BairesDev,posted,2026-08-04T09:59:01.481040,1754
730a0c08b45cbf2a,https://hn.linkedin.com/jobs/view/technical-account-manager-at-scale-army-careers-4447418112,Technical Account Manager,Scale Army Careers,posted,2026-08-04T09:59:13.814387,1756
c506f65c05f4d9e1,https://hn.linkedin.com/jobs/view/operations-reporting-analyst-night-shift-at-charger-logistics-inc-4447592873,Operations Reporting Analyst - Night Shift,,scraped,2026-08-04T09:59:28.551097,
aed23deb4c90bd47,https://hn.linkedin.com/jobs/view/software-engineer-elixir-phoenix-latin-america-remote-at-bluelight-4448120444,Software Engineer (Elixir/Phoenix) - Latin America (REMOTE),Bluelight,posted,2026-08-04T09:59:42.848148,1758
298299c3fa34746e,https://hn.linkedin.com/jobs/view/senior-frontend-engineer-remote-latin-america-at-kake-4445008131,Senior Frontend Engineer - Remote - Latin America,Kake,posted,2026-08-04T09:59:51.428136,1760
c0d6f49438c479d3,https://hn.linkedin.com/jobs/view/transportation-operations-analyst-at-charger-logistics-inc-4447718035,Transportation Operations Analyst,,scraped,2026-08-04T09:59:53.985428,
3d6e9f6836dbc549,https://hn.linkedin.com/jobs/view/aesor-de-ventas-at-confidential-jobs-4445739714,AESOR DE VENTAS,Confidential Jobs,posted,2026-08-04T10:00:10.161937,1762
35cd16a859ec29a0,https://hn.linkedin.com/jobs/view/corporate-and-labour-lawyer-at-charger-logistics-inc-4447576193,Corporate and Labour Lawyer,,scraped,2026-08-04T10:00:12.744972,
d0aaf6d207e79ee3,https://hn.linkedin.com/jobs/view/software-engineer-elixir-phoenix-remote-latin-america-at-bluelight-4448616702,Software Engineer - Elixir/Phoenix - Remote - Latin America,Bluelight,posted,2026-08-04T10:00:23.410008,1722
b639e306c2b1792c,https://hn.linkedin.com/jobs/view/software-engineer-elixir-phoenix-remote-latin-america-at-bluelight-4448635148,Software Engineer - Elixir/Phoenix - Remote - Latin America,Bluelight,posted,2026-08-04T10:00:28.346177,1722
e236295b95f61c91,https://hn.linkedin.com/jobs/view/configuration-management-specialist-at-mantech-4446490859,Configuration Management Specialist,MANTECH,posted,2026-08-04T10:00:39.616788,1764
569e7d219875bdc0,https://hn.linkedin.com/jobs/view/full-stack-developer-java-%2B-typescript-%2B-pwa-remote-latin-america-at-fullstack-4448630735,Full Stack Developer (Java + TypeScript + PWA) - Remote - Latin America,FullStack,posted,2026-08-04T10:00:50.651894,1728
3705c55c13954ecf,https://hn.linkedin.com/jobs/view/agentic-software-engineer-github-copilot-remote-latin-america-at-fullstack-4447584838,Agentic Software Engineer (GitHub Copilot) - Remote - Latin America,FullStack,posted,2026-08-04T10:00:55.578980,1630
8bc0a452e827f7fb,https://hn.linkedin.com/jobs/view/agentic-software-engineer-github-copilot-remote-latin-america-at-fullstack-4447583931,Agentic Software Engineer (GitHub Copilot) - Remote - Latin America,FullStack,posted,2026-08-04T10:01:00.506829,1630
fe15633327937185,https://hn.linkedin.com/jobs/view/full-stack-developer-java-%2B-typescript-%2B-pwa-remote-latin-america-at-fullstack-4448630738,Full Stack Developer (Java + TypeScript + PWA) - Remote - Latin America,FullStack,posted,2026-08-04T10:01:05.578012,1728
09b0ae6e5c7ea548,https://hn.linkedin.com/jobs/view/agentic-software-engineer-github-copilot-remote-latin-america-at-fullstack-4447585913,Agentic Software Engineer (GitHub Copilot) - Remote - Latin America,FullStack,posted,2026-08-04T10:01:10.317178,1630
ad3a6167923ad45d,https://hn.linkedin.com/jobs/view/t%C3%A9cnico-a-electromec%C3%A1nico-san-pedro-sula-at-cargill-4446337441,Técnico (a) Electromecánico - San Pedro Sula,Cargill,posted,2026-08-04T10:01:19.681957,1766
ebd882a3f5792b21,https://hn.linkedin.com/jobs/view/weekends-reporting-analyst-night-shift-at-charger-logistics-inc-4447557778,Weekends Reporting Analyst - Night Shift,,scraped,2026-08-04T10:01:22.259265,
8c913cacc539289f,https://hn.linkedin.com/jobs/view/senior-ai-engineer-llms-agentic-ai-at-applaudo-4446867443,Senior AI Engineer (LLMs & Agentic AI),,scraped,2026-08-04T10:01:28.785166,
b82ba64d88f68036,https://hn.linkedin.com/jobs/view/full-stack-developer-java-%2B-typescript-%2B-pwa-remote-latin-america-at-fullstack-4448624854,Full Stack Developer (Java + TypeScript + PWA) - Remote - Latin America,FullStack,posted,2026-08-04T10:01:37.834820,1728
2ea78a14ffa89412,https://hn.linkedin.com/jobs/view/practicante-rh-villanueva-cort%C3%A9s-at-cargill-4446271208,Practicante RH - Villanueva Cortés,Cargill,posted,2026-08-04T10:01:54.690707,1768
494d7ba46ac73a65,https://hn.linkedin.com/jobs/view/oficial-de-negocios-at-world-vision-4449952942,Oficial de Negocios,,scraped,2026-08-06T09:49:47.849445,
0714dede01ade041,https://hn.linkedin.com/jobs/view/delivery-at-allas-repuestos-4448671738,DELIVERY,,scraped,2026-08-06T09:49:56.605910,
5bd69099134c0b88,https://hn.linkedin.com/jobs/view/pricing-operaciones-at-star-cargo-service-4448307396,Pricing - Operaciones,Star Cargo Service,posted,2026-08-06T09:50:13.151785,1770
31c1dd6ef1bfe9b2,https://hn.linkedin.com/jobs/view/disbursement-specialist-at-omega-law-group-accident-injury-attorneys-4449911789,Disbursement Specialist,Omega Law Group Accident & Injury Attorneys,posted,2026-08-06T09:50:27.148295,1772
03679bca269d60e0,https://hn.linkedin.com/jobs/view/claims-manager-at-impact-bpo-4449343067,Claims Manager,,scraped,2026-08-06T09:50:29.750652,
b52df088845be892,https://hn.linkedin.com/jobs/view/gestor-de-cobranza-at-grupo-salinas-honduras-4448866265,Gestor de Cobranza,Grupo Salinas Honduras,posted,2026-08-06T09:50:45.727910,1774
7a41373d0abea1a6,https://hn.linkedin.com/jobs/view/collections-representative-at-the-a-career-4447844204,Collections Representative,The A Career,posted,2026-08-06T09:50:50.413982,669
62365e607b4415e9,https://hn.linkedin.com/jobs/view/ta-specialist-at-allied-global-4448607298,TA Specialist,,scraped,2026-08-06T09:50:53.236944,
6bb58aeccd56f6fe,https://hn.linkedin.com/jobs/view/project-manager-at-edutechloft-4449919341,Project Manager,EDUTECHLoft,posted,2026-08-06T09:51:06.266837,1776
d887599e33080546,https://hn.linkedin.com/jobs/view/english-language-teacher-at-happy-new-dawn-bilingual-school-and-institute-4435863166,English Language Teacher,Happy New Dawn Bilingual School and Institute,posted,2026-08-06T09:51:18.714995,1778
97579ae50a5ddeaf,https://hn.linkedin.com/jobs/view/motorista-backup-at-m%C3%A9dicos-sin-fronteras-latinoam%C3%A9rica-4449430880,MOTORISTA BACKUP,,scraped,2026-08-06T09:51:21.261676,
2809fb76af1b85e8,https://hn.linkedin.com/jobs/view/talent-people-operations-specialist-remote-honduras-at-stayd-collective-4446277689,Talent & People Operations Specialist (Remote - Honduras),Stayd Collective,posted,2026-08-06T09:51:35.754117,1780
0ab9e6f247a2664a,https://hn.linkedin.com/jobs/view/oficial-de-operaciones-y-log%C3%ADstica-at-unitec-4448618304,OFICIAL DE OPERACIONES Y LOGÍSTICA,unitec,posted,2026-08-06T09:51:44.455877,1782
f39d95d7adb2b64c,https://hn.linkedin.com/jobs/view/community-manager-at-empresa-confidencial-4447227074,Community Manager,Empresa Confidencial,posted,2026-08-06T09:51:52.738417,273
02bea42afc359620,https://hn.linkedin.com/jobs/view/auxiliar-de-recursos-humanos-at-bay-island-petroleum-s-a-4449336957,Auxiliar de recursos humanos,,scraped,2026-08-06T09:51:55.228048,
77aab419be8ed65e,https://hn.linkedin.com/jobs/view/operador-at--4449069060,Operador,.,posted,2026-08-06T09:52:07.631652,1784
a1977bb41234512f,https://hn.linkedin.com/jobs/view/mathematics-teacher-at-escuela-santa-mar%C3%ADa-del-valle-4449017725,Mathematics Teacher,,scraped,2026-08-06T09:52:10.247599,
1f14fa9c1ed38d78,https://hn.linkedin.com/jobs/view/docente-de-pre-paratoria-san-pedro-sula-at-ghc-talent-4448680602,Docente de Pre-paratoria/  San Pedro Sula,GHC Talent,posted,2026-08-06T09:52:28.553923,1786
727cc897a9792e72,https://hn.linkedin.com/jobs/view/auxiliares-de-inventarios-at-grupo-r-center-4449963710,AUXILIARES DE  INVENTARIOS,Grupo R Center,posted,2026-08-06T09:52:37.400634,1788
425936902382fb74,https://hn.linkedin.com/jobs/view/associate-at-unifycx-4449907922,Associate,UnifyCX,posted,2026-08-06T09:52:47.927183,1790
e65b7d40ac979c29,https://hn.linkedin.com/jobs/view/filmmaker-y-creador-de-contenido-at-uth-florida-university-4449934345,Filmmaker y creador de contenido,UTH Florida University,posted,2026-08-06T09:52:57.993737,1792
5d9650a6e10c84cc,https://hn.linkedin.com/jobs/view/oficial-de-operaciones-y-log%C3%ADstica-at-unitec-4448628172,OFICIAL DE OPERACIONES Y LOGÍSTICA,unitec,posted,2026-08-06T09:53:09.306384,1794
d9c9e9ce699e7e6e,https://hn.linkedin.com/jobs/view/vendedor-de-ruta-at-cbc-4448077167,Vendedor de ruta,cbc,posted,2026-08-06T09:53:21.661404,1796
b85c8b9436622783,https://hn.linkedin.com/jobs/view/ios-developer-at-applaudo-4448612357,iOS Developer,,scraped,2026-08-06T09:53:24.288691,
de2917bc5cb9ad3d,https://hn.linkedin.com/jobs/view/collections-representative-at-quadrivius-honduras-4448056420,Collections Representative,Quadrivius Honduras,posted,2026-08-06T09:53:38.404298,669
6c235a8ece9399f9,https://hn.linkedin.com/jobs/view/coordinador-area-tienda-ii-abarrotes-4449005552,COORDINADOR AREA TIENDA II ( ABARROTES),MAXI DESPENSA TELA,posted,2026-08-06T09:53:49.234447,1798
5ea85362199fab49,https://hn.linkedin.com/jobs/view/soporte-de-aplicaciones-at-tempolider-bogota-sas-4448663890,Soporte de Aplicaciones,,scraped,2026-08-06T09:53:51.854680,
55c2125254d96985,https://hn.linkedin.com/jobs/view/coordinador-de-operaciones-de-tesorer%C3%ADa-at-confidential-careers-4449924673,Coordinador de Operaciones de Tesorería,Confidential Careers,posted,2026-08-06T09:54:07.867416,1800
c1adcc7f53235454,https://hn.linkedin.com/jobs/view/soporte-t%C3%A9cnico-at-foro-de-la-gobernanza-del-internet-en-honduras-igfhonduras-4447344745,Soporte Técnico,Foro de la Gobernanza del Internet en Honduras | IGFHonduras,posted,2026-08-06T09:54:20.391308,1802
bbcda8607b0dcfa0,https://hn.linkedin.com/jobs/view/opt%C3%B3metra-at-essilorluxottica-4448039381,Optómetra,,scraped,2026-08-06T09:54:22.946029,
4de7a5119bd32285,https://hn.linkedin.com/jobs/view/high-school-chemistry-teacher-extended-substitution-profesor-a-de-qu%C3%ADmica-de-secundaria-sustituci%C3%B3n-prolongada-at-american-school-of-tegucigalpa-4449653540,High School Chemistry Teacher (Extended Substitution) | Profesor(a) de Química de secundaria (Sustitución Prolongada),American School of Tegucigalpa,posted,2026-08-06T09:54:38.911643,1804
d6794ed89671cf06,https://hn.linkedin.com/jobs/view/soporte-t%C3%A9cnico-at-tempolider-bogota-sas-4448678550,Soporte Técnico,,scraped,2026-08-06T09:54:41.654122,
8e75e8a7b2a4cd50,https://hn.linkedin.com/jobs/view/supervisor-de-lavado-at-grupo-q-4449963322,Supervisor de Lavado,,scraped,2026-08-06T09:54:48.157950,
82c4abc6c35d26a8,https://hn.linkedin.com/jobs/view/bilingual-lawyer-remote-at-habtemariam-law-injury-lawyers-4448273329,Bilingual Lawyer Remote,Habtemariam Law Injury Lawyers,posted,2026-08-06T09:55:00.911795,1806
41506850c973e20b,https://hn.linkedin.com/jobs/view/oficial-iso-9001-2015-at-grupo-aurum-4449694961,Oficial - ISO 9001:2015,,scraped,2026-08-06T09:55:03.540594,
39c60cf9c191bba4,https://hn.linkedin.com/jobs/view/sales-manager-at-scale-army-careers-4449137576,Sales Manager,Scale Army Careers,posted,2026-08-06T09:55:19.604673,1808
a4a9d927635ec25e,https://hn.linkedin.com/jobs/view/software-engineer-elixir-phoenix-latin-america-remote-at-bluelight-4448113605,Software Engineer (Elixir/Phoenix) - Latin America (REMOTE),Bluelight,posted,2026-08-06T09:55:26.407349,1758
f1de545e1ff1228d,https://hn.linkedin.com/jobs/view/technical-business-analyst-honduras-at-deloitte-4449687164,Technical Business Analyst - Honduras,Deloitte,posted,2026-08-06T09:55:31.423305,195
0dedc7c4236c19af,https://hn.linkedin.com/jobs/view/senior-presales-lead-remote-work-at-bairesdev-4449304386,Senior Presales Lead - Remote Work,BairesDev,posted,2026-08-06T09:55:40.354268,235
0eeb163721c5f487,https://hn.linkedin.com/jobs/view/amazon-marketing-specialist-at-relay-human-cloud-4418422599,Amazon Marketing Specialist,Relay Human Cloud,posted,2026-08-06T09:55:51.154315,1810
a058dda287fca5af,https://hn.linkedin.com/jobs/view/senior-recruiter-remote-work-at-bairesdev-4449186751,Senior Recruiter - Remote Work,BairesDev,posted,2026-08-06T09:55:55.965386,257
db4d4ed7df7fd333,https://hn.linkedin.com/jobs/view/talent-acquisition-analyst-remote-work-at-bairesdev-4448508842,Talent Acquisition Analyst - Remote Work,BairesDev,posted,2026-08-06T09:56:00.978052,491
a0a7908e8b4a5097,https://hn.linkedin.com/jobs/view/corporate-travel-and-mobility-agent-remote-work-at-bairesdev-4448538198,Corporate Travel and Mobility Agent - Remote Work,BairesDev,posted,2026-08-06T09:56:05.766505,493
e7cb0234a62bd6c1,https://hn.linkedin.com/jobs/view/regional-manager-maintenance-at-crowley-4440947653,"Regional Manager, Maintenance",Crowley,posted,2026-08-06T09:56:16.945262,1812
dab9e04a6fe0e5be,https://hn.linkedin.com/jobs/view/mercaderista-at-corporaci%C3%B3n-multi-inversiones-4447304322,Mercaderista,,scraped,2026-08-06T09:56:21.560475,
c70e61d921d3b01f,https://hn.linkedin.com/jobs/view/project-manager-remote-work-at-bairesdev-4449154015,Project Manager - Remote Work,BairesDev,posted,2026-08-06T09:56:34.440833,1814
9f9e092095fe396d,https://hn.linkedin.com/jobs/view/cajero-at-corporaci%C3%B3n-multi-inversiones-4448080285,Cajero,,scraped,2026-08-06T09:56:37.141658,
50b7e3815f678860,https://hn.linkedin.com/jobs/view/application-security-engineer-checkmarx-sast-remote-work-at-bairesdev-4448568734,Application Security Engineer (Checkmarx / SAST) - Remote Work,BairesDev,posted,2026-08-06T09:56:48.102923,261
6bcf2cb1e7a82225,https://hn.linkedin.com/jobs/view/technical-project-manager-remote-work-at-bairesdev-4449130284,Technical Project Manager - Remote Work,BairesDev,posted,2026-08-06T09:56:59.733303,1816
be98d2c09eb1264e,https://hn.linkedin.com/jobs/view/microsoft-dynamics-365-developer-remote-latin-america-at-fullstack-4446931319,Microsoft Dynamics 365 Developer - Remote - Latin America,FullStack,posted,2026-08-06T09:57:04.475897,1540
81cfb7493a247e1e,https://hn.linkedin.com/jobs/view/delivery-manager-remote-work-at-bairesdev-4448572104,Delivery Manager - Remote Work,BairesDev,posted,2026-08-06T09:57:12.224864,1818
f57cc29f8c875e1e,https://hn.linkedin.com/jobs/view/operario-de-producci%C3%B3n-1-at-corporaci%C3%B3n-multi-inversiones-4446687864,Operario de Producción 1,,scraped,2026-08-06T09:57:16.811110,
b20299a74d39dc86,https://hn.linkedin.com/jobs/view/operador-a-ii-villanueva-cortes-at-cargill-4440586700,Operador (a) II / Villanueva Cortes,Cargill,posted,2026-08-06T09:57:28.447074,721
c825f0f358d8861f,https://hn.linkedin.com/jobs/view/project-manager-it-remote-work-at-bairesdev-4449137205,Project Manager (IT) - Remote Work,BairesDev,posted,2026-08-06T09:57:44.110661,1820
6cbdf8989dfb2d61,https://hn.linkedin.com/jobs/view/project-manager-senior-remote-work-at-bairesdev-4449120680,Project Manager Senior - Remote Work,BairesDev,posted,2026-08-06T09:57:57.562334,1822
a9d2c89762b3a326,https://hn.linkedin.com/jobs/view/elixir-backend-engineer-remote-latin-america-at-fullstack-4447536633,Elixir Backend Engineer - Remote - Latin America,FullStack,posted,2026-08-06T09:58:04.216759,1582
e517f99bbca7e47d,https://hn.linkedin.com/jobs/view/elixir-backend-engineer-remote-latin-america-at-fullstack-4447552490,Elixir Backend Engineer - Remote - Latin America,FullStack,posted,2026-08-06T09:58:10.885794,1582
63d2743d92b70850,https://hn.linkedin.com/jobs/view/jefatura-de-cooperaci%C3%B3n-y-relaciones-internacionales-at-unitec-4449695764,JEFATURA DE COOPERACIÓN Y RELACIONES INTERNACIONALES,unitec,posted,2026-08-06T09:58:25.304114,1824
d7876e3c216bcf97,https://hn.linkedin.com/jobs/view/cajero-suplente-san-pedro-sula-at-grupo-farsim%C3%A1n-4447523310,CAJERO SUPLENTE SAN PEDRO SULA,,scraped,2026-08-06T09:58:29.825282,
069b65ca86789f41,https://hn.linkedin.com/jobs/view/ejecutivo-a-de-canal-tradicional-1-at-cargill-4438018162,Ejecutivo/a de Canal Tradicional 1,Cargill,posted,2026-08-06T09:58:44.413154,313
a7515be0765e4f88,https://hn.linkedin.com/jobs/view/full-stack-developer-java-%2B-typescript-%2B-react-native-remote-latin-america-at-fullstack-4448624854,Full Stack Developer (Java + TypeScript + React Native) - Remote - Latin America,FullStack,posted,2026-08-06T09:58:53.263754,1826
276f5650b6514983,https://hn.linkedin.com/jobs/view/elixir-backend-engineer-remote-latin-america-at-fullstack-4447555388,Elixir Backend Engineer - Remote - Latin America,FullStack,posted,2026-08-06T09:58:58.095509,1582
76df0b6471658581,https://hn.linkedin.com/jobs/view/executive-assistant-at-workbetternow-4447022007,Executive Assistant,WorkBetterNow,posted,2026-08-06T09:59:02.964699,433
372af7a9a7ea4f84,https://hn.linkedin.com/jobs/view/gerente-financiero-y-administrativo-at-talento-conectado-by-virginia-alfaro-4449158445,Gerente financiero y administrativo,,scraped,2026-08-06T09:59:11.648808,
55a2821fb9193b52,https://hn.linkedin.com/jobs/view/ejecutivo-a-comercial-retail-at-cementos-argos-honduras-4448631520,EJECUTIVO(A) COMERCIAL - RETAIL,,scraped,2026-08-06T09:59:18.338850,
b9a5c6ef1c3403f9,https://hn.linkedin.com/jobs/view/analista-planeaci%C3%B3n-financiera-regional-at-uno-centroam%C3%A9rica-4449321507,ANALISTA PLANEACIÓN FINANCIERA REGIONAL,,scraped,2026-08-06T09:59:27.364020,
ce801f4c0d69f45a,https://hn.linkedin.com/jobs/view/productor-multiplataforma-at-televicentro-y-emisoras-unidas-4449413283,Productor Multiplataforma,,scraped,2026-08-06T09:59:34.511064,
2fdbea22faa97423,https://hn.linkedin.com/jobs/view/outsourcing-services-manager-at-gbm-4448899682,Outsourcing Services Manager,GBM,posted,2026-08-06T09:59:50.214239,1828
363ffddcc57e82a8,https://hn.linkedin.com/jobs/view/l%C3%ADder-de-desarrollo-at-banco-atl%C3%A1ntida-4447080911,Líder de Desarrollo,,scraped,2026-08-06T09:59:54.951382,
5b99e75781c32bb5,https://hn.linkedin.com/jobs/view/virtual-executive-assistant-remote-at-viva-talent-4449636951,Virtual Executive Assistant (Remote),Viva Talent,posted,2026-08-06T10:00:03.837045,385
c759d43bf2a48b03,https://hn.linkedin.com/jobs/view/virtual-event-admin-at-trivium-group-4448898617,Virtual Event Admin,Trivium Group,posted,2026-08-06T10:00:13.036022,1830
f2750a6bd5fc4956,https://hn.linkedin.com/jobs/view/crm-sr-analyst-at-pedidosya-4439866790,CRM Sr Analyst,,scraped,2026-08-06T10:00:15.751438,
c904631789199f71,https://hn.linkedin.com/jobs/view/ejecutivo-de-banca-premium-at-bac-4448306329,EJECUTIVO DE BANCA PREMIUM,,scraped,2026-08-06T10:00:23.228953,
ab815ae135aa7b71,https://hn.linkedin.com/jobs/view/productor%C2%A0de%C2%A0audio%C2%A0y%C2%A0video%C2%A0digital-at-televicentro-y-emisoras-unidas-4449477996,Productor de Audio y Video Digital,,scraped,2026-08-06T10:00:33.748201,
6642efed6aa1a6a5,https://hn.linkedin.com/jobs/view/sub-gerente-de-ventas-at-grupo-ilp-4449940497,Sub Gerente de Ventas,,scraped,2026-08-06T10:00:42.357091,
3732b1c1dda53536,https://hn.linkedin.com/jobs/view/director-de-cr%C3%A9ditos-y-cobros-at-davivienda-honduras-4449693834,Director de Créditos y Cobros,,scraped,2026-08-06T10:00:49.928195,
fd2f4112b531e3d6,https://hn.linkedin.com/jobs/view/ejecutivo-de-ventas-at-lama-motors-4449921301,Ejecutivo de ventas,,scraped,2026-08-06T10:00:56.915393,
1b7da626eb7d7759,https://hn.linkedin.com/jobs/view/jefe-de-trademarketing-at-empresa-confidencial-4449065706,Jefe de Trademarketing,Empresa Confidencial,posted,2026-08-06T10:01:10.063387,1832
49d99aa0a52066b5,https://hn.linkedin.com/jobs/view/sales-assistant-at-digital-executive-4448995910,Sales Assistant,Digital Executive,posted,2026-08-06T10:01:17.827985,1834
dda8e98654c6b126,https://hn.linkedin.com/jobs/view/asesor-a-de-producto-%E2%80%94-tienda-y-pedidos-en-l%C3%ADnea-at-abita-smart-foods-4448133660,Asesor(a) de Producto — Tienda y Pedidos en Línea,,scraped,2026-08-06T10:01:22.497166,
a6cefbbf315f1006,https://hn.linkedin.com/jobs/view/gestor-de-transicion-de-soluciones-b2b-at-millicom-tigo-4449964064,GESTOR DE TRANSICION DE SOLUCIONES B2B,,scraped,2026-08-06T10:01:29.439618,
0f66d2a0649adeb3,https://hn.linkedin.com/jobs/view/coordinador-de-dise%C3%B1o-at-galeas-arquitectos-4448327136,Coordinador de diseño,,scraped,2026-08-06T10:01:36.260468,
26cd3e1399b2d5d9,https://hn.linkedin.com/jobs/view/asesor-de-ventas-sistemas-de-bombeo-sps-at-agrinsa-motores-agroindustriales-4449930434,Asesor de Ventas - Sistemas de Bombeo (SPS),,scraped,2026-08-06T10:01:47.854907,
7112254a2c20eec1,https://hn.linkedin.com/jobs/view/ingeniero-residente-de-equipos-m%C3%A9dico-hospitalarios-at-antal-international-4449083017,Ingeniero Residente de Equipos Médico Hospitalarios,,scraped,2026-08-06T10:01:58.633234,
68dbb97846c3e460,https://hn.linkedin.com/jobs/view/asesor-comercial-de-campo-at-gol%C3%A1n-4448046459,ASESOR COMERCIAL DE CAMPO,Golán,posted,2026-08-06T10:02:14.763109,1836
a0f5e917cf4908d8,https://hn.linkedin.com/jobs/view/asesor-de-ventas-para-tegucigalpa-at-medstat-s-a-4449902824,Asesor de Ventas para Tegucigalpa,,scraped,2026-08-06T10:02:17.364696,
8292bba88a470e30,https://hn.linkedin.com/jobs/view/desarrollador-net-at-novacomp-4449442176,Desarrollador .NET,Novacomp,posted,2026-08-06T10:02:35.108055,1838
6ce146603ef5cea0,https://hn.linkedin.com/jobs/view/dise%C3%B1ador-gr%C3%A1fico-at-cafeina-hn-4449021782,Diseñador gráfico,CAFEINA HN,posted,2026-08-06T10:02:43.874867,1840
dd45d79345feb3c6,https://hn.linkedin.com/jobs/view/projects-programmes-intern-at-educate-4448850240,Projects & Programmes Intern,,scraped,2026-08-06T10:02:46.566840,
813e04e618f174ca,https://hn.linkedin.com/jobs/view/enfermera-o-de-planta-at-superior-glove-4448319461,Enfermera (o) de Planta,,scraped,2026-08-06T10:02:53.465042,
e52aaa7085994085,https://hn.linkedin.com/jobs/view/visitador-representante-m%C3%A9dico-%E2%80%93-temporal-6-meses-at-procter-gamble-4449984110,Visitador/Representante Médico – Temporal (6 meses),Procter &amp; Gamble,posted,2026-08-06T10:03:10.329704,1842
54e6ef53b6cd1b7c,https://hn.linkedin.com/jobs/view/full-stack-developer-java-%2B-typescript-%2B-react-native-remote-latin-america-at-fullstack-4448639049,Full Stack Developer (Java + TypeScript + React Native) - Remote - Latin America,FullStack,posted,2026-08-06T10:03:15.169878,1826
565bd12dab5b5ce0,https://hn.linkedin.com/jobs/view/agente-de-control-y-calidad-call-center-sps-at-grupo-farsim%C3%A1n-4447532180,Agente de control y Calidad Call Center sps,,scraped,2026-08-06T10:03:23.839327,
6f26155100c72b83,https://hn.linkedin.com/jobs/view/full-stack-developer-java-%2B-typescript-%2B-react-native-remote-latin-america-at-fullstack-4448630735,Full Stack Developer (Java + TypeScript + React Native) - Remote - Latin America,FullStack,posted,2026-08-06T10:03:32.476138,1826
cc3294321eaceac5,https://hn.linkedin.com/jobs/view/property-manager-at-cs-outsource-4449322447,Property Manager,CS Outsource,posted,2026-08-06T10:03:39.366798,1239
1915e208d3911b43,https://hn.linkedin.com/jobs/view/jefe-regional-de-ventas-at-cbc-4446682129,Jefe Regional de Ventas,cbc,posted,2026-08-06T10:03:47.362796,399
9d1c95dd4dbd31f8,https://hn.linkedin.com/jobs/view/full-stack-engineer-react-%2B-kotlin-remote-latin-america-at-fullstack-4432046126,Full Stack Engineer (React + Kotlin) - Remote - Latin America,FullStack,posted,2026-08-06T10:03:54.185212,599
8379c8d379815fd6,https://hn.linkedin.com/jobs/view/ejecutivo-a-de-cuentas-clave-regional-at-cargill-4448067678,Ejecutivo(a) de Cuentas Clave Regional,Cargill,posted,2026-08-06T10:04:03.075446,1844
ff8e22c774168352,https://hn.linkedin.com/jobs/view/asistente-administrativo-at-grupo-ilp-4447717245,Asistente Administrativo,,scraped,2026-08-06T10:04:11.623586,
4bd6d22d47e181e2,https://hn.linkedin.com/jobs/view/ejecutivo-jr-de-servicios-de-atencion-corporativo-13359-49253-at-grupo-ficohsa-hn-4448386111,EJECUTIVO JR. DE SERVICIOS DE ATENCION CORPORATIVO (13359) - 49253,Grupo Ficohsa HN,posted,2026-08-06T10:04:26.432994,1846
658a6e69869be8d6,https://hn.linkedin.com/jobs/view/senior-ai-native-engineering-lead-remote-latin-america-at-fullstack-4449929362,Senior AI-Native Engineering Lead - Remote - Latin America,FullStack,posted,2026-08-06T10:04:36.974359,1848
01e41a3e28bd049c,https://hn.linkedin.com/jobs/view/jefe-de-soluciones-cloud-at-grupo-ilp-4448867254,Jefe de Soluciones Cloud,,scraped,2026-08-06T10:04:39.788039,
38f40e9040804190,https://hn.linkedin.com/jobs/view/analista-financiero-at-grupo-ficohsa-hn-4448536770,Analista Financiero,Grupo Ficohsa HN,posted,2026-08-06T10:04:53.930169,1850
b9c229de69b12006,https://hn.linkedin.com/jobs/view/senior-ai-native-engineering-lead-remote-latin-america-at-fullstack-4449918464,Senior AI-Native Engineering Lead - Remote - Latin America,FullStack,posted,2026-08-06T10:05:03.042845,1848
76a3a934436b9e8a,https://hn.linkedin.com/jobs/view/senior-ai-native-engineering-lead-remote-latin-america-at-fullstack-4449939137,Senior AI-Native Engineering Lead - Remote - Latin America,FullStack,posted,2026-08-06T10:05:07.712973,1848
88c0a50a38916780,https://hn.linkedin.com/jobs/view/senior-full-stack-engineer-node-%2B-vue-remote-latin-america-at-fullstack-4449085176,Senior Full Stack Engineer (Node + Vue) - Remote - Latin America,FullStack,posted,2026-08-06T10:05:14.413992,1638
5e667d45be9261f3,https://hn.linkedin.com/jobs/view/senior-full-stack-engineer-node-%2B-vue-remote-latin-america-at-fullstack-4449089100,Senior Full Stack Engineer (Node + Vue) - Remote - Latin America,FullStack,posted,2026-08-06T10:05:19.185879,1638
41d4b868e2d382f9,https://hn.linkedin.com/jobs/view/senior-full-stack-engineer-node-%2B-vue-remote-latin-america-at-fullstack-4449087146,Senior Full Stack Engineer (Node + Vue) - Remote - Latin America,FullStack,posted,2026-08-06T10:05:24.172126,1638
20e709d3012f67bd,https://hn.linkedin.com/jobs/view/senior-full-stack-engineer-node-%2B-vue-remote-latin-america-at-fullstack-4449093038,Senior Full Stack Engineer (Node + Vue) - Remote - Latin America,FullStack,posted,2026-08-06T10:05:28.798478,1638
78e5a4e19a96d418,https://hn.linkedin.com/jobs/view/practicante-universitario-a-villanueva-cortes-at-cargill-4447060123,Practicante Universitario (a) - Villanueva Cortes,Cargill,posted,2026-08-06T10:05:43.575199,111
d691ddcf537618be,https://hn.linkedin.com/jobs/view/practicante-universitario-a-villanueva-cortes-at-cargill-4449939215,Practicante Universitario (a) / Villanueva Cortes,Cargill,posted,2026-08-06T10:05:48.500726,111
edf9002637236b70,https://hn.linkedin.com/jobs/view/pasant%C3%ADa-y-pr%C3%A1cticas-profesionales-at-evaluar-4447803241,PASANTÍA Y PRÁCTICAS PROFESIONALES,,scraped,2026-08-06T10:05:51.092949,
501febfc1e52e20a,https://hn.linkedin.com/jobs/view/practicante-universitario-a-villanueva-cortes-at-cargill-4449922502,Practicante Universitario (a) - Villanueva Cortes,Cargill,posted,2026-08-06T10:06:01.772307,111
202c30a638a52a01,https://hn.linkedin.com/jobs/view/practicante-universitario-a-villanueva-cortes-at-cargill-4449927479,Practicante Universitario (a) / Villanueva Cortes,Cargill,scraped,2026-08-06T10:06:05.855032,
10d0279fe26527d7,https://hn.linkedin.com/jobs/view/practicante-universitario-a-siguatepeque-at-cargill-4449930495,Practicante Universitario (a) / Siguatepeque,Cargill,posted,2026-08-06T10:06:10.751699,1073
71818b26e1f917e0,https://hn.linkedin.com/jobs/view/practicante-universitario-a-tegucigalpa-at-cargill-4447856147,Practicante Universitario (a) - Tegucigalpa,Cargill,posted,2026-08-06T10:06:15.574108,103
e445ecfdf2f892da,https://hn.linkedin.com/jobs/view/coordinador-de-dise%C3%B1o-at-galeas-arquitectos-4448344429,Coordinador de Diseño,,scraped,2026-08-06T10:06:20.184849,
16d9d992da4a1be0,https://hn.linkedin.com/jobs/view/monitoring-specialist-afternoon-shift-at-charger-logistics-inc-4450774759,Monitoring Specialist - Afternoon Shift,,scraped,2026-08-08T00:03:35.332341,
092c0f050041616b,https://hn.linkedin.com/jobs/view/logistics-coordinator-weekends-morning-shift-at-charger-logistics-inc-4450767660,Logistics Coordinator Weekends - Morning Shift,,scraped,2026-08-08T00:03:45.665896,
39ac5ce3e90ee8cf,https://hn.linkedin.com/jobs/view/international-aid-in-venezuela-goes-from-rescue-to-recovery-at-caracas-chronicles-4450388741,International Aid in Venezuela Goes From Rescue to Recovery,,scraped,2026-08-08T00:03:53.964625,
923c5481e81e343e,https://hn.linkedin.com/jobs/view/repartidor-at-corporaci%C3%B3n-multi-inversiones-4448080283,Repartidor,Corporación Multi Inversiones,posted,2026-08-08T00:04:14.084284,1554
8d10562d0ab0a8b8,https://hn.linkedin.com/jobs/view/group-function-coordinator-%E2%80%93-mice-groups-at-san-services-honduras-4450672841,Group Function Coordinator – MICE Groups,San Services Honduras,posted,2026-08-08T00:04:35.333190,1852
0337f043a407655d,https://hn.linkedin.com/jobs/view/workforce-management-specialist-sme-4450752484,Workforce Management Specialist (SME),Crescendo (formerly known as PartnerHero),posted,2026-08-08T00:04:44.625673,1854
1fe962cc7369ae80,https://hn.linkedin.com/jobs/view/carrier-retention-specialist-at-peak-altitude-4448449902,Carrier Retention Specialist,Peak Altitude,posted,2026-08-08T00:04:55.566424,1856
f013b876e6cc15fd,https://hn.linkedin.com/jobs/view/protecci%C3%B3n-frente-a-la-exposici%C3%B3n-a-agentes-qu%C3%ADmicos-en-el-%C3%A1mbito-laboral-at-confederaci%C3%B3n-de-empresarios-de-la-coru%C3%B1a-4450053270,Protección frente a la exposición a agentes químicos en el ámbito laboral,Confederación de Empresarios de La Coruña,posted,2026-08-08T00:05:12.674785,1858
1386f7d79765b428,https://hn.linkedin.com/jobs/view/jr-recruiter-at-digital-executive-4450346105,Jr. Recruiter,Digital Executive,posted,2026-08-08T00:05:20.519618,1860
6a514345a7a16c8f,https://hn.linkedin.com/jobs/view/project-manager-remote-latin-america-at-bluelight-4450791030,"Project Manager - Remote, Latin America",Bluelight,posted,2026-08-08T00:05:35.240344,1862
ec3e8f25d29a7cd6,https://hn.linkedin.com/jobs/view/maxipista-instalaci%C3%B3n-de-manto-asf%C3%A1ltico-at-nature-panam%C3%A1-4448584476,Maxipista - Instalación de manto asfáltico,Nature Panamá,posted,2026-08-08T00:05:50.935464,1864
88fc7299a03c4e3c,https://hn.linkedin.com/jobs/view/administrador-liquidaci%C3%B3n-y-caja-at-cbc-4449222920,Administrador Liquidación y Caja,cbc,posted,2026-08-08T00:06:03.602012,1866
61d47662a50fd3c4,https://hn.linkedin.com/jobs/view/wordpress-developer-remote-latin-america-at-fullstack-4450646733,WordPress Developer - Remote - Latin America,FullStack,posted,2026-08-08T00:06:15.211519,1868
23e536af7de2478c,https://hn.linkedin.com/jobs/view/operations-coordinator-remote-latam-full-time-in-usd-at-bridgeway-global-recruitment-4439257221,Operations Coordinator | Remote (LatAm) | Full-time in USD,Bridgeway Global Recruitment,posted,2026-08-08T00:06:22.945044,1870
2d19089efd086cbb,https://hn.linkedin.com/jobs/view/administrador-operativo-mantenimiento-at-celaque-4446247916,Administrador Operativo - Mantenimiento,,scraped,2026-08-08T00:06:25.557251,
cba035c58d963b5e,https://hn.linkedin.com/jobs/view/optimizador-medios-digitales-at-4am-saatchi-saatchi-4450795391,Optimizador Medios Digitales,,scraped,2026-08-08T00:06:32.570628,
8e98bcbe6c529141,https://hn.linkedin.com/jobs/view/editor-de-v%C3%ADdeo-at-interactibot-4450631797,Editor de vídeo,,scraped,2026-08-08T00:06:41.669565,
ab117f6adeb02103,https://hn.linkedin.com/jobs/view/jefe-de-tienda-rotativo-at-grupo-ilp-4450659765,Jefe de Tienda Rotativo,,scraped,2026-08-08T00:06:55.664410,
ac45bddca5a8bcb5,https://hn.linkedin.com/jobs/view/it-project-manager-at-novacomp-4450013737,IT Project Manager,Novacomp,posted,2026-08-08T00:07:11.512972,1119
e1ed0a613c561480,https://hn.linkedin.com/jobs/view/coordinador-de-gesti%C3%B3n-integral-de-riesgos-at-grupo-flores-honduras-4448456086,Coordinador de gestión integral de riesgos,,scraped,2026-08-08T00:07:20.337800,
ad13036d168d03a8,https://hn.linkedin.com/jobs/view/customer-service-representative-at-avery-dennison-4450501405,Customer Service Representative,Avery Dennison,posted,2026-08-08T00:07:36.024345,519
0007d5b4dac62997,https://hn.linkedin.com/jobs/view/coordinador-de-mercadeo-at-grupo-platino-4450799119,Coordinador de Mercadeo,,scraped,2026-08-08T00:07:42.818685,
b8560e8604451305,https://hn.linkedin.com/jobs/view/postproductor%C2%A0mixto-at-televicentro-y-emisoras-unidas-4450673237,Postproductor Mixto,,scraped,2026-08-08T00:07:49.320157,
32195b0c513469fc,https://hn.linkedin.com/jobs/view/marketing-director-fury-cean-at-monster-energy-4450651214,Marketing Director ( Fury CEAN),Monster Energy,posted,2026-08-08T00:08:04.368963,1872
4e12fe7fec309ca9,https://hn.linkedin.com/jobs/view/jefe-de-bodega-at-autorepuestos-4450631326,Jefe de bodega,,scraped,2026-08-08T00:08:06.886591,
f3c0bd1bc6a8ac57,https://hn.linkedin.com/jobs/view/crm-manager-remote-work-at-bairesdev-4448986758,CRM Manager - Remote Work,BairesDev,posted,2026-08-08T00:08:20.052196,1039
e6c4d1e985f122f1,https://hn.linkedin.com/jobs/view/entregador-a-de-productos-juticalpa-at-cargill-4449091208,Entregador (a) de Productos - Juticalpa,Cargill,posted,2026-08-08T00:08:28.859383,1874
8b3a7a2de4d90012,https://hn.linkedin.com/jobs/view/especialista-de-importaciones-y-exportaciones-junior-at-cargill-4450739025,Especialista de importaciones y exportaciones Junior,Cargill,posted,2026-08-08T00:08:37.646085,1876
8f4c04c37b065d43,https://hn.linkedin.com/jobs/view/accounts-payable-specialist-at-impact-bpo-4448231246,Accounts Payable Specialist,,scraped,2026-08-08T00:08:54.523346,
ee1e37a6e1a3a0d7,https://hn.linkedin.com/jobs/view/account-receivable-analyst-with-experience-in-medical-billing-at-the-a-career-4446661056,Account Receivable Analyst- with experience in Medical Billing,The A Career,posted,2026-08-08T00:09:07.585111,1878
779c2b8b9a37819f,https://hn.linkedin.com/jobs/view/motorista-ii-tegucigalpa-at-cargill-4441208681,Motorista II / Tegucigalpa,Cargill,posted,2026-08-08T00:09:16.885433,1880
81e91a88e5830c71,https://hn.linkedin.com/jobs/view/wordpress-developer-remote-latin-america-at-fullstack-4450649691,WordPress Developer - Remote - Latin America,FullStack,posted,2026-08-08T00:09:32.134638,1868
a4370de36d6871dc,https://hn.linkedin.com/jobs/view/night-shift-customer-service-representative-at-charger-logistics-inc-4450784137,Night Shift Customer Service Representative,,scraped,2026-08-08T00:09:34.690747,
8dd2222e4b077acd,https://hn.linkedin.com/jobs/view/coordinador-de-desarrollo-local-san-fernado-ocotepeque-at-world-vision-4450613830,"COORDINADOR DE DESARROLLO LOCAL (SAN FERNADO, OCOTEPEQUE)",,scraped,2026-08-08T00:09:40.816291,
a0c5bce94e3798f9,https://hn.linkedin.com/jobs/view/especialista-de-cumplimiento-y-gestion-de-riesgos-tegucigalpa-at-world-vision-4450030279,ESPECIALISTA DE CUMPLIMIENTO Y GESTION DE RIESGOS (TEGUCIGALPA),,scraped,2026-08-08T00:09:47.406722,
139580a95c663d93,https://hn.linkedin.com/jobs/view/machine-learning-engineer-remote-work-at-bairesdev-4449761424,Machine Learning Engineer - Remote Work,BairesDev,posted,2026-08-08T00:09:56.924183,509
4dd426ffe4dedf16,https://hn.linkedin.com/jobs/view/devops-engineer-azure-%2B-on-premise-remote-latin-america-at-fullstack-4441601762,DevOps Engineer (Azure + On-Premise) - Remote - Latin America,FullStack,posted,2026-08-08T00:10:04.528329,1171
43edbc94e6013cae,https://hn.linkedin.com/jobs/view/wordpress-developer-remote-latin-america-at-fullstack-4450660168,WordPress Developer - Remote - Latin America,FullStack,posted,2026-08-08T00:10:09.334582,1868
a84cc734e22a408a,https://hn.linkedin.com/jobs/view/project-manager-remote-latin-america-at-bluelight-4450773927,"Project Manager - Remote, Latin America",Bluelight,posted,2026-08-08T00:10:14.540385,1862
73991aa234ab7d6f,https://hn.linkedin.com/jobs/view/executive-assistant-to-chief-executive-officer-at-relay-human-cloud-4449929338,Executive Assistant to Chief Executive Officer,Relay Human Cloud,posted,2026-08-08T00:10:26.372152,1882
d81677f7606c7c18,https://hn.linkedin.com/jobs/view/devops-engineer-azure-%2B-on-premise-remote-latin-america-at-fullstack-4441606553,DevOps Engineer (Azure + On-Premise) - Remote - Latin America,FullStack,posted,2026-08-08T00:10:33.229647,1171
3c9ba61a930fdebd,https://hn.linkedin.com/jobs/view/devops-engineer-azure-%2B-on-premise-remote-latin-america-at-fullstack-4441610447,DevOps Engineer (Azure + On-Premise) - Remote - Latin America,FullStack,posted,2026-08-08T00:10:40.282771,1171
e04b1e182825132e,https://hn.linkedin.com/jobs/view/mecanico-automotriz-at-bay-island-petroleum-s-a-4450636683,Mecanico automotriz,,scraped,2026-08-08T00:10:42.738068,
2701205802b6be2c,https://hn.linkedin.com/jobs/view/corporate-and-labour-lawyer-at-charger-logistics-inc-4450744947,Corporate and Labour Lawyer,,scraped,2026-08-08T00:10:49.111972,
cb897aa2054548e9,https://hn.linkedin.com/jobs/view/coordinador-de-dise%C3%B1o-monitoreo-y-evaluaci%C3%B3n-tegucigalpa-at-world-vision-4450616818,"COORDINADOR DE DISEÑO, MONITOREO Y EVALUACIÓN (TEGUCIGALPA)",,scraped,2026-08-08T00:10:55.523124,
7a70daff2095f99b,https://hn.linkedin.com/jobs/view/ingeniero-de-seguridad-de-aplicaciones-checkmarx-sast-trabajo-remoto-at-bairesdev-4448566825,Ingeniero de Seguridad de Aplicaciones (Checkmarx / SAST) - Trabajo Remoto,BairesDev,posted,2026-08-08T00:11:04.298510,375
344b5e6cf31ccc56,https://hn.linkedin.com/jobs/view/full-stack-developer-java-%2B-typescript-%2B-react-native-remote-latin-america-at-fullstack-4448621835,Full Stack Developer (Java + TypeScript + React Native) - Remote - Latin America,FullStack,posted,2026-08-08T00:11:09.290056,1826
8ca31bf512bf2c2e,https://hn.linkedin.com/jobs/view/digital-marketing-specialist-at-relay-human-cloud-4381131181,Digital Marketing Specialist,Relay Human Cloud,posted,2026-08-08T00:11:20.709117,1884
625c1ad72150bd08,https://hn.linkedin.com/jobs/view/jefe-de-territorio-at-sherwin-williams-de-centroam%C3%A9rica-4448622520,Jefe de Territorio,,scraped,2026-08-08T00:11:23.547094,
06285cb5e28b135e,https://hn.linkedin.com/jobs/view/senior-it-project-manager-remote-work-at-bairesdev-4449127909,Senior IT Project Manager - Remote Work,BairesDev,posted,2026-08-08T00:11:38.127325,1886
6fcb9b61086ea022,https://hn.linkedin.com/jobs/view/cloud-architect-at-stefanini-latam-4429897205,Cloud Architect,,scraped,2026-08-08T00:11:40.960119,
b5b63a554f2de79e,https://hn.linkedin.com/jobs/view/oficial-de-control-de-calidad-de-sistemas-at-banco-popular-hn-4449487630,Oficial de Control de Calidad de Sistemas,Banco Popular HN,posted,2026-08-08T00:12:33.611544,1888
c073f4975a696eb4,https://hn.linkedin.com/jobs/view/full-stack-developer-java-%2B-typescript-%2B-react-native-remote-latin-america-at-fullstack-4448630738,Full Stack Developer (Java + TypeScript + React Native) - Remote - Latin America,FullStack,posted,2026-08-08T00:12:38.844223,1826
8121fac39f35c564,https://hn.linkedin.com/jobs/view/jefe-de-tienda-tela-at-grupo-monge-4449939626,Jefe de Tienda Tela,Grupo Monge.,posted,2026-08-08T00:12:47.259801,1890
367948c1fcad2c33,https://hn.linkedin.com/jobs/view/senior-accounts-receivable-revenue-operations-specialist-at-veta-virtual-4448462589,Senior Accounts Receivable & Revenue Operations Specialist,,scraped,2026-08-08T00:12:56.039917,
82afb022c187bce1,https://hn.linkedin.com/jobs/view/productor%C2%A0de%C2%A0audio%C2%A0y%C2%A0video%C2%A0digital-at-televicentro-y-emisoras-unidas-4450794713,Productor de Audio y Video Digital,,scraped,2026-08-08T00:13:02.358398,
de5be18859299dc3,https://hn.linkedin.com/jobs/view/vendedor-preventa-at-grupo-simka-4449435368,Vendedor Preventa,,scraped,2026-08-08T00:13:08.932088,
17c374f582bf4843,https://hn.linkedin.com/jobs/view/software-engineer-elixir-phoenix-latin-america-remote-at-bluelight-4448116624,Software Engineer (Elixir/Phoenix) - Latin America (REMOTE),Bluelight,posted,2026-08-08T00:13:18.335172,1758
a22bc2498f0d42d8,https://hn.linkedin.com/jobs/view/coordinador-de-trade-marketing-at-krediya-4449933360,Coordinador de Trade Marketing,,scraped,2026-08-08T00:13:21.183549,
355305b0fea4dced,https://hn.linkedin.com/jobs/view/analista-jr-de-cuentas-por-pagar-at-unitec-4449458983,ANALISTA JR. DE CUENTAS POR PAGAR,unitec,posted,2026-08-08T00:13:35.792206,1892
4a1fb1202cf7eb99,https://hn.linkedin.com/jobs/view/vendedor-at-confidential-4449981586,Vendedor,Confidential,posted,2026-08-08T00:13:39.953914,1047
3d38b2cae617b0b3,https://hn.linkedin.com/jobs/view/visitador-m%C3%A9dico-l%C3%ADnea-dolor-osteoarticular-san-pedro-sula-at-adium-centroam%C3%A9rica-caribe-4450623086,Visitador Médico línea Dolor Osteoarticular San Pedro Sula,Adium Centroamérica & Caribe,posted,2026-08-08T00:13:52.003438,1894
8af458707b1f096e,https://hn.linkedin.com/jobs/view/data-services-analyst-at-cloudbeds-4432520782,Data Services Analyst,Cloudbeds,posted,2026-08-08T00:14:06.034976,1896
fee44faa99a84c3a,https://hn.linkedin.com/jobs/view/vendedor-at-semtec-ltd-4007330229,Vendedor,SEMTEC LTD,posted,2026-08-08T00:14:10.616262,1047
e9cba760b8b4789f,https://hn.linkedin.com/jobs/view/gerente-arquitectura-de-software-at-deloitte-4449689058,Gerente Arquitectura de Software,Deloitte,posted,2026-08-08T00:14:15.694810,93
b289c51dd94a4c48,https://hn.linkedin.com/jobs/view/supervisor-de-ingresos-y-control-de-costos-%E2%80%93-internacional-at-sba-communications-4448229507,Supervisor de Ingresos y Control de Costos – Internacional,SBA Communications,posted,2026-08-08T00:14:24.424375,1898
c9676e4926123a20,https://hn.linkedin.com/jobs/view/analista-senior-fico-at-banco-atl%C3%A1ntida-4450634576,Analista Senior FICO,,scraped,2026-08-08T00:14:27.024739,
7c32ea022f89858c,https://hn.linkedin.com/jobs/view/jefe-de-administracion-y-finanzas-at-atracci%C3%B3n-de-talento-4450016676,Jefe de Administracion y Finanzas,Atracción de Talento,posted,2026-08-08T00:14:40.698639,1900
6138acacd5ea672e,https://hn.linkedin.com/jobs/view/ejecutivo-de-televentas-call-center-at-grupo-monge-4450246031,Ejecutivo de Televentas Call Center,Grupo Monge.,posted,2026-08-08T00:14:49.304587,1902
d90497c26acb26d6,https://hn.linkedin.com/jobs/view/analista-de-inventario-senior-at-grupo-ilp-4450240116,Analista de Inventario Senior,,scraped,2026-08-08T00:14:56.309440,
abac55a8668d6cde,https://hn.linkedin.com/jobs/view/asesor-comercial-at-netel-s-a-de-c-v-redes-y-comunicaciones-de-honduras-4450630411,Asesor comercial,"Netel, S.A. De C.V. (Redes y Comunicaciones de Honduras)",posted,2026-08-08T00:15:44.978821,645
50827520a7b97bee,https://hn.linkedin.com/jobs/view/especialista-de-inteligencia-financiera-7759-49230-at-grupo-ficohsa-hn-4449996281,ESPECIALISTA DE INTELIGENCIA FINANCIERA (7759) - 49230,Grupo Ficohsa HN,posted,2026-08-08T00:15:58.269353,1904
7c4563d5b42a594b,https://hn.linkedin.com/jobs/view/jefe-de-ventas-at-bia-honduras-4448328246,Jefe de ventas,bia Honduras,posted,2026-08-08T00:16:10.592397,1906
caf55333956856ad,https://hn.linkedin.com/jobs/view/consultor-a-snr-data-ai-engineering-at-deloitte-4449684191,Consultor(a) Snr Data & AI Engineering,Deloitte,posted,2026-08-08T00:16:19.109292,1908
7c1d96dd4ec67269,https://hn.linkedin.com/jobs/view/asesor-comercial-de-camiones-at-grupo-platino-4448481334,Asesor Comercial de camiones,,scraped,2026-08-08T00:16:29.761409,
994644b1842c00d0,https://hn.linkedin.com/jobs/view/dise%C3%B1ador-gr%C3%A1fico-presencial-at-red-de-talentos-hn-4448198566,Diseñador Gráfico (PRESENCIAL),Red de Talentos HN,posted,2026-08-08T00:16:42.069576,1910
0b8f45af4f66e8b9,https://hn.linkedin.com/jobs/view/ingeniero-de-pre-ventas-intraestructura-at-multic%C3%B3mputos-4450013236,Ingeniero de Pre Ventas - Intraestructura,Multicómputos,posted,2026-08-08T00:16:53.879750,1912
37b43edb27ed8e5a,https://hn.linkedin.com/jobs/view/head-de-tecnolog%C3%ADa-y-operaciones-at-empresa-confidencial-4449748836,Head de Tecnología y Operaciones,Empresa Confidencial,posted,2026-08-08T00:17:10.472799,1914
0080d748623255ab,https://hn.linkedin.com/jobs/view/virtual-medical-front-desk-medical-receptionist-pain-spine-at-staffing-for-doctors-4446687914,Virtual Medical Front Desk / Medical Receptionist - Pain & Spine,Staffing For Doctors,posted,2026-08-08T00:17:18.314793,1916
02edaf2d9b9a7dbe,https://hn.linkedin.com/jobs/view/dise%C3%B1ador-gr%C3%A1fico-at-panorana-360-4449084193,Diseñador Gráfico,,scraped,2026-08-08T00:17:20.948187,
405f5525b5473180,https://hn.linkedin.com/jobs/view/temporary-content-moderator-4449655350,Temporary Content Moderator,Crescendo (formerly known as PartnerHero),posted,2026-08-08T00:17:31.397604,1918
777bfc2f6fdeb903,https://hn.linkedin.com/jobs/view/full-stack-engineer-react-%2B-kotlin-remote-latin-america-at-fullstack-4432048119,Full Stack Engineer (React + Kotlin) - Remote - Latin America,FullStack,posted,2026-08-08T00:17:36.252895,599
da51c5789b5f78fd,https://hn.linkedin.com/jobs/view/full-stack-developer-java-%2B-typescript-%2B-react-native-remote-latin-america-at-fullstack-4448634574,Full Stack Developer (Java + TypeScript + React Native) - Remote - Latin America,FullStack,posted,2026-08-08T00:17:41.125980,1826
9a2c022ca8b5dac0,https://hn.linkedin.com/jobs/view/ejecutivo-a-de-cuentas-clave-sr-at-cargill-4445598955,Ejecutivo (a) de Cuentas Clave Sr.,Cargill,posted,2026-08-08T00:18:04.704453,1920
301f1fe11e2643c3,https://hn.linkedin.com/jobs/view/asesor-de-ventas-13353-49200-at-grupo-ficohsa-hn-4448369509,ASESOR DE VENTAS (13353) - 49200,Grupo Ficohsa HN,posted,2026-08-08T00:18:20.466379,1922
f4f15f05fb5c28d5,https://hn.linkedin.com/jobs/view/senior-ai-native-engineering-lead-remote-latin-america-at-fullstack-4449930403,Senior AI-Native Engineering Lead - Remote - Latin America,FullStack,posted,2026-08-08T00:18:27.751704,1848
9296864e557ef965,https://hn.linkedin.com/jobs/view/senior-product-designer-figma-%2B-cloud-cursor-remote-latin-america-at-fullstack-4413088169,Senior Product Designer (Figma + Cloud Cursor) - Remote - Latin America,FullStack,posted,2026-08-08T00:18:32.610618,1061
7b4be7059cba1cb3,https://hn.linkedin.com/jobs/view/senior-ai-native-engineering-lead-remote-latin-america-at-fullstack-4449931360,Senior AI-Native Engineering Lead - Remote - Latin America,FullStack,posted,2026-08-08T00:18:37.414983,1848
a0e4a809f2980310,https://hn.linkedin.com/jobs/view/lider-regional-pos-ti-13246-48922-at-grupo-ficohsa-hn-4448816500,LIDER REGIONAL POS TI (13246) - 48922,Grupo Ficohsa HN,posted,2026-08-08T00:18:49.780695,1924
08d724fcf93266b8,https://hn.linkedin.com/jobs/view/senior-ai-native-engineering-lead-remote-latin-america-at-fullstack-4449930406,Senior AI-Native Engineering Lead - Remote - Latin America,FullStack,posted,2026-08-08T00:18:54.575482,1848
42658a40d565ec71,https://hn.linkedin.com/jobs/view/senior-backend-engineer-tech-lead-3-4-month-long-remote-latin-america-at-fullstack-4441206626,Senior Backend Engineer Tech Lead (3-4 month long) - Remote - Latin America,FullStack,posted,2026-08-08T00:18:59.697533,1067
3c9b92a31396efb2,https://hn.linkedin.com/jobs/view/senior-backend-engineer-tech-lead-3-4-month-long-remote-latin-america-at-fullstack-4441200977,Senior Backend Engineer Tech Lead (3-4 month long) - Remote - Latin America,FullStack,posted,2026-08-08T00:19:08.589600,1067
a299be0705aadae9,https://hn.linkedin.com/jobs/view/oficial-jr-servicio-al-cliente-13394-49298-at-grupo-ficohsa-hn-4448956182,OFICIAL JR SERVICIO AL CLIENTE (13394) - 49298,Grupo Ficohsa HN,posted,2026-08-08T00:19:19.103017,1926
e88f3ae62842b3a8,https://hn.linkedin.com/jobs/view/arquitecto-de-soluciones-cloud-at-grupo-ilp-4448874089,Arquitecto de Soluciones Cloud,,scraped,2026-08-08T00:19:21.693374,
2dec5cc50f14e7ad,https://hn.linkedin.com/jobs/view/ingeniero-de-implementaci%C3%B3n-cloud-at-grupo-ilp-4450231998,Ingeniero de Implementación Cloud,,scraped,2026-08-08T00:19:28.601860,
cea64cbd3795bc14,https://hn.linkedin.com/jobs/view/oficial-de-servicio-al-cliente-at-grupo-ficohsa-hn-4448576347,Oficial de Servicio al Cliente,Grupo Ficohsa HN,posted,2026-08-08T00:19:43.401623,1928
385beb62b8b4dde4,https://hn.linkedin.com/jobs/view/practicante-universitario-a-san-pedro-sula-at-cargill-4449925480,Practicante Universitario (a) / San Pedro Sula,Cargill,posted,2026-08-08T00:19:50.764735,215
b8770aafd0430a60,https://hn.linkedin.com/jobs/view/honduras-at-teamed-4451054421,Honduras,,scraped,2026-08-10T00:02:26.717377,
dd2a713fbb423afd,https://hn.linkedin.com/jobs/view/accounts-receivable-agent-at-cbx-global-4449942991,Accounts Receivable Agent,CBX Global,posted,2026-08-10T00:03:16.277428,1930
dabe9320c2316112,https://hn.linkedin.com/jobs/view/gestor-de-desarrollo-integral-at-world-vision-4447734093,GESTOR DE DESARROLLO INTEGRAL,,scraped,2026-08-10T00:03:18.673808,
3a5a01bf25d698c1,https://hn.linkedin.com/jobs/view/data-scientist-at-applaudo-4451003852,Data Scientist,,scraped,2026-08-10T00:03:25.338495,
be678f4ff4eb7ab9,https://hn.linkedin.com/jobs/view/senior-ppc-specialist-at-veta-virtual-4451015934,Senior PPC Specialist,,scraped,2026-08-10T00:03:39.801884,
9c4665ee611a8433,https://hn.linkedin.com/jobs/view/project-manager-remote-latin-america-at-bluelight-4451376010,"Project Manager - Remote, Latin America",Bluelight,posted,2026-08-10T00:03:50.335697,1862
6f75bdab03739458,https://hn.linkedin.com/jobs/view/gerente-comercial-at-zeed-4450778101,Gerente Comercial,,scraped,2026-08-10T00:03:56.966924,
0f0ca74afc6855a4,https://hn.linkedin.com/jobs/view/teachers-at-baptist-medical-and-dental-mission-international-bmdmi-4451070178,Teachers,Baptist Medical and Dental Mission International (BMDMI),posted,2026-08-10T00:04:11.782986,1932
3b2928e0dadb6210,https://hn.linkedin.com/jobs/view/gestor-de-logistica-at-m%C3%A9dicos-sin-fronteras-latinoam%C3%A9rica-4449910577,GESTOR DE LOGISTICA,,scraped,2026-08-10T00:04:30.363682,
fecb2b3259af124d,https://hn.linkedin.com/jobs/view/power-platform-developer-ai-at-deloitte-4449671249,Power Platform Developer & AI,Deloitte,posted,2026-08-10T00:04:46.866523,1934
1434b8a180ddcc35,https://hn.linkedin.com/jobs/view/especialista-crm-13176-48726-at-grupo-ficohsa-hn-4451341009,ESPECIALISTA CRM (13176)(48726),Grupo Ficohsa HN,posted,2026-08-10T00:05:04.207471,1936
442d1e35a3f8401d,https://hn.linkedin.com/jobs/view/automation-engineer-saas-startup-at-scale-up-recruiting-partners-4450947356,Automation Engineer - SaaS StartUp,Scale Up Recruiting Partners,posted,2026-08-10T00:05:39.140049,1938
d5deb445c49d8b4d,https://hn.linkedin.com/jobs/view/servicenow-developer-remote-work-at-bairesdev-4447990772,ServiceNow Developer - Remote Work,BairesDev,posted,2026-08-10T00:05:54.160722,1940
a88e01e1957c3c3d,https://hn.linkedin.com/jobs/view/logistics-representative-at-charger-logistics-inc-4450770877,Logistics Representative,,scraped,2026-08-10T00:05:56.679887,
5ba70953e8648ad7,https://hn.linkedin.com/jobs/view/tecnico-de-proyecto-at-world-vision-4450764352,TECNICO DE PROYECTO,,scraped,2026-08-10T00:06:16.989226,
88c81a99696233c1,https://hn.linkedin.com/jobs/view/product-security-engineer-remote-work-at-bairesdev-4448564004,Product Security Engineer - Remote Work,BairesDev,posted,2026-08-10T00:06:25.908555,437
90e1ad1deb60efb9,https://hn.linkedin.com/jobs/view/operarios-a-ii-indirecto-siguatepque-at-cargill-4442128266,Operarios (a) II - Indirecto / Siguatepque,Cargill,posted,2026-08-10T00:06:43.694922,1942
610352384e446fd9,https://hn.linkedin.com/jobs/view/coordinador-de-asistencia-estudiantil-%E2%80%93-zona-norte-at-unitec-4449073054,COORDINADOR DE ASISTENCIA ESTUDIANTIL – ZONA NORTE,unitec,posted,2026-08-10T00:07:06.599051,1944
f40bb6923098f0d1,https://hn.linkedin.com/jobs/view/android-developer-at-applaudo-4448614284,Android Developer,,scraped,2026-08-10T00:07:29.234352,
3cbc2239d9442cd0,https://hn.linkedin.com/jobs/view/full-stack-developer-java-%2B-typescript-%2B-react-native-remote-latin-america-at-fullstack-4448617942,Full Stack Developer (Java + TypeScript + React Native) - Remote - Latin America,FullStack,posted,2026-08-10T00:08:00.637271,1826
b9a9ac907dda9725,https://hn.linkedin.com/jobs/view/ejecutivo-de-estrategia-continuidad-del-negocio-at-banco-atl%C3%A1ntida-4450624497,Ejecutivo de Estrategia Continuidad del Negocio,,scraped,2026-08-10T00:08:03.217125,
3d73cf37dadc33ab,https://hn.linkedin.com/jobs/view/solutions-specialist-legal-sales-specialist-latin-america-only-at-sussman-law-firm-pllc-4451062134,Solutions Specialist (Legal Sales Specialist) - Latin America Only,"Sussman Law Firm, PLLC",posted,2026-08-10T00:08:17.977975,1946
b659de3e09230234,https://hn.linkedin.com/jobs/view/analista-de-cr%C3%A9dito-corporativo-at-confidential-careers-4450779755,Analista de Crédito Corporativo,,scraped,2026-08-10T00:08:30.671441,
0ff63385b24e0554,https://hn.linkedin.com/jobs/view/talent-network-social-media-brand-strategist-at-toptal-4441915461,Talent Network Social Media Brand Strategist,Toptal,posted,2026-08-10T00:08:43.706361,1948
4a076761bd9df7aa,https://hn.linkedin.com/jobs/view/software-engineer-elixir-phoenix-remote-latin-america-at-bluelight-4451368504,Software Engineer - Elixir/Phoenix - Remote - Latin America,Bluelight,posted,2026-08-10T00:08:50.806791,1722
63319d60c956ef93,https://hn.linkedin.com/jobs/view/ingeniero-en-gestion-de-servicios-at-millicom-tigo-4451004659,INGENIERO EN GESTION DE SERVICIOS,,scraped,2026-08-10T00:08:53.369930,
f8d3544fdbb07ac6,https://hn.linkedin.com/jobs/view/virtual-executive-assistant-remote-at-viva-talent-4451353529,Virtual Executive Assistant (Remote),Viva Talent,posted,2026-08-10T00:09:02.550394,385
c9e9fd9e4c1b15b3,https://hn.linkedin.com/jobs/view/jr-electrical-cad-designer-%E2%80%93-tool-install-projects-pst-oregon-time-at-eng-4449018159,Jr. Electrical CAD Designer – Tool Install Projects (PST / Oregon Time),ENG,posted,2026-08-10T00:09:17.635971,1950
cbfaca23c30452a3,https://hn.linkedin.com/jobs/view/gerente-de-taller-ventas-at-allas-repuestos-4448667821,GERENTE DE TALLER- VENTAS,,scraped,2026-08-10T00:09:20.211181,
a7b7985dea6a3fed,https://hn.linkedin.com/jobs/view/executive-assistant-social-media-coordinator-remote-philippines-%E2%80%94-us-ct-hours-at-thankz-talent-solutions-4449506018,"Executive Assistant & Social Media Coordinator (Remote, Philippines — US CT hours)",Thankz Talent Solutions,posted,2026-08-10T00:09:31.974739,1952
91ac99a283d3fee4,https://hn.linkedin.com/jobs/view/supervisor-de-logistica-at-cervecer%C3%ADa-hondure%C3%B1a-4450287269,SUPERVISOR DE LOGISTICA,Cervecería Hondureña,posted,2026-08-10T00:09:45.479433,1954
1d530cba92eecb82,https://hn.linkedin.com/jobs/view/virtual-assistant-customer-service-honduras-remote-at-myva-support-myvas-4450060257,Virtual Assistant - Customer Service (Honduras - Remote),MyVA Support (MyVAS),posted,2026-08-10T00:09:55.322005,1956
2667a58b18b7fffc,https://hn.linkedin.com/jobs/view/coordinador-de-almac%C3%A9n-at-empresa-confidencial-4450764953,Coordinador de almacén,Empresa Confidencial,posted,2026-08-10T00:10:07.736469,1958
8e97095a36d28cd5,https://hn.linkedin.com/jobs/view/jefe-de-canales-y-servicios-at-humana-logistics-4449903677,Jefe de Canales y servicios,,scraped,2026-08-10T00:10:10.350856,
0d85706c6c4d4c7f,https://hn.linkedin.com/jobs/view/servicio-al-cliente-panadero-con-experiencia-4449402584,servicio al cliente/ panadero con experiencia,Hospital DIME,posted,2026-08-10T00:10:32.449179,1960
ac08eb7c9e4ef149,https://hn.linkedin.com/jobs/view/bilingual-medical-receptionist-admin-behavioral-health-at-vital-virtuals-global-hr-solutions-4450360890,Bilingual Medical Receptionist/Admin (Behavioral Health),Vital Virtuals Global HR Solutions,posted,2026-08-10T00:10:42.550603,1962
417b08de412c1573,https://hn.linkedin.com/jobs/view/analista-de-datos-asociados-at-bac-4450795234,ANALISTA DE DATOS ASOCIADOS,,scraped,2026-08-10T00:10:45.090195,
b25b5cf90ea1c425,https://hn.linkedin.com/jobs/view/jefe-de-ventas-senior-de-exportaciones-at-grupo-r-center-4451313643,JEFE DE VENTAS SENIOR DE EXPORTACIONES,Grupo R Center,posted,2026-08-10T00:11:00.118879,1964
6083ef69271ecf17,https://hn.linkedin.com/jobs/view/key-account-manager-atm-cam-at-prosegur-4448080449,Key Account Manager ATM- CAM,,scraped,2026-08-10T00:11:02.687517,
1bee30b79f95b0f9,https://hn.linkedin.com/jobs/view/senior-full-stack-developer-react-node-js-at-applaudo-4451024526,Senior Full Stack Developer (React & Node.js),,scraped,2026-08-10T00:11:11.127318,
0d9162c8dfe6f94b,https://hn.linkedin.com/jobs/view/arquitecto-auxiliar-4451094404,Arquitecto auxiliar,CONCO,posted,2026-08-10T00:11:26.177689,1966
c9853a5671003a48,https://hn.linkedin.com/jobs/view/senior-full-stack-developer-react-node-js-at-applaudo-4451025546,Senior Full Stack Developer (React & Node.js),,scraped,2026-08-10T00:11:30.710192,
22b675b3ad572f43,https://hn.linkedin.com/jobs/view/supervisor-de-aseguramiento-de-ingresos-y-costos-at-sba-communications-4447176826,Supervisor de Aseguramiento de Ingresos y Costos,SBA Communications,posted,2026-08-10T00:12:10.002289,1968
7ae9d87d4d6f7142,https://hn.linkedin.com/jobs/view/senior-software-engineer-flask-react-remote-latin-america-at-bluelight-4451357873,"Senior Software Engineer (Flask/React) - Remote, Latin America",Bluelight,posted,2026-08-10T00:12:24.596624,1970
4569ab21727e382c,https://hn.linkedin.com/jobs/view/senior-software-engineer-react-%2B-next-js-remote-latin-america-at-fullstack-4442177673,Senior Software Engineer (React + Next.js) - Remote - Latin America,FullStack,posted,2026-08-10T00:12:37.940971,1972
14e3a148595a85a4,https://hn.linkedin.com/jobs/view/senior-software-engineer-react-%2B-next-js-remote-latin-america-at-fullstack-4442183434,Senior Software Engineer (React + Next.js) - Remote - Latin America,FullStack,posted,2026-08-10T00:12:42.722990,1972
fd85b22332f7115c,https://hn.linkedin.com/jobs/view/senior-software-engineer-react-%2B-next-js-remote-latin-america-at-fullstack-4442186360,Senior Software Engineer (React + Next.js) - Remote - Latin America,FullStack,posted,2026-08-10T00:12:47.395171,1972
0b4bbc39067e8ee4,https://hn.linkedin.com/jobs/view/senior-software-engineer-flask-react-remote-latin-america-at-bluelight-4451364684,"Senior Software Engineer (Flask/React) - Remote, Latin America",Bluelight,posted,2026-08-10T00:12:52.184031,1970
01c0fbbba88fad5a,https://hn.linkedin.com/jobs/view/senior-full-stack-developer-typescript-%2B-python-at-applaudo-4451009804,Senior Full Stack Developer (Typescript + Python),,scraped,2026-08-10T00:12:56.686307,
e85f478287337689,https://hn.linkedin.com/jobs/view/senior-full-stack-developer-typescript-%2B-python-at-applaudo-4451010794,Senior Full Stack Developer (Typescript + Python),,scraped,2026-08-10T00:13:03.027293,
0cbbd48e40070b66,https://hn.linkedin.com/jobs/view/senior-azure-devops-engineer-at-applaudo-4450789982,Senior Azure DevOps Engineer,,scraped,2026-08-10T00:13:09.297356,
e89a07812b3fcd82,https://hn.linkedin.com/jobs/view/senior-azure-devops-engineer-at-applaudo-4450795852,Senior Azure DevOps Engineer,,scraped,2026-08-10T00:13:15.468111,
0c374ea56c89c32e,https://hn.linkedin.com/jobs/view/senior-azure-devops-engineer-at-applaudo-4450789972,Senior Azure DevOps Engineer,,scraped,2026-08-10T00:13:21.759120,
d610e26b669299c9,https://hn.linkedin.com/jobs/view/driver-at-a-p-moller-maersk-4452034830,Driver,,scraped,2026-08-12T00:11:00.640148,
72e6f27d33376f23,https://hn.linkedin.com/jobs/view/lead-generation-cold-calling-specialist-us-canada-market-at-powerhandling-4451554244,Lead Generation Cold Calling Specialist - US/CANADA Market,POWERHANDLING,posted,2026-08-12T00:11:17.626850,1974
8c5d7e9764bf2a55,https://hn.linkedin.com/jobs/view/contract-support-specialist-at-peak-altitude-4448431002,Contract Support Specialist,Peak Altitude,posted,2026-08-12T00:11:27.631285,1976
65beb0d4cec0e7c6,https://hn.linkedin.com/jobs/view/entregador-a-de-productos-la-ceiba-at-cargill-4449211298,Entregador (a) de Productos / La Ceiba,Cargill,posted,2026-08-12T00:11:39.190372,1978
36235761d7341d8f,https://hn.linkedin.com/jobs/view/tu-plataforma-de-recambios-de-moto-b2c-y-b2b-at-visual-parts-service-4447333398,Tu plataforma de recambios de moto B2C y B2B,,scraped,2026-08-12T00:11:47.907136,
b77dbddfef479db9,https://hn.linkedin.com/jobs/view/corporate-travel-analyst-remote-work-at-bairesdev-4451680905,Corporate Travel Analyst - Remote Work,BairesDev,posted,2026-08-12T00:12:03.038351,1980
4ece676480a83d07,https://hn.linkedin.com/jobs/view/visual-merchandising-sps-at-tiendas-carrion-4451438615,Visual Merchandising SPS,,scraped,2026-08-12T00:12:07.642052,
dc8804caac9957c5,https://hn.linkedin.com/jobs/view/high-school-college-counselor-at-american-school-of-tegucigalpa-4452633941,High School College Counselor,American School of Tegucigalpa,posted,2026-08-12T00:12:26.207786,1982
34e3cc86f9ba0538,https://hn.linkedin.com/jobs/view/field-service-technician-at-diebold-nixdorf-4449857827,Field Service Technician,Diebold Nixdorf,posted,2026-08-12T00:12:39.435389,1984
fbf60c2f44364967,https://hn.linkedin.com/jobs/view/email-marketing-coordinator-at-edutechloft-4452486346,Email Marketing Coordinator,EDUTECHLoft,posted,2026-08-12T00:12:48.521680,1986
aa0af93123e9aaf9,https://hn.linkedin.com/jobs/view/inside-sales-representative-%E2%80%93-vehicle-transportation-at-car-freight-shipping-inc-4451416136,Inside Sales Representative – Vehicle Transportation,Car Freight Shipping Inc,posted,2026-08-12T00:12:58.394589,1988
3917ebbd8b0d2933,https://hn.linkedin.com/jobs/view/profesor-de-ingl%C3%A9s-at-blessed-generation-academy-4452187451,Profesor de inglés,Blessed Generation Academy,posted,2026-08-12T00:13:09.146561,1990
255ced6c1562f64f,https://hn.linkedin.com/jobs/view/automotive-technical-support-specialist-at-customer-first-4451613903,Automotive Technical Support Specialist,Customer First,posted,2026-08-12T00:13:18.270875,1992
b9191a25ca1dc3c1,https://hn.linkedin.com/jobs/view/talent-coach-at-toptal-4451862909,Talent Coach,Toptal,posted,2026-08-12T00:13:28.566953,1994
36b2d28474a7cb3c,https://hn.linkedin.com/jobs/view/product-owner-jr-at-grupo-sega-4451461254,Product Owner Jr.,,scraped,2026-08-12T00:13:31.239263,
8b055269d885f097,https://hn.linkedin.com/jobs/view/wordpress-developer-remote-latin-america-at-fullstack-4450658366,WordPress Developer - Remote - Latin America,FullStack,posted,2026-08-12T00:13:42.205113,1868
fe5ae4c4534f3936,https://hn.linkedin.com/jobs/view/logistics-coordinator-at-quadrivius-honduras-4449587105,Logistics Coordinator,Quadrivius Honduras,posted,2026-08-12T00:13:50.541362,429
a55fd7e722c1220e,https://hn.linkedin.com/jobs/view/coordinador-de-segmento-prepago-at-millicom-tigo-4451844137,COORDINADOR DE SEGMENTO PREPAGO,,scraped,2026-08-12T00:14:01.217017,
ff8c6b927258cf70,https://hn.linkedin.com/jobs/view/ingeniero-devops-at-banco-cuscatlan-honduras-4452491926,INGENIERO DEVOPS,,scraped,2026-08-12T00:14:10.111236,
5ac0ea71528cd270,https://hn.linkedin.com/jobs/view/customer-service-specialist-at-grupo-levanter-honduras-4452066619,Customer Service Specialist,Grupo Levanter Honduras,posted,2026-08-12T00:14:33.540360,1996
60039480378ece1e,https://hn.linkedin.com/jobs/view/quality-coordinator-at-aptiv-4442797396,Quality Coordinator,,scraped,2026-08-12T00:14:36.158055,
c2e014a7d4672c6f,https://hn.linkedin.com/jobs/view/customer-service-agent-%E2%80%93-english-at-alorica-4451474210,Customer Service Agent – English,Alorica,posted,2026-08-12T00:14:51.403070,1998
267acd8a7bd0aead,https://hn.linkedin.com/jobs/view/coordinador-de-dise%C3%B1o-at-galeas-arquitectos-4451403651,Coordinador de Diseño,,scraped,2026-08-12T00:14:53.935032,
aab28c922e11d5aa,https://hn.linkedin.com/jobs/view/coordinador-de-gobierno-corporativo-y-control-de-procesos-at-grupo-flores-honduras-4448445486,Coordinador de gobierno corporativo y control de procesos,,scraped,2026-08-12T00:15:02.446344,
6dc4a4b418dc74c8,https://hn.linkedin.com/jobs/view/auditor-senior-san-pedro-sula-at-ac-talentos-4450308841,Auditor Senior - San Pedro Sula,AC Talentos,posted,2026-08-12T00:15:16.873194,2000
12f17c1a6a625618,https://hn.linkedin.com/jobs/view/analista-de-contabilidad-4450984831,Analista de contabilidad,Cima Resorts & Recreation S. A. DE C.V.,posted,2026-08-12T00:15:25.030862,2002
d15a8682d48cb954,https://hn.linkedin.com/jobs/view/idb-invest-development-impact-director-real-sector-operations-at-idb-invest-4448063916,IDB Invest - Development Impact Director - Real Sector Operations,BID Invest,posted,2026-08-12T00:15:34.358868,2004
a2c2f32b950b3aab,https://hn.linkedin.com/jobs/view/customer-service-advisors-honduras-2025-at-concentrix-4327717016,Customer Service Advisors Honduras 2025,Concentrix,posted,2026-08-12T00:15:44.106125,2006
f44ace4fdf2db32e,https://hn.linkedin.com/jobs/view/contador-junior-at-baker-tilly-honduras-4452497596,Contador Junior,Baker Tilly Honduras,posted,2026-08-12T00:15:53.103236,595
67e183c79b25e7b2,https://hn.linkedin.com/jobs/view/cajeras-tegucigalpa-at-el-palacio-de-los-ni%C3%B1os-4450528416,CAJERAS- TEGUCIGALPA,El Palacio de los Niños,posted,2026-08-12T00:16:03.043478,2008
09d100ee77d5b21e,https://hn.linkedin.com/jobs/view/coordinador-a-administrativo-at-ginih-4449804756,Coordinador/a Administrativo,,scraped,2026-08-12T00:16:07.731872,
59df2215283e9583,https://hn.linkedin.com/jobs/view/asistente-ejecutiva-at-gildan-4452051209,Asistente Ejecutiva,,scraped,2026-08-12T00:16:16.450374,
ce7fc6603ad1a4c7,https://hn.linkedin.com/jobs/view/gerente-divisional-de-ventas-al-detalle-tegucigalpa-at-pepsico-4453021276,Gerente divisional de ventas al detalle (Tegucigalpa),PepsiCo,posted,2026-08-12T00:17:34.975381,2010
1f753324623d3f4c,https://hn.linkedin.com/jobs/view/primer-oficial-at-bay-island-petroleum-s-a-4449694957,Primer oficial,,scraped,2026-08-12T00:17:37.386680,
d1e45af6889b8895,https://hn.linkedin.com/jobs/view/accounting-assistant-at-peak-altitude-4448781981,Accounting Assistant,Peak Altitude,posted,2026-08-12T00:17:51.079014,2012
4d964c2898958b05,https://hn.linkedin.com/jobs/view/project-manager-senior-remote-work-at-bairesdev-4451428469,Project Manager Senior - Remote Work,BairesDev,posted,2026-08-12T00:17:56.052377,1822
04673a9545db70c9,https://hn.linkedin.com/jobs/view/devops-i%2Bd-trabajo-remoto-at-bairesdev-4451193685,DevOps / I+D - Trabajo Remoto,BairesDev,posted,2026-08-12T00:18:05.333384,2014
188b86705c36fff3,https://hn.linkedin.com/jobs/view/semi-senior-project-manager-remote-work-at-bairesdev-4451418779,Semi Senior Project Manager - Remote Work,BairesDev,posted,2026-08-12T00:18:13.270729,2016
fca1895df84a1ee5,https://hn.linkedin.com/jobs/view/servicenow-developer-remote-work-at-bairesdev-4451197008,ServiceNow Developer - Remote Work,BairesDev,posted,2026-08-12T00:18:18.102530,1940
0d5a3942cdf03dee,https://hn.linkedin.com/jobs/view/software-engineer-angular-%2B-seo-marketing-remote-latin-america-at-fullstack-4451933886,Software Engineer (Angular + SEO/Marketing) - Remote - Latin America,FullStack,posted,2026-08-12T00:18:27.722761,2018
4e75a0bc55ba44e0,https://hn.linkedin.com/jobs/view/software-engineer-angular-%2B-seo-marketing-remote-latin-america-at-fullstack-4451949673,Software Engineer (Angular + SEO/Marketing) - Remote - Latin America,FullStack,posted,2026-08-12T00:18:32.534258,2018
cc5ac289a0f2695e,https://hn.linkedin.com/jobs/view/software-engineer-angular-%2B-seo-marketing-remote-latin-america-at-fullstack-4451949664,Software Engineer (Angular + SEO/Marketing) - Remote - Latin America,FullStack,posted,2026-08-12T00:18:37.300818,2018
e693ce759e300b77,https://hn.linkedin.com/jobs/view/virtual-executive-assistant-remote-at-viva-talent-4452486308,Virtual Executive Assistant (Remote),Viva Talent,posted,2026-08-12T00:18:44.080748,385
0c7523cd9378bc90,https://hn.linkedin.com/jobs/view/asesores-comerciales-de-publicidad-exterior-e-interior-at-wow-media-4452066586,Asesores Comerciales de Publicidad Exterior e Interior,,scraped,2026-08-12T00:18:46.618365,
ec68abb4258bde1e,https://hn.linkedin.com/jobs/view/ing-ambiental-at-grupo-celaque-4451924054,Ing. Ambiental,,scraped,2026-08-12T00:18:53.123737,
2432f22c3bbb5be6,https://hn.linkedin.com/jobs/view/overnight-logistics-coordinator-at-charger-logistics-inc-4450776568,Overnight Logistics Coordinator,,scraped,2026-08-12T00:18:59.809476,
78ec862752fe70dc,https://hn.linkedin.com/jobs/view/morning-shift-dispatcher-weekends-at-charger-logistics-inc-4450773846,Morning Shift Dispatcher - Weekends,,scraped,2026-08-12T00:19:06.338933,
27effd94e2b76303,https://hn.linkedin.com/jobs/view/talent-sourcing-specialist-at-charger-logistics-inc-4450782613,Talent Sourcing Specialist,,scraped,2026-08-12T00:19:12.545104,
106268c20774ac08,https://hn.linkedin.com/jobs/view/transportation-operations-analyst-at-charger-logistics-inc-4450398057,Transportation Operations Analyst,,scraped,2026-08-12T00:19:19.102097,
98353026aff80f60,https://hn.linkedin.com/jobs/view/transportation-coordinator-at-charger-logistics-inc-4450380800,Transportation Coordinator,,scraped,2026-08-12T00:19:25.763275,
afa49134dede3583,https://hn.linkedin.com/jobs/view/especialista-de-importaciones-y-exportaciones-junior-at-cargill-4449209523,Especialista de importaciones y exportaciones Junior,Cargill,posted,2026-08-12T00:19:34.291614,1876
619445d1221b4505,https://hn.linkedin.com/jobs/view/junior-instructional-designer-at-edutechloft-4450682088,Junior Instructional Designer,EDUTECHLoft,posted,2026-08-12T00:19:48.288850,2020
9208fbdabab8342e,https://hn.linkedin.com/jobs/view/wordpress-developer-remote-latin-america-at-fullstack-4450638888,WordPress Developer - Remote - Latin America,FullStack,posted,2026-08-12T00:19:53.076171,1868
a6e9e79f185fb010,https://hn.linkedin.com/jobs/view/customer-service-representative-at-charger-logistics-inc-4450757665,Customer Service Representative,,scraped,2026-08-12T00:19:55.593189,
4f89be50484e367e,https://hn.linkedin.com/jobs/view/gestor-de-desarrollo-integral-at-world-vision-4450032072,GESTOR DE DESARROLLO INTEGRAL,,scraped,2026-08-12T00:20:01.789735,
c6a33cf5cdcb4733,https://hn.linkedin.com/jobs/view/wordpress-developer-remote-latin-america-at-fullstack-4450652538,WordPress Developer - Remote - Latin America,FullStack,posted,2026-08-12T00:20:11.473182,1868
63519a8d878b1c8a,https://hn.linkedin.com/jobs/view/operario-de-produccion-1-at-corporaci%C3%B3n-multi-inversiones-4449830127,Operario de produccion 1,Corporación Multi Inversiones,posted,2026-08-12T00:20:19.865244,1548
52509287eb1586d2,https://hn.linkedin.com/jobs/view/wordpress-developer-remote-latin-america-at-fullstack-4450649686,WordPress Developer - Remote - Latin America,FullStack,posted,2026-08-12T00:20:24.749450,1868
4305e7f8d34139ba,https://hn.linkedin.com/jobs/view/devops-engineer-azure-%2B-on-premise-remote-latin-america-at-fullstack-4441619145,DevOps Engineer (Azure + On-Premise) - Remote - Latin America,FullStack,posted,2026-08-12T00:20:31.877285,1171
6e75d4a29bb66935,https://hn.linkedin.com/jobs/view/legal-assistant-at-veta-virtual-4449191956,Legal Assistant,,scraped,2026-08-12T00:20:36.465000,
3b984b1143d2808c,https://hn.linkedin.com/jobs/view/especialista-de-recuperacion-de-creditos-especiales-corporativo-y-empresarial-at-grupo-ficohsa-hn-4442767716,ESPECIALISTA DE RECUPERACION DE CREDITOS ESPECIALES CORPORATIVO Y EMPRESARIAL,Grupo Ficohsa HN,posted,2026-08-12T00:21:04.140253,2022
959ca313ecd381f4,https://hn.linkedin.com/jobs/view/especialista-de-planeacion-y-control-10353-49277-at-grupo-ficohsa-hn-4451974529,ESPECIALISTA DE PLANEACION Y CONTROL (10353) - 49277,Grupo Ficohsa HN,posted,2026-08-12T00:21:14.417966,2024
dd79e10e532bcd52,https://hn.linkedin.com/jobs/view/encargado-de-cuenta-at-dhl-global-forwarding-4450261815,Encargado de Cuenta,DHL Global Forwarding,posted,2026-08-12T00:22:01.748677,2026
fb61c4abe2ae2068,https://hn.linkedin.com/jobs/view/asistente-de-soporte-tecnico-at-grupo-r-center-4451478817,ASISTENTE DE SOPORTE TECNICO,Grupo R Center,posted,2026-08-12T00:22:10.908580,2028
454d09ca66145848,https://hn.linkedin.com/jobs/view/coordinador-de-operaciones-y-servicios-at-empresa-confidencial-4450765941,Coordinador de Operaciones y Servicios,Empresa Confidencial,posted,2026-08-12T00:22:15.949205,143
e5292652cffaea75,https://hn.linkedin.com/jobs/view/rep-iii-at-transunion-4451935561,Rep III,TransUnion,posted,2026-08-12T00:22:25.560081,2030
7f7098c083990e7a,https://hn.linkedin.com/jobs/view/talent-network-marketing-specialist-at-toptal-4404550228,Talent Network: Marketing Specialist,Toptal,posted,2026-08-12T00:22:33.849263,2032
619ef6f54c3957ea,https://hn.linkedin.com/jobs/view/virtual-assistant-to-ceo-remote-at-viva-talent-4452483241,Virtual Assistant to CEO (Remote),Viva Talent,posted,2026-08-12T00:22:49.027478,2034
24461070aa839724,https://hn.linkedin.com/jobs/view/gerencia-de-implementaci%C3%B3n-program%C3%A1tica-at-reliefweb-4451589428,Gerencia de Implementación Programática,ReliefWeb,posted,2026-08-12T00:23:04.919383,2036
336c0c28c50e75e7,https://hn.linkedin.com/jobs/view/contador-junior-at-baker-tilly-honduras-4451923427,Contador Junior,Baker Tilly Honduras,posted,2026-08-12T00:23:18.160407,595
6b9347574c897e52,https://hn.linkedin.com/jobs/view/customer-support-specialist-at-veta-virtual-4451022765,Customer Support Specialist,,scraped,2026-08-12T00:23:23.169796,
c3af3e6afbaffd79,https://hn.linkedin.com/jobs/view/ejecutivo-de-cuenta-sps-at-asegurame-4452605117,Ejecutivo de Cuenta - SPS,,scraped,2026-08-12T00:23:31.506289,
9bda8486f4c01863,https://hn.linkedin.com/jobs/view/asistente-operativo-honduras-at-conf%C3%ADa-corredores-de-seguros-4452610052,Asistente Operativo - Honduras,,scraped,2026-08-12T00:23:37.898374,
5e43c744be3df92e,https://hn.linkedin.com/jobs/view/asesor-de-ventas-at-ecopower-efici%C3%AAncia-energ%C3%A9tica-4451600632,Asesor de Ventas,EcoPower - Eficiência Energética,posted,2026-08-12T00:23:53.230843,1221
5aaa902d040d95d8,https://hn.linkedin.com/jobs/view/administrative-marketing-operations-coordinator-at-learning-genie-latam-4452676984,Administrative & Marketing Operations Coordinator,Learning Genie Latam,posted,2026-08-12T00:24:02.676227,2038
aa333a635cccb622,https://hn.linkedin.com/jobs/view/senior-flask%2Breact-fullstack-developer-remote-latin-america-at-bluelight-4451840656,"Senior Flask+React Fullstack Developer - Remote, Latin America",Bluelight,posted,2026-08-12T00:24:12.395693,2040
17ae76d2b589e531,https://hn.linkedin.com/jobs/view/ejecutivo-de-cuenta-tgu-at-asegurame-4451006730,Ejecutivo de Cuenta - TGU,,scraped,2026-08-12T00:24:15.023973,
544b3fa287ffded5,https://hn.linkedin.com/jobs/view/freelance-legal-recruiter-at-hirehawk-4451597536,Freelance Legal Recruiter,HireHawk,posted,2026-08-12T00:24:30.325214,2042
260f0c89bcaba46b,https://hn.linkedin.com/jobs/view/contador-general-at-manpowergroup-4452634373,Contador general,ManpowerGroup,posted,2026-08-12T00:24:40.069189,2044
56e546a74c727e20,https://hn.linkedin.com/jobs/view/consultor-a-de-experiencia-visual-y-ventas-at-%C3%B3ptica-optimedic-honduras-4434782721,CONSULTOR(A) DE EXPERIENCIA VISUAL Y VENTAS,ÓPTICA OPTIMEDIC HONDURAS,posted,2026-08-12T00:24:57.971941,2046
c5c25faf5853d4fe,https://hn.linkedin.com/jobs/view/ejecutivo-comercial-venta-de-seguros-de-vida-at-manpowergroup-caribe-y-centroam%C3%A9rica-4450916279,Ejecutivo Comercial venta de seguros de  vida,,scraped,2026-08-12T00:25:02.627046,
86fc9ed277a4e833,https://hn.linkedin.com/jobs/view/senior-bpm-developer-auraquantic-expert-at-devsu-4448062602,Senior BPM Developer (AuraQuantic Expert),Devsu,posted,2026-08-12T00:25:16.615524,2048
d0e482b9c5e27d5c,https://hn.linkedin.com/jobs/view/analista-de-desarrollador-de-sistemas-jr-apk-at-laboratorios-andifar-4451931410,Analista de desarrollador de Sistemas Jr APK,Laboratorios Andifar,posted,2026-08-12T00:26:05.218628,2050
f06cc9252b8911e3,https://hn.linkedin.com/jobs/view/consultor-de-preventa-senior-%E2%80%93-ciberseguridad-at-sisap-4451684919,Consultor de Preventa Senior – Ciberseguridad,SISAP,posted,2026-08-12T00:26:11.882886,1049
88d4f2b255baf19b,https://hn.linkedin.com/jobs/view/ingeniero-de-servicios-at-multic%C3%B3mputos-4449799982,Ingeniero de Servicios,Multicómputos,posted,2026-08-12T00:26:25.039475,2052
786f8c129e94af34,https://hn.linkedin.com/jobs/view/hr-technical-assistant-nca-m-honduras-tegucigalpa-at-norwegian-refugee-council-4449921149,HR Technical Assistant NCA&M Honduras Tegucigalpa,,scraped,2026-08-12T00:26:27.771339,
3f3722f6e62f257a,https://hn.linkedin.com/jobs/view/practicante-de-comunnity-manager-at-chepe-show-4452637229,Practicante de Comunnity Manager,Chepe Show,posted,2026-08-12T00:26:44.286128,2054
fe9f66e583cfd67b,https://hn.linkedin.com/jobs/view/practicante-pasante-de-mercadeo-at-dicosa-s-a-4450674068,Practicante / Pasante de Mercadeo,DICOSA S.A.,posted,2026-08-12T00:26:59.095258,2056
b5d0bcbdfb8c6b3c,https://hn.linkedin.com/jobs/view/senior-ai-engineer-google-adk-%2B-python-remote-latin-america-at-fullstack-4451946741,Senior AI Engineer (Google ADK + Python) - Remote - Latin America,FullStack,posted,2026-08-12T00:27:17.489772,2058
deb6f8a146e07d78,https://hn.linkedin.com/jobs/view/senior-ai-engineer-google-adk-%2B-python-remote-latin-america-at-fullstack-4451945693,Senior AI Engineer (Google ADK + Python) - Remote - Latin America,FullStack,posted,2026-08-12T00:27:22.398306,2058
c88c5aef389e6a29,https://hn.linkedin.com/jobs/view/senior-flask%2Breact-fullstack-developer-remote-latin-america-at-bluelight-4451845504,"Senior Flask+React Fullstack Developer - Remote, Latin America",Bluelight,posted,2026-08-12T00:27:32.293890,2060
eb44d792ddbfacf8,https://hn.linkedin.com/jobs/view/senior-ai-engineer-google-adk-%2B-python-remote-latin-america-at-fullstack-4451950638,Senior AI Engineer (Google ADK + Python) - Remote - Latin America,FullStack,posted,2026-08-12T00:27:37.324203,2058
1ece1d3bce860987,https://hn.linkedin.com/jobs/view/senior-ai-engineer-google-adk-%2B-python-remote-latin-america-at-fullstack-4451939756,Senior AI Engineer (Google ADK + Python) - Remote - Latin America,FullStack,posted,2026-08-12T00:27:44.417221,2058
3ca9e345cc879380,https://hn.linkedin.com/jobs/view/senior-software-qa-engineer-at-ginih-4451181872,Senior Software QA Engineer,,scraped,2026-08-12T00:27:46.980516,
0199bba220416c7f,https://hn.linkedin.com/jobs/view/senior-software-engineer-flask-react-remote-latin-america-at-bluelight-4451375110,"Senior Software Engineer (Flask/React) - Remote, Latin America",Bluelight,posted,2026-08-12T00:27:57.807816,1970
a6765e76d951dfae,https://hn.linkedin.com/jobs/view/practicante-universitario-villanueva-cortes-at-cargill-4449927478,Practicante Universitario / Villanueva Cortes,Cargill,posted,2026-08-12T00:28:02.521215,863
764c99253d5fb58a,https://hn.linkedin.com/jobs/view/practicante-universitario-a-villanueva-cortes-at-cargill-4449926457,Practicante Universitario (a) / Villanueva Cortes,Cargill,posted,2026-08-12T00:28:07.526390,111
f74bfc95917b9ede,https://hn.linkedin.com/jobs/view/practicante-universitario-a-villanueva-cortes-at-cargill-4452490580,Practicante Universitario (a) - Villanueva Cortes,Cargill,posted,2026-08-12T00:28:16.590691,111
29cc209ff864147c,https://hn.linkedin.com/jobs/view/database-administrator-at-food-for-the-poor-4450822829,Database Administrator,Food For The Poor,posted,2026-08-14T00:11:32.111947,1323
ad70217b9d4ba780,https://hn.linkedin.com/jobs/view/payroll-specialist-at-avanza-nearshoring-solutions-4454060800,Payroll Specialist,Avanza - BPO and Staffing Solutions,posted,2026-08-14T00:11:41.267995,2062
6aaaaa2e0543f6c6,https://hn.linkedin.com/jobs/view/entregador-a-de-productos-la-ceiba-at-cargill-4450737117,Entregador (a) de productos - La Ceiba,Cargill,posted,2026-08-14T00:11:52.369487,1978
9583453847a5317d,https://hn.linkedin.com/jobs/view/it-recruiter-remote-work-at-bairesdev-4452387611,IT Recruiter - Remote Work,BairesDev,posted,2026-08-14T00:12:02.413198,2064
e4482dc23df65f75,https://hn.linkedin.com/jobs/view/training-facilitator-at-intouchcx-4453236884,Training Facilitator,,scraped,2026-08-14T00:12:05.185487,
86c7a760875f1396,https://hn.linkedin.com/jobs/view/senior-sourcing-specialist-at-intouchcx-4452764029,Senior Sourcing Specialist,,scraped,2026-08-14T00:12:13.934342,
5839e496dc66720d,https://hn.linkedin.com/jobs/view/trabajar-sin-ca%C3%ADdas-%E2%80%93-equipos-de-protecci%C3%B3n-individual-contra-ca%C3%ADdas-de-altura-at-confederaci%C3%B3n-de-empresarios-de-la-coru%C3%B1a-4450054331,Trabajar sin caídas – Equipos de protección individual contra caídas de altura,Confederación de Empresarios de La Coruña,posted,2026-08-14T00:12:32.919954,2066
86f6a085a56068f5,https://hn.linkedin.com/jobs/view/paid-media-manager-at-veta-virtual-4451015934,Paid Media Manager,,scraped,2026-08-14T00:12:37.615801,
57bbb781a81cb798,https://hn.linkedin.com/jobs/view/corporate-travel-and-mobility-agent-remote-at-indi-staffing-services-4453164406,Corporate Travel and Mobility Agent - Remote,INDI Staffing Services,posted,2026-08-14T00:12:46.220209,1341
cf1fed633f15463a,https://hn.linkedin.com/jobs/view/recruiter-at-viva-talent-4454077061,Recruiter,Viva Talent,posted,2026-08-14T00:12:51.230078,745
c473f11cba82577b,https://hn.linkedin.com/jobs/view/automation-specialist-at-scale-up-recruiting-partners-4450940529,Automation Specialist,Scale Up Recruiting Partners,posted,2026-08-14T00:13:04.227836,2068
74b88964127960ce,https://hn.linkedin.com/jobs/view/senior-at-ey-4450826365,Senior,EY,posted,2026-08-14T00:13:15.776804,2070
c5375ec132e19757,https://hn.linkedin.com/jobs/view/accounts-payable-specialist-at-impact-bpo-4452770606,Accounts Payable Specialist,,scraped,2026-08-14T00:13:22.426741,
b7939fba27c630f5,https://hn.linkedin.com/jobs/view/research-design-assistant-full-english-at-ecopower-efici%C3%AAncia-energ%C3%A9tica-4452324124,Research Design Assistant - full english,EcoPower - Eficiência Energética,posted,2026-08-14T00:13:44.327279,2072
3e70468e2964c5c3,https://hn.linkedin.com/jobs/view/business-development-representative-bdr-at-movitext-4452717691,BUSINESS DEVELOPMENT REPRESENTATIVE (BDR),Movitext,posted,2026-08-14T00:14:24.093476,2074
fe7b59a20653d796,https://hn.linkedin.com/jobs/view/marketing-lead-generation-specialist-at-teamswell-4453193874,Marketing & Lead Generation Specialist,Teamswell,posted,2026-08-14T00:14:32.576083,2076
4cc73b02b03a09bd,https://hn.linkedin.com/jobs/view/edecan-2767-49432-at-grupo-ficohsa-hn-4453393719,EDECAN (2767) - 49432,Grupo Ficohsa HN,posted,2026-08-14T00:14:44.138507,2078
7fd930bdd3b5cb02,https://hn.linkedin.com/jobs/view/project-operations-specialist-at-toptal-4453352672,Project Operations Specialist,Toptal,posted,2026-08-14T00:14:52.867243,2080
9ac2dd75140f9814,https://hn.linkedin.com/jobs/view/bilingual-bankruptcy-case-manager-document-collector-at-horizon-premier-staffing-4454093559,Bilingual Bankruptcy Case Manager / Document Collector,,scraped,2026-08-14T00:15:03.420823,
0fac8483a428a349,https://hn.linkedin.com/jobs/view/high-school-english-teacher-4450156137,High School English Teacher,Escuela Bilingue Honduras,posted,2026-08-14T00:15:15.706352,2082
28aa23574ebb3412,https://hn.linkedin.com/jobs/view/gerente-compras-at-gildan-4454320274,Gerente - Compras,,scraped,2026-08-14T00:15:18.496360,
86e67d78a431e9df,https://hn.linkedin.com/jobs/view/accounting-manager-at-veta-virtual-4452185111,Accounting Manager,,scraped,2026-08-14T00:15:26.906925,
b52e19402b719f40,https://hn.linkedin.com/jobs/view/operador-de-producci%C3%B3n-3-at-corporaci%C3%B3n-multi-inversiones-4450841480,Operador de Producción 3,,scraped,2026-08-14T00:15:33.192345,
064dc09d1e100f16,https://hn.linkedin.com/jobs/view/oficial-de-mercadeo-at-dinant-4453186120,Oficial de Mercadeo,Dinant,posted,2026-08-14T00:16:14.482430,2084
257be9995735b51f,https://hn.linkedin.com/jobs/view/consultant-honduras-partnerships-at-partners-worldwide-4453364327,Consultant: Honduras Partnerships,Partners Worldwide,posted,2026-08-14T00:16:23.527604,2086
df60965d33fdde2e,https://hn.linkedin.com/jobs/view/oficial-de-cumplimiento-at-prosegur-4450172350,Oficial de Cumplimiento,,scraped,2026-08-14T00:16:26.194668,
10e3e3d17100475d,https://hn.linkedin.com/jobs/view/bedrijfsautotechnicus-at-volvo-trucks-4416919161,Bedrijfsautotechnicus,,scraped,2026-08-14T00:16:33.335999,
9c29208d3173a198,https://hn.linkedin.com/jobs/view/process-engineer-at-avery-dennison-4454082836,Process Engineer,Avery Dennison,posted,2026-08-14T00:16:47.148448,2088
a60950fec4cdfbd2,https://hn.linkedin.com/jobs/view/especialista-de-servicio-senior-at-ecolab-4452683509,Especialista de Servicio Senior,Ecolab,posted,2026-08-14T00:16:58.278366,2090
da2ee579c1597bb4,https://hn.linkedin.com/jobs/view/customer-service-representative-at-relay-human-cloud-4454016997,Customer Service Representative,Relay Human Cloud,posted,2026-08-14T00:17:07.965034,519
a2e882971f1c0189,https://hn.linkedin.com/jobs/view/business-support-assistant-g5-partnerships-at-world-food-programme-4453008248,Business Support Assistant G5 (Partnerships),,scraped,2026-08-14T00:17:10.648065,
e49337e511d24f8e,https://hn.linkedin.com/jobs/view/retention-and-customer-experience-lead-at-elvtr-4453134740,Retention and Customer Experience Lead,ELVTR,posted,2026-08-14T00:17:25.619997,2092
c1ed7de8221ca4f3,https://hn.linkedin.com/jobs/view/jefe-de-opex-capex-at-millicom-tigo-4453340623,JEFE DE OPEX & CAPEX,,scraped,2026-08-14T00:17:28.331525,
5e58309beeac8725,https://hn.linkedin.com/jobs/view/sr-manager-it-infrastructure-at-gildan-4433516559,"Sr. Manager, IT Infrastructure",,scraped,2026-08-14T00:17:37.069346,
f0499c92fdd78c93,https://hn.linkedin.com/jobs/view/auxiliar-de-bodega-san-pedro-sula-at-grupo-monge-4454330737,Auxiliar de Bodega San Pedro Sula,Grupo Monge.,posted,2026-08-14T00:17:51.256709,2094
68ed065b2a71d652,https://hn.linkedin.com/jobs/view/sales-specialist-at-orange-insurance-broker-4452781013,Sales Specialist,Orange Insurance Broker,posted,2026-08-14T00:17:56.303922,967
498159d5b6d8b655,https://hn.linkedin.com/jobs/view/jefe-de-farmacia-at-grupo-simka-4450030289,Jefe de Farmacia,,scraped,2026-08-14T00:17:58.985248,
17c5b12ba189a0c0,https://hn.linkedin.com/jobs/view/operations-supervisor-at-altiam-cx-4450195815,Operations Supervisor,Altiam CX,posted,2026-08-14T00:18:08.697247,1245
9f5ad5c8e8f70fd2,https://hn.linkedin.com/jobs/view/client-operations-specialist-remote-at-edge-virtual-assistants-4453227231,Client Operations Specialist (Remote),Edge Virtual Assistants,posted,2026-08-14T00:18:17.673572,2096
dc142daccd1d2ef0,https://hn.linkedin.com/jobs/view/broadcast-newsroom-production-technologist-remote-latam-at-supportlabs-4453382537,Broadcast/Newsroom Production Technologist - Remote LATAM,SupportLabs,posted,2026-08-14T00:18:24.655642,1646
a4ce281c87ed5c79,https://hn.linkedin.com/jobs/view/recruiting-analyst-remote-work-at-bairesdev-4451938335,Recruiting Analyst - Remote Work,BairesDev,posted,2026-08-14T00:18:43.141285,2098
979ee890eb9661ad,https://hn.linkedin.com/jobs/view/crm-manager-remote-work-at-bairesdev-4452385708,CRM Manager - Remote Work,BairesDev,posted,2026-08-14T00:18:48.092828,1039
aa6ec3cfd9b0dee8,https://hn.linkedin.com/jobs/view/recruiting-manager-remote-work-at-bairesdev-4452984966,Recruiting Manager - Remote Work,BairesDev,posted,2026-08-14T00:18:53.023240,697
3ef31e7c62c70ed9,https://hn.linkedin.com/jobs/view/operation-specialist-at-avanza-nearshoring-solutions-4452472244,Operation Specialist,Avanza - BPO and Staffing Solutions,posted,2026-08-14T00:19:01.497254,2100
6de378ef5bb3a724,https://hn.linkedin.com/jobs/view/quality-assurance-analyst-at-intouchcx-4453238789,Quality Assurance Analyst,,scraped,2026-08-14T00:19:04.162406,
f8318bd4bc5ba62e,https://hn.linkedin.com/jobs/view/process-improvement-analyst-at-charger-logistics-inc-4450787046,Process Improvement Analyst,,scraped,2026-08-14T00:19:11.022727,
055faa67c0cc2e9f,https://hn.linkedin.com/jobs/view/quality-analyst-night-shift-at-charger-logistics-inc-4450781504,Quality Analyst - Night Shift,,scraped,2026-08-14T00:19:17.497656,
20cb25676d044d7a,https://hn.linkedin.com/jobs/view/subject-matter-expert-csr2-at-intouchcx-4453254768,Subject Matter Expert (CSR2),,scraped,2026-08-14T00:19:23.846150,
a72887a161625e9d,https://hn.linkedin.com/jobs/view/marketing-specialist-remote-work-at-bairesdev-4452731418,Marketing Specialist - Remote Work,BairesDev,posted,2026-08-14T00:19:36.240702,2102
efd59368b604bfbd,https://hn.linkedin.com/jobs/view/talent-acquisition-associate-remote-work-at-bairesdev-4452704945,Talent Acquisition Associate - Remote Work,BairesDev,posted,2026-08-14T00:19:41.216426,1025
b1c5ba59a1603137,https://hn.linkedin.com/jobs/view/dispatch-support-specialist-at-charger-logistics-inc-4450772042,Dispatch Support Specialist,,scraped,2026-08-14T00:19:43.855359,
064a068e6ad47e98,https://hn.linkedin.com/jobs/view/analista-de-hiring-journey-trabajo-remoto-at-bairesdev-4451925381,Analista de Hiring Journey - Trabajo Remoto,BairesDev,posted,2026-08-14T00:19:52.873695,287
c31cd77f80ae11c9,https://hn.linkedin.com/jobs/view/agentic-aws-devops-engineer-remote-latin-america-at-fullstack-4407582797,Agentic AWS DevOps Engineer - Remote - Latin America,FullStack,posted,2026-08-14T00:19:57.822498,167
3ec867c4b0a02520,https://hn.linkedin.com/jobs/view/young-professional-%E2%80%93-data-entry-remote-work-at-bairesdev-4453211052,Young Professional – Data Entry - Remote Work,BairesDev,posted,2026-08-14T00:20:10.850619,2104
25f7d96e09a73fea,https://hn.linkedin.com/jobs/view/officer-ii-child-development-at-childfund-international-4452770089,"Officer II, Child Development",ChildFund International,posted,2026-08-14T00:20:23.566580,2106
9e7d2a349a779b63,https://hn.linkedin.com/jobs/view/staff-accountant-client-accountant-at-teamswell-4453372612,Staff Accountant Client Accountant,Teamswell,posted,2026-08-14T00:20:31.671784,2108
87cfa515beb15de9,https://hn.linkedin.com/jobs/view/especialista-en-control-interno-y-gestion-de-riesgos-tegucigalpa-at-world-vision-4450030279,ESPECIALISTA EN CONTROL INTERNO Y GESTION DE RIESGOS (TEGUCIGALPA),,scraped,2026-08-14T00:20:36.348355,
8bda3ee1123c3d70,https://hn.linkedin.com/jobs/view/ejecutivo-de-cuentas-farmer-micro-small-at-millicom-tigo-4451842191,EJECUTIVO DE CUENTAS FARMER MICRO & SMALL,,scraped,2026-08-14T00:20:42.894806,
21cf7236cca384d0,https://hn.linkedin.com/jobs/view/machine-learning-engineer-python-remote-work-at-bairesdev-4452731333,Machine Learning Engineer (Python) - Remote Work,BairesDev,posted,2026-08-14T00:20:53.559619,531
54c1ef76709b35f4,https://hn.linkedin.com/jobs/view/machine-learning-engineer-python-remote-work-at-bairesdev-4452732076,Machine Learning Engineer (Python) - Remote Work,BairesDev,scraped,2026-08-14T00:20:57.663748,
2436c0a190ebe2a0,https://hn.linkedin.com/jobs/view/country-manager-nicaragua-at-operadores-nacionales-4453213356,Country Manager Nicaragua,,scraped,2026-08-14T00:21:02.343569,
48c173f75e4ddfa1,https://hn.linkedin.com/jobs/view/gerente-regional-de-marca-at-empresa-confidencial-4452490923,Gerente Regional de Marca,Empresa Confidencial,posted,2026-08-14T00:21:19.803794,2110
e9c4c8c08fcd0035,https://hn.linkedin.com/jobs/view/gerente-division-de-de-desarrollo-inmobiliario-at-inversiones-aliadas-4453118969,Gerente Division de de Desarrollo Inmobiliario,,scraped,2026-08-14T00:21:24.566288,
f60d25e241184857,https://hn.linkedin.com/jobs/view/mechanical-technician-at-fives-intralogistics-4450587394,Mechanical Technician,,scraped,2026-08-14T00:21:36.809538,
64ab55f49ec42f8c,https://hn.linkedin.com/jobs/view/customer-service-advocate-at-resultscx-4442789683,Customer Service Advocate,ResultsCX,posted,2026-08-14T00:21:46.424442,315
2e87147c5fb9874f,https://hn.linkedin.com/jobs/view/visual-merchandising-concept-specialist-at-the-studio-4452729481,Visual Merchandising & Concept Specialist,THE/STUDIO,posted,2026-08-14T00:21:56.202641,2112
90ceefccbf6e809f,https://hn.linkedin.com/jobs/view/oficial-de-negocios-cteg-at-mapfre-4453358020,OFICIAL DE NEGOCIOS  (CTEG),,scraped,2026-08-14T00:21:58.714992,
7ad65b86fd003e5f,https://hn.linkedin.com/jobs/view/ejecutivo-de-ventas-de-membrec%C3%ADas-at-pricesmart-4449830204,Ejecutivo de ventas de membrecías,PriceSmart,posted,2026-08-14T00:22:11.846993,2114
f86bf90bfd6a3ddd,https://hn.linkedin.com/jobs/view/key-account-manager-at-arbex-4453004862,Key Account Manager,Arbex,posted,2026-08-14T00:22:21.380598,2116
5cdc0f94c75e534d,https://hn.linkedin.com/jobs/view/supervisor-a-de-rutas-de-entrega-at-cargill-4450163686,Supervisor(a) de Rutas de Entrega,Cargill,posted,2026-08-14T00:22:30.684655,2118
0501f8f835167e42,https://hn.linkedin.com/jobs/view/sales-manager-4453031661,Sales Manager,Ferreteria Santa Fe,posted,2026-08-14T00:22:34.785316,1808
f7dcb0b37cdd8234,https://hn.linkedin.com/jobs/view/auxiliar-administrativo-a-at-undp-careers-4451873513,Auxiliar Administrativo/a,UNDP Careers,posted,2026-08-14T00:22:43.973767,2120
0b6e130fce7f76da,https://hn.linkedin.com/jobs/view/periodista-at-grupo-opsa-4453381738,Periodista,GRUPO OPSA,posted,2026-08-14T00:23:30.647186,2122
8bd43d25b544f45d,https://hn.linkedin.com/jobs/view/asesor-comercial-cpg-at-cummins-latin-america-4392853567,Asesor Comercial CPG,,scraped,2026-08-14T00:23:33.427511,
4a86f8e07a64acc4,https://hn.linkedin.com/jobs/view/t%C3%A9cnico-o-m-senior-at-dicoma-corporaci%C3%B3n-4453003918,Técnico O&M Senior,,scraped,2026-08-14T00:23:42.788229,
ee5c3abc7366f6cc,https://hn.linkedin.com/jobs/view/motorista-de-equipo-pesado-at-grupo-q-4452109913,Motorista de Equipo Pesado,,scraped,2026-08-14T00:23:50.105204,
584d0bd5eec83dc0,https://hn.linkedin.com/jobs/view/asistente-administrativo-operaciones-at-walmart-centroam%C3%A9rica-4454094576,Asistente Administrativo Operaciones,,scraped,2026-08-14T00:23:57.763155,
3dbc9eadcabdd449,https://hn.linkedin.com/jobs/view/gerente-de-pa%C3%ADs-at-newport-pharmaceuticals-international-4453197978,Gerente de País,,scraped,2026-08-14T00:24:04.597930,
ee99f92b051d7d76,https://hn.linkedin.com/jobs/view/hypercare-representative-latam-at-cloudbeds-4434645191,Hypercare Representative (LATAM),Cloudbeds,posted,2026-08-14T00:24:19.606736,2124
fd54ca5abeb754a0,https://hn.linkedin.com/jobs/view/coordinador-legal-at-banco-cuscatlan-honduras-4453003344,COORDINADOR LEGAL,,scraped,2026-08-14T00:24:22.338583,
750b4683c69b33c1,https://hn.linkedin.com/jobs/view/ejecutivo-de-cuentas-farmer-enterprise-at-millicom-tigo-4452601962,EJECUTIVO DE CUENTAS FARMER ENTERPRISE,,scraped,2026-08-14T00:24:29.991682,
b7b915ffbd205d2e,https://hn.linkedin.com/jobs/view/jefe-regional-de-ventas-at-cbc-4449815427,Jefe Regional de Ventas,cbc,posted,2026-08-14T00:24:42.052163,399
79abf72071b6303d,https://hn.linkedin.com/jobs/view/asesor-legal-at-grupo-iesa-4454079743,Asesor legal,,scraped,2026-08-14T00:24:46.626137,
e670eef75dc669ff,https://hn.linkedin.com/jobs/view/salesforce-architect-developer-nonprofit-cloud-%2B-taskray-at-braintrust-4454336017,Salesforce Architect / Developer (Nonprofit Cloud + TaskRay),Braintrust,posted,2026-08-14T00:25:00.599591,2126
449daaeef32ed796,https://hn.linkedin.com/jobs/view/opt%C3%B3metra-ventas-taller-%C3%B3ptico-at-%C3%B3ptica-optimedic-honduras-4451836576,OPTÓMETRA | VENTAS | TALLER ÓPTICO,ÓPTICA OPTIMEDIC HONDURAS,posted,2026-08-14T00:25:09.987293,2128
cfbdf03d042d2ead,https://hn.linkedin.com/jobs/view/supervisor-operativo-temporal-at-banco-popular-hn-4453006468,Supervisor Operativo Temporal,,scraped,2026-08-14T00:25:12.584897,
20f056fb1fc9e3a2,https://hn.linkedin.com/jobs/view/executive-assistant-at-romy-business-matchmaker-4449581403,Executive Assistant,ROMY Consulting | Business Matchmaker,posted,2026-08-14T00:25:22.307219,433
2813adb0e452ac51,https://hn.linkedin.com/jobs/view/entry-level-customer-service-representative-remote-at-valatam-4452464416,Entry-Level Customer Service Representative (Remote),Valatam,posted,2026-08-14T00:25:30.623439,2130
9821bc3ee7e90af0,https://hn.linkedin.com/jobs/view/coordinador-de-desarrollo-comercial-at-ginih-4451935403,Coordinador de Desarrollo Comercial,,scraped,2026-08-14T00:25:33.260875,
ca9bdfb36952611d,https://hn.linkedin.com/jobs/view/senior-accountant-at-veta-virtual-4453031808,Senior Accountant,,scraped,2026-08-14T00:25:41.885912,
0d00c1084292d246,https://hn.linkedin.com/jobs/view/l%C3%ADder-de-programas-bilingue-ong-proyectos-agropecuarios-at-manpowergroup-caribe-y-centroam%C3%A9rica-4454327136,Líder de Programas  Bilingue - ONG (Proyectos Agropecuarios),,scraped,2026-08-14T00:25:48.239027,
87a78beac3dfadbc,https://hn.linkedin.com/jobs/view/ingeniero-de-procesos-at-flexoprint-s-de-rl-4453306512,Ingeniero de procesos,,scraped,2026-08-14T00:25:54.528039,
58dce6cc13c5afa9,https://hn.linkedin.com/jobs/view/freelance-at-firstsource-4451143885,Freelance,,scraped,2026-08-14T00:26:02.937578,
406c13d52e8007bb,https://hn.linkedin.com/jobs/view/ayudante-de-pasteler%C3%ADa-at-saboree-bakery-house-4448034318,Ayudante de Pastelería,Saboree Bakery House,posted,2026-08-14T00:26:17.844967,2132
202e64970ee4c301,https://hn.linkedin.com/jobs/view/marketing-assistant-latin-america-only-at-sussman-law-firm-pllc-4453683455,Marketing Assistant (Latin America only),"Sussman Law Firm, PLLC",posted,2026-08-14T00:26:26.320416,2134
d0efa073b178d608,https://hn.linkedin.com/jobs/view/representante-ventas-regional-sistemas-microgrids-energ%C3%ADas-renovables-at-sany-mexico-4452776090,"Representante Ventas Regional (sistemas microgrids, energías renovables)",,scraped,2026-08-14T00:26:28.924458,
eab1a1514939bb62,https://hn.linkedin.com/jobs/view/asesor-institucional-jr-tegucigalpa-at-prumisa-4453638000,ASESOR INSTITUCIONAL JR TEGUCIGALPA,,scraped,2026-08-14T00:26:35.955030,
25d14dc8bc85f23c,https://hn.linkedin.com/jobs/view/auxiliar-de-apoyo-operativo-management-services-at-world-food-programme-4452060352,Auxiliar de Apoyo Operativo - Management Services,,scraped,2026-08-14T00:26:42.930079,
144d83991c711b55,https://hn.linkedin.com/jobs/view/arquitecto-a-at-confidencial-4450745188,Arquitecto/a,CONFIDENCIAL,posted,2026-08-14T00:26:53.312845,955
0d5ad67c476eb100,https://hn.linkedin.com/jobs/view/analista-de-atenci%C3%B3n-al-usuario-at-transunion-4451935561,Analista de Atención al Usuario,TransUnion,posted,2026-08-14T00:27:03.129408,2136
318652cf31837fe8,https://hn.linkedin.com/jobs/view/ejecutivo-de-ventas-de-seguros-tgu-at-grupo-lafise-4453367911,Ejecutivo de Ventas de Seguros - TGU,Grupo LAFISE,posted,2026-08-14T00:27:13.565477,2138
0b95b70afa4c6a57,https://hn.linkedin.com/jobs/view/missionary-at-baptist-medical-and-dental-mission-international-bmdmi-4451057559,Missionary,Baptist Medical and Dental Mission International (BMDMI),posted,2026-08-14T00:27:21.910892,2140
0d7d8f68f759cbd4,https://hn.linkedin.com/jobs/view/officer-ii-education-at-childfund-zambia-4453602185,"Officer II, Education",,scraped,2026-08-14T00:27:24.304293,
61e69fb370035dfe,https://hn.linkedin.com/jobs/view/officer-ii-child-development-at-childfund-zambia-4453396276,"Officer II, Child Development",,scraped,2026-08-14T00:27:32.487705,
04703c34b5859487,https://hn.linkedin.com/jobs/view/administrador-de-proyecto-at-reliefweb-4452493954,Administrador de Proyecto,ReliefWeb,posted,2026-08-14T00:27:45.344513,1648
e937fbfdd78e3ea2,https://hn.linkedin.com/jobs/view/bilingual-patient-care-coordinator-registered-nurse-at-staffing-for-doctors-4450843111,Bilingual Patient Care Coordinator - Registered Nurse,Staffing For Doctors,posted,2026-08-14T00:27:53.621407,2142
3ebf7615530df6d5,https://hn.linkedin.com/jobs/view/asistente-de-adquisiciones-cbt-at-world-food-programme-4453146793,Asistente de Adquisiciones (CBT),,scraped,2026-08-14T00:27:56.174651,
01ab17e6ce9bcd5a,https://hn.linkedin.com/jobs/view/analista-de-creditos-4250-48958-at-grupo-ficohsa-hn-4444225525,ANALISTA DE CREDITOS (4250) - 48958,Grupo Ficohsa HN,posted,2026-08-14T00:28:14.803726,2144
2d40ec6614644e04,https://hn.linkedin.com/jobs/view/officer-ii-administrative-at-childfund-zambia-4453386941,"Officer II, Administrative",,scraped,2026-08-14T00:28:17.217922,
77285d0b8f1620c4,https://hn.linkedin.com/jobs/view/asesor-de-ventas-at-grupo-ficohsa-hn-4442185910,ASESOR DE VENTAS,Grupo Ficohsa HN,posted,2026-08-14T00:28:29.095760,1221
bddd2fecffc2b690,https://hn.linkedin.com/jobs/view/supervisor-a-de-operaciones-proceso-at-cargill-4443508801,Supervisor(a) de Operaciones-Proceso,Cargill,posted,2026-08-14T00:28:38.367003,2146
41542202891f9d97,https://hn.linkedin.com/jobs/view/analista-de-calidad-13400-49302-at-grupo-ficohsa-hn-4453322610,ANALISTA DE CALIDAD (13400) - 49302,Grupo Ficohsa HN,posted,2026-08-14T00:28:49.076231,2148
b575425b1b16cb3e,https://hn.linkedin.com/jobs/view/jefe-de-operaciones-at-empresa-confidencial-4450803040,Jefe de operaciones,Empresa Confidencial,posted,2026-08-14T00:28:59.969496,2150
a9192b3ce892189b,https://hn.linkedin.com/jobs/view/asesor-de-ventas-at-grupo-ficohsa-hn-4442401271,ASESOR DE VENTAS,Grupo Ficohsa HN,posted,2026-08-14T00:29:06.549357,1221
43f6bf53f739d7f5,https://hn.linkedin.com/jobs/view/software-engineer-angular-%2B-seo-marketing-remote-latin-america-at-fullstack-4451954481,Software Engineer (Angular + SEO/Marketing) - Remote - Latin America,FullStack,posted,2026-08-14T00:29:11.279824,2018
ae2a953f831bd303,https://hn.linkedin.com/jobs/view/vfm-consultancy-for-sos-cv-denmark-at-reliefweb-4454085166,VfM consultancy for SOS CV Denmark,ReliefWeb,posted,2026-08-14T00:29:21.346467,2152
3f5db6ecdb9504ea,https://hn.linkedin.com/jobs/view/senior-full-stack-developer-react-node-js-aws-at-ginih-4449817777,"Senior Full Stack Developer (React, Node.js & AWS)",,scraped,2026-08-14T00:29:36.042855,
051576f04ce3e731,https://hn.linkedin.com/jobs/view/senior-ai-engineer-google-adk-%2B-python-remote-latin-america-at-fullstack-4451953487,Senior AI Engineer (Google ADK + Python) - Remote - Latin America,FullStack,posted,2026-08-14T00:29:44.978684,2058
094692e9a640d5b8,https://hn.linkedin.com/jobs/view/senior-ai-engineer-google-adk-%2B-python-remote-latin-america-at-fullstack-4451934836,Senior AI Engineer (Google ADK + Python) - Remote - Latin America,FullStack,posted,2026-08-14T00:29:49.970579,2058
e12e4392192ac347,https://hn.linkedin.com/jobs/view/practicante-universitario-a-san-pedro-sula-at-cargill-4453154154,Practicante Universitario (a) / San Pedro Sula,Cargill,posted,2026-08-14T00:29:56.961950,215
1ecd1eb1e95ce7fa,https://hn.linkedin.com/jobs/view/practicante-universitario-a-san-pedro-sula-at-cargill-4443522040,Practicante Universitario (a) / San Pedro Sula,Cargill,scraped,2026-08-14T00:30:01.163902,
f7fe31b1604e522e,https://hn.linkedin.com/jobs/view/bodywork-on-the-water-at-adzentures-experiential-travel-company-4454350990,Bodywork on the Water,AdZENtures - Experiential Travel Company,posted,2026-08-15T23:50:39.063311,2154
2abeab2bb0187176,https://hn.linkedin.com/jobs/view/reef-mangrove-conservation-at-adzentures-experiential-travel-company-4454363182,Reef & Mangrove Conservation,AdZENtures - Experiential Travel Company,posted,2026-08-15T23:50:48.412416,2156
c5cb30b08c2fc1b3,https://hn.linkedin.com/jobs/view/monitoring-specialist-at-charger-logistics-inc-4454583087,Monitoring Specialist,,scraped,2026-08-15T23:50:51.048303,
239269ebb69bf05c,https://hn.linkedin.com/jobs/view/morning-shift-dispatcher-at-charger-logistics-inc-4454577949,Morning Shift Dispatcher,,scraped,2026-08-15T23:50:57.590199,
9a4565cb68c3048d,https://hn.linkedin.com/jobs/view/staff-at-ey-4453259789,Staff,EY,posted,2026-08-15T23:51:20.350965,2158
c1573a1a32236f84,https://hn.linkedin.com/jobs/view/collections-specialist-at-impact-bpo-4453528644,Collections Specialist,,scraped,2026-08-15T23:51:22.936071,
0821f2c156023e79,https://hn.linkedin.com/jobs/view/maestro-preescolar-at-integrity-academy-4450874060,Maestro preescolar,Integrity Academy,posted,2026-08-15T23:51:36.316682,2160
3011959a2a3de75f,https://hn.linkedin.com/jobs/view/granjero-galponero-at-corporaci%C3%B3n-multi-inversiones-4451288095,Granjero/Galponero,,scraped,2026-08-15T23:51:38.865324,
b5e8ff2b12c6fbd7,https://hn.linkedin.com/jobs/view/encargada-de-ingresos-at-bay-island-petroleum-s-a-4454313036,Encargada de ingresos,,scraped,2026-08-15T23:51:46.507690,
0da25b9b680a31e5,https://hn.linkedin.com/jobs/view/it-talent-acquisition-specialist-at-applaudo-4454852433,IT Talent Acquisition Specialist,,scraped,2026-08-15T23:51:52.930173,
11cfa646c0575cfd,https://hn.linkedin.com/jobs/view/it-talent-acquisition-specialist-at-applaudo-4454840550,IT Talent Acquisition Specialist,,scraped,2026-08-15T23:51:59.339791,
5db850015204cca5,https://hn.linkedin.com/jobs/view/analista-de-inventarios-at-grupo-r-center-4454344770,ANALISTA DE INVENTARIOS,Grupo R Center,posted,2026-08-15T23:52:24.742690,2162
f6fb2b1dc5b16e7e,https://hn.linkedin.com/jobs/view/workday-hcm-systems-analyst-temporary-at-compassion-international-4415699851,Workday HCM Systems Analyst (Temporary),Compassion International,posted,2026-08-15T23:52:39.745295,2164
255a3d0a96c99e09,https://hn.linkedin.com/jobs/view/sql-data-analyst-at-food-for-the-poor-4450833615,SQL Data Analyst,Food For The Poor,posted,2026-08-15T23:52:50.953291,2166
72501199a281d7bd,https://hn.linkedin.com/jobs/view/filmmaker-4453658091,Filmmaker,Erenza Agency,posted,2026-08-15T23:52:58.598651,2168
174f3209e8f088d1,https://hn.linkedin.com/jobs/view/supervisor-a-de-marketing-at-peopleblue-4451942688,Supervisor(a) de Marketing,,scraped,2026-08-15T23:53:03.230121,
fac1fc903472c57f,https://hn.linkedin.com/jobs/view/contador-senior-corporativo-at-ginih-4449823487,Contador Senior Corporativo,,scraped,2026-08-15T23:53:10.114196,
e16dc4087f82b292,https://hn.linkedin.com/jobs/view/dise%C3%B1ador-a-gr%C3%A1fico-a-junior-remoto-at-be-viral-marketing-llc-4451368820,Diseñador(a) Gráfico(a) Junior (Remoto),Be Viral Marketing LLC,posted,2026-08-15T23:53:22.495469,2170
2cfd16117c718a5b,https://hn.linkedin.com/jobs/view/ejecutivo-de-cuentas-at-servicios-de-ingenier%C3%ADa-en-seguridad-electr%C3%B3nica-y-protecci%C3%B3n-el%C3%A9ctrica-s-de-r-l-sis-4454081259,Ejecutivo de cuentas,,scraped,2026-08-15T23:53:25.099572,
8e9a2518017b5f35,https://hn.linkedin.com/jobs/view/ejecutivo-de-ventas-zona-norte-at-optimun-talent-4452997503,Ejecutivo de ventas zona norte,Optimun Talent,posted,2026-08-15T23:53:40.262575,2172
5980f633b99f1ba3,https://hn.linkedin.com/jobs/view/ejecutivo-comercial-retail-at-cementos-argos-honduras-4454572074,Ejecutivo Comercial- Retail,,scraped,2026-08-15T23:53:42.801420,
05b9f283c91be474,https://hn.linkedin.com/jobs/view/jefe-de-soluciones-workplace-at-grupo-ilp-4455102094,Jefe de Soluciones Workplace,,scraped,2026-08-15T23:53:49.511037,
4fb96a98888bac54,https://hn.linkedin.com/jobs/view/receptionst-at-ubiquity-4451467252,Receptionst,Ubiquity,posted,2026-08-15T23:54:09.382885,2174
4f0a40339866c05d,https://hn.linkedin.com/jobs/view/data-scientist-%E2%80%94-nlp-llms-automatizaci%C3%B3n-de-an%C3%A1lisis-at-reputaci%C3%B3n-digital-4450804887,"Data Scientist — NLP, LLMs & Automatización de Análisis",,scraped,2026-08-15T23:54:13.977461,
9ce6b15c304b14ac,https://hn.linkedin.com/jobs/view/billing-representative-at-avanza-nearshoring-solutions-4454542700,Billing Representative,Avanza - BPO and Staffing Solutions,posted,2026-08-15T23:54:29.194108,2176
7d3b6174e1541a46,https://hn.linkedin.com/jobs/view/it-site-supt-tech-at-ibex-4451737126,IT Site Supt Tech,ibex,posted,2026-08-15T23:54:38.029222,2178
7c0b728d1461e478,https://hn.linkedin.com/jobs/view/supervisor-de-taller-at-consulight-people-first-4452320155,Supervisor de Taller.,,scraped,2026-08-15T23:54:42.597946,
70fe659bdc740e8e,https://hn.linkedin.com/jobs/view/pharmacy-salessman-at-nestl%C3%A9-4454825437,Pharmacy Salessman,Nestlé,posted,2026-08-15T23:54:56.530046,2180
da9d67238513ccc3,https://hn.linkedin.com/jobs/view/desarrollador-a-snr-fullstack-at-deloitte-4454567731,Desarrollador(a) Snr Fullstack,Deloitte,posted,2026-08-15T23:55:06.130268,2182
157227613d2b7822,https://hn.linkedin.com/jobs/view/asistente-contable-at-manpowergroup-caribe-y-centroam%C3%A9rica-4453711536,Asistente contable,,scraped,2026-08-15T23:55:08.721511,
247d11efd2cda181,https://hn.linkedin.com/jobs/view/supervisor-de-taller-at-consulight-people-first-4455140278,Supervisor de taller,,scraped,2026-08-15T23:55:14.996399,
e16de54c4c7ac765,https://hn.linkedin.com/jobs/view/project-manager-remote-work-at-bairesdev-4452746246,Project Manager - Remote Work,BairesDev,posted,2026-08-15T23:55:25.554681,1814
a1c37f609bc22919,https://hn.linkedin.com/jobs/view/delivery-manager-remote-work-at-bairesdev-4452742375,Delivery Manager - Remote Work,BairesDev,posted,2026-08-15T23:55:30.431547,1818
387960c666a6cd64,https://hn.linkedin.com/jobs/view/project-manager-it-remote-work-at-bairesdev-4451421199,Project Manager (IT) - Remote Work,BairesDev,posted,2026-08-15T23:55:35.396630,1820
24423f34394cb7e7,https://hn.linkedin.com/jobs/view/senior-recruiter-remote-work-at-bairesdev-4452737078,Senior Recruiter - Remote Work,BairesDev,posted,2026-08-15T23:55:40.305723,257
df0c8a9352217c7d,https://hn.linkedin.com/jobs/view/transportation-coordinator-at-charger-logistics-inc-4454567734,Transportation Coordinator,,scraped,2026-08-15T23:55:42.935941,
648ac31df3f87d92,https://hn.linkedin.com/jobs/view/crm-manager-remote-work-at-bairesdev-4452704039,CRM Manager - Remote Work,BairesDev,posted,2026-08-15T23:55:55.743126,1039
d1849cbecb5bb4a2,https://hn.linkedin.com/jobs/view/logistics-operations-associate-at-charger-logistics-inc-4451263660,Logistics Operations Associate,,scraped,2026-08-15T23:55:58.335417,
28c6e100a4bc9ff2,https://hn.linkedin.com/jobs/view/travel-coordinator-remote-work-at-bairesdev-4452991857,Travel Coordinator - Remote Work,BairesDev,posted,2026-08-15T23:56:11.965593,2184
2b355c548c682bed,https://hn.linkedin.com/jobs/view/technical-manager-remote-work-at-bairesdev-4453244183,Technical Manager - Remote Work,BairesDev,posted,2026-08-15T23:56:20.069446,2186
62e88d4a6e4b41fc,https://hn.linkedin.com/jobs/view/senior-presales-lead-remote-work-at-bairesdev-4452722662,Senior Presales Lead - Remote Work,BairesDev,posted,2026-08-15T23:56:24.983916,235
255cb780845c3bdd,https://hn.linkedin.com/jobs/view/driver-support-assistant-at-charger-logistics-inc-4454808645,Driver Support Assistant,,scraped,2026-08-15T23:56:29.702572,
b82a03cfdca8e22f,https://hn.linkedin.com/jobs/view/process-optimization-analyst-at-charger-logistics-inc-4454580216,Process Optimization Analyst,,scraped,2026-08-15T23:56:37.947408,
984c77ed8b7b32e7,https://hn.linkedin.com/jobs/view/medical-scheduler-at-impact-bpo-4453254349,Medical Scheduler,,scraped,2026-08-15T23:56:48.460694,
75bd33446bd90fb9,https://hn.linkedin.com/jobs/view/intake-specialist-at-impact-bpo-4453516752,Intake Specialist,,scraped,2026-08-15T23:56:55.022017,
4a971fe2d1764ffa,https://hn.linkedin.com/jobs/view/analista-de-talent-acquisition-trabajo-remoto-at-bairesdev-4452984614,Analista de Talent Acquisition - Trabajo Remoto,BairesDev,posted,2026-08-15T23:57:03.901424,369
417d097a5a57b69e,https://hn.linkedin.com/jobs/view/auxiliar-de-compras-sps-at-grupo-r-center-4453615697,AUXILIAR DE COMPRAS SPS,Grupo R Center,posted,2026-08-15T23:57:12.879863,2188
8c005c91c651dfd5,https://hn.linkedin.com/jobs/view/operations-data-analyst-night-shift-at-charger-logistics-inc-4454542888,Operations Data Analyst - Night Shift,,scraped,2026-08-15T23:57:15.435916,
0c7a07c25e70f5c1,https://hn.linkedin.com/jobs/view/night-shift-customer-service-representative-at-charger-logistics-inc-4454537889,Night Shift Customer Service Representative,,scraped,2026-08-15T23:57:21.714569,
c1b28b97d40e5d99,https://hn.linkedin.com/jobs/view/customer-service-representative-at-charger-logistics-inc-4454568826,Customer Service Representative,,scraped,2026-08-15T23:57:28.224697,
77812c486243231d,https://hn.linkedin.com/jobs/view/accounting-manager-at-teamswell-4454071053,Accounting Manager,Teamswell,posted,2026-08-15T23:57:40.829661,2190
b2eb74a7f1acbb6f,https://hn.linkedin.com/jobs/view/patient-care-coordinator-at-impact-bpo-4452933306,Patient Care Coordinator,,scraped,2026-08-15T23:57:45.506539,
0bbf6681c32be3e6,https://hn.linkedin.com/jobs/view/operario-de-producci%C3%B3n-1-at-corporaci%C3%B3n-multi-inversiones-4449837101,Operario de Producción 1,,scraped,2026-08-15T23:57:58.043680,
d28cccbeaa1d9e39,https://hn.linkedin.com/jobs/view/ingeniero-de-seguridad-de-aplicaciones-checkmarx-sast-trabajo-remoto-at-bairesdev-4453583747,Ingeniero de Seguridad de Aplicaciones (Checkmarx / SAST) - Trabajo Remoto,BairesDev,posted,2026-08-15T23:58:08.711135,375
3ffc21872c963e81,https://hn.linkedin.com/jobs/view/especialista-de-gesti%C3%B3n-comercial-at-corporaci%C3%B3n-multi-inversiones-4451270250,Especialista de Gestión Comercial,,scraped,2026-08-15T23:58:13.316876,
56e20798bdfed48b,https://hn.linkedin.com/jobs/view/auxiliar-conciliaciones-bancarias-at-grupo-r-center-4454349685,AUXILIAR CONCILIACIONES BANCARIAS,Grupo R Center,posted,2026-08-15T23:58:34.518811,2192
83362dcc241f26b4,https://hn.linkedin.com/jobs/view/analista-contable-at-novacomp-4453615694,Analista Contable,Novacomp,posted,2026-08-15T23:58:48.509189,639
c75e7a7fe748bfdf,https://hn.linkedin.com/jobs/view/ess-sales-central-america-and-the-caribbean-at-contemporary-amperex-technology-co-limited-4454807223,ESS Sales (Central America and the Caribbean),"Contemporary Amperex Technology Co., Limited",posted,2026-08-15T23:58:56.729705,2194
31ac73d6e61da73c,https://hn.linkedin.com/jobs/view/business-to-business-sales-representative-latam-phase-v-at-geeks-on-site-4452453920,Business-to-Business Sales Representative - LATAM - Phase V,Geeks on Site,posted,2026-08-15T23:59:05.010685,2196
65151fe3346d116e,https://hn.linkedin.com/jobs/view/especialista-de-riesgo-operativo-y-continuidad-de-negocio-en-tegucigalpa-at-grupo-salinas-honduras-4454888934,Especialista de Riesgo Operativo y Continuidad de Negocio en Tegucigalpa,Grupo Salinas Honduras,posted,2026-08-15T23:59:27.772960,2198
150c198d3201295a,https://hn.linkedin.com/jobs/view/gerente-divisional-de-ventas-al-detalle-tegucigalpa-at-pepsico-4453002324,Gerente divisional de ventas al detalle (Tegucigalpa),PepsiCo,posted,2026-08-15T23:59:34.826232,2010
cd4494483ef40856,https://hn.linkedin.com/jobs/view/ingeniero-hidraulico-at-grupo-r-center-4454353618,INGENIERO HIDRAULICO,Grupo R Center,posted,2026-08-15T23:59:44.127520,2200
1387cf3c1b9b17c6,https://hn.linkedin.com/jobs/view/analista-de-tesorer%C3%ADa-tegucigalpa-at-grupo-salinas-honduras-4454827563,Analista de Tesorería Tegucigalpa,Grupo Salinas Honduras,posted,2026-08-15T23:59:54.590591,2202
35c99c3784343bd7,https://hn.linkedin.com/jobs/view/t%C3%A9cnico-instalador-de-seguridad-electr%C3%B3nica-at-asis-security-4454557083,Técnico instalador de Seguridad Electrónica,,scraped,2026-08-15T23:59:59.165199,
c15f77f28a259175,https://hn.linkedin.com/jobs/view/representante-m%C3%A9dico-l%C3%ADnea-metabolismo-at-confidential-jobs-4454811384,Representante médico línea Metabolismo,Confidential Jobs,posted,2026-08-16T00:00:13.348474,2204
871abca420b2240c,https://hn.linkedin.com/jobs/view/kam-sr-honduras-at-grupo-sega-4451421894,Kam Sr. Honduras,,scraped,2026-08-16T00:00:15.981198,
f93d2340ae91b333,https://hn.linkedin.com/jobs/view/agente-de-venta-call-center-at-igs-i-integral-group-solution-4454810177,Agente de Venta Call Center,IGS I Integral Group Solution,posted,2026-08-16T00:00:30.100301,2206
24dd1e798db6fb51,https://hn.linkedin.com/jobs/view/junior-associate-customer-experience-special-schedule-at-ridgeline-agency-4454547809,Junior Associate (Customer Experience - Special Schedule),Ridgeline Agency,posted,2026-08-16T00:00:42.483319,2208
3e6e533a890384cf,https://hn.linkedin.com/jobs/view/junior-associate-customer-experience-monday-to-friday-schedule-at-ridgeline-agency-4454539939,Junior Associate (Customer Experience-Monday to Friday Schedule),Ridgeline Agency,posted,2026-08-16T00:00:55.077278,2210
2e4af6bddfaf51b9,https://hn.linkedin.com/jobs/view/abogado-at-grupo-lafise-4452167049,Abogado,Grupo LAFISE,posted,2026-08-16T00:01:07.021603,2212
68aa3735a048fedd,https://hn.linkedin.com/jobs/view/it-project-manager-proyecto-temporal-at-elaniin-4450173955,IT Project Manager (Proyecto Temporal),Elaniin,posted,2026-08-16T00:01:15.981670,2214
6deca5d4b0ce8406,https://hn.linkedin.com/jobs/view/account-executive-latam-billingual-spanish-english-at-bobtail-4454800544,Account Executive LATAM (Billingual Spanish-English),Bobtail,posted,2026-08-16T00:01:23.358937,1045
028355f174ec23a1,https://hn.linkedin.com/jobs/view/senior-flask%2Breact-fullstack-developer-remote-latin-america-at-bluelight-4451838628,"Senior Flask+React Fullstack Developer - Remote, Latin America",Bluelight,posted,2026-08-16T00:01:32.689627,2216
66fa9d2b69f816b7,https://hn.linkedin.com/jobs/view/instructor-del-idioma-ingl%C3%A9s-en-san-pedro-sula-at-academia-europea-4452734194,Instructor del Idioma Inglés en San Pedro Sula,Academia Europea,posted,2026-08-16T00:01:42.417344,2218
c4cc3413694d1a42,https://hn.linkedin.com/jobs/view/dise%C3%B1ador-gr%C3%A1fico-at-televicentro-y-emisoras-unidas-4453612154,Diseñador gráfico,,scraped,2026-08-16T00:01:45.061810,
a9b0d2105aad1af3,https://hn.linkedin.com/jobs/view/supervisor-a-gesti%C3%B3n-de-casos-de-protecci%C3%B3n-de-la-ni%C3%B1ez-at-reliefweb-4454366248,Supervisor(a) Gestión de Casos de Protección de la Niñez,ReliefWeb,posted,2026-08-16T00:01:59.146475,2220
7f86d9275bcce55d,https://hn.linkedin.com/jobs/view/senior-it-project-manager-remote-work-at-bairesdev-4451420946,Senior IT Project Manager - Remote Work,BairesDev,posted,2026-08-16T00:02:08.020706,1886
89f8d53906284812,https://hn.linkedin.com/jobs/view/senior-financial-analyst-at-veta-virtual-4453298629,Senior Financial Analyst,,scraped,2026-08-16T00:02:10.667394,
08c2c031c4a8ec39,https://hn.linkedin.com/jobs/view/gerente-de-agencia-7023-49208-at-grupo-ficohsa-hn-4444237168,GERENTE DE AGENCIA (7023) - 49208,Grupo Ficohsa HN,posted,2026-08-16T00:02:29.553970,2222
e35069bfe50801b3,https://hn.linkedin.com/jobs/view/ejecutivo-de-enlace-9189-49362-at-grupo-ficohsa-hn-4451980178,EJECUTIVO DE ENLACE (9189) - 49362,Grupo Ficohsa HN,posted,2026-08-16T00:02:40.951579,2224
59acf893eabd60f4,https://hn.linkedin.com/jobs/view/software-engineer-angular-%2B-seo-marketing-remote-latin-america-at-fullstack-4451948735,Software Engineer (Angular + SEO/Marketing) - Remote - Latin America,FullStack,posted,2026-08-16T00:02:51.948160,2018
73faf33577682860,https://hn.linkedin.com/jobs/view/mecanico-automotriz-at-grupo-q-4452119847,Mecanico Automotriz,,scraped,2026-08-16T00:02:56.514587,
0579631bb051c6cd,https://hn.linkedin.com/jobs/view/ejecutivo-sr-de-negocios-13075-49009-at-grupo-ficohsa-hn-4453685064,EJECUTIVO SR. DE NEGOCIOS (13075) - 49009,Grupo Ficohsa HN,posted,2026-08-16T00:03:14.557076,2226
d20731b7652ce40a,https://hn.linkedin.com/jobs/view/senior-devops-engineer-kubernetes-remote-latin-america-at-fullstack-4445253447,Senior DevOps Engineer (Kubernetes) - Remote - Latin America,FullStack,posted,2026-08-16T00:03:26.238976,2228
3db2d61fbe795b23,https://hn.linkedin.com/jobs/view/senior-devops-engineer-kubernetes-remote-latin-america-at-fullstack-4445260066,Senior DevOps Engineer (Kubernetes) - Remote - Latin America,FullStack,posted,2026-08-16T00:03:31.381205,2228
686fa7842f1c5a19,https://hn.linkedin.com/jobs/view/senior-devops-engineer-kubernetes-remote-latin-america-at-fullstack-4445243750,Senior DevOps Engineer (Kubernetes) - Remote - Latin America,FullStack,posted,2026-08-16T00:03:36.369837,2228
6d94faa7771a5a6f,https://hn.linkedin.com/jobs/view/senior-devops-engineer-kubernetes-remote-latin-america-at-fullstack-4445240880,Senior DevOps Engineer (Kubernetes) - Remote - Latin America,FullStack,posted,2026-08-16T00:03:41.300774,2228
c3f37c44f52d4b5c,https://hn.linkedin.com/jobs/view/asesor-de-ventas-at-grupo-ilp-4452096467,Asesor de Ventas,,scraped,2026-08-16T00:03:43.923164,
7edba0cb1018dadd,https://hn.linkedin.com/jobs/view/ejecutivo-de-negocios-y-servicios-sr-2090-49290-at-grupo-ficohsa-hn-4453612203,EJECUTIVO DE NEGOCIOS Y SERVICIOS SR. (2090) - 49290,Grupo Ficohsa HN,posted,2026-08-16T00:03:59.199542,2230
ef7825a82c33f046,https://hn.linkedin.com/jobs/view/ejecutivo-de-negocios-sr-10392-49308-at-grupo-ficohsa-hn-4454864706,EJECUTIVO DE NEGOCIOS SR. (10392)(49308),Grupo Ficohsa HN,posted,2026-08-16T00:04:10.357265,2232
ed96a82617f6bd5c,https://hn.linkedin.com/jobs/view/ingeniero-electrico-sps-at-grupo-r-center-4454336900,INGENIERO ELECTRICO SPS,Grupo R Center,posted,2026-08-16T00:04:19.517753,2234
e9bce6c61c1af115,https://hn.linkedin.com/jobs/view/practicante-universitario-a-san-pedro-sula-at-cargill-4450166657,Practicante Universitario (a) - San Pedro Sula,Cargill,posted,2026-08-16T00:04:30.440133,215
2b34a245e7032ba1,https://hn.linkedin.com/jobs/view/senior-software-engineer-control-plane-%2B-orchestration-remote-latin-america-at-fullstack-4444993331,Senior Software Engineer (Control Plane + Orchestration) - Remote - Latin America,FullStack,posted,2026-08-16T00:04:39.458472,2236
e84399f6aee9dd45,https://hn.linkedin.com/jobs/view/senior-software-engineer-control-plane-%2B-orchestration-remote-latin-america-at-fullstack-4445203066,Senior Software Engineer (Control Plane + Orchestration) - Remote - Latin America,FullStack,posted,2026-08-16T00:04:50.443821,2238
8ccc1f689919b3d2,https://hn.linkedin.com/jobs/view/senior-software-engineer-control-plane-%2B-orchestration-remote-latin-america-at-fullstack-4445200273,Senior Software Engineer (Control Plane + Orchestration) - Remote - Latin America,FullStack,posted,2026-08-16T00:04:58.786218,2240
8db927b759d790e0,https://hn.linkedin.com/jobs/view/fabric-purchasing-specialist-4455319025,Fabric Purchasing Specialist,Shinsung Honduras Manufacturing,posted,2026-08-17T23:51:22.542641,2242
28a931e3df868b3e,https://hn.linkedin.com/jobs/view/cleaner-at-dr-modi-pluro-endoscopy-ivf-4451409535,Cleaner,,scraped,2026-08-17T23:51:25.195211,
892c9c5b024cf885,https://hn.linkedin.com/jobs/view/recruiter-at-wolfline-bpo-4455313213,Recruiter,Wolfline BPO,posted,2026-08-17T23:51:35.615317,745
c00c9a912338173d,https://hn.linkedin.com/jobs/view/freight-broker-at-avanza-nearshoring-solutions-4454055956,Freight Broker,Avanza - BPO and Staffing Solutions,posted,2026-08-17T23:51:47.857088,2244
bc6a8c24c6f6b3b0,https://hn.linkedin.com/jobs/view/title-i-specialized-programs-teacher-assistant-iii-school-wide-guy-es-at-clark-county-school-district-4453236951,Title I - Specialized Programs Teacher Assistant III (School-Wide) - Guy ES.,Clark County School District,posted,2026-08-17T23:51:52.891306,1381
eb02cbc69e9bad9c,https://hn.linkedin.com/jobs/view/supply-technician-at-amentum-4452461958,Supply Technician,Amentum,posted,2026-08-17T23:52:02.908903,2246
54d794e1baaedb54,https://hn.linkedin.com/jobs/view/claims-manager-at-impact-bpo-4449145465,Claims Manager,,scraped,2026-08-17T23:52:05.531073,
19b1ec7505105c58,https://hn.linkedin.com/jobs/view/analista-de-costos-at-grupo-macdel-4452323135,ANALISTA DE COSTOS,,scraped,2026-08-17T23:52:12.440257,
e119b4daf10f3e42,https://hn.linkedin.com/jobs/view/profesor-de-ingl%C3%A9s-at-academia-europea-4451825302,Profesor de inglés,Academia Europea,posted,2026-08-17T23:52:30.403658,2248
a0279e5df34f65f8,https://hn.linkedin.com/jobs/view/barista-4333119759,Barista,Guau Café,posted,2026-08-17T23:52:44.377813,2250
05e0ab0d6edd1c9b,https://hn.linkedin.com/jobs/view/join-our-talent-pool-for-an-it-office-support-consultant-at-inter-american-development-bank-4450851200,Join our Talent Pool for an IT Office Support Consultant,Banco Interamericano de Desarrollo,posted,2026-08-17T23:52:53.742040,2252
f99b0f969cc3c936,https://hn.linkedin.com/jobs/view/medical-case-specialist-at-downtown-l-a-law-group-4452672895,Medical Case Specialist,Downtown L.A. Law Group,posted,2026-08-17T23:53:03.005752,2254
70407a438f516d35,https://hn.linkedin.com/jobs/view/contador-de-costos-at-deep-blue-talent-4451908550,Contador de costos,Deep Blue Talent,posted,2026-08-17T23:53:22.345859,2256
33b85a25d7ff3744,https://hn.linkedin.com/jobs/view/jefe-de-marca-at-istmaniahn-4454293928,Jefe de Marca,,scraped,2026-08-17T23:53:25.017728,
5a589c3e61661c6a,https://hn.linkedin.com/jobs/view/it-talent-acquisition-specialist-at-applaudo-4454852437,IT Talent Acquisition Specialist,,scraped,2026-08-17T23:53:31.984996,
e5b313bc14fdc871,https://hn.linkedin.com/jobs/view/tech-lead-sanity-cms-remote-latin-america-at-fullstack-4427093863,Tech Lead (Sanity CMS) - Remote - Latin America,FullStack,posted,2026-08-17T23:53:43.029121,119
73766cd0f75c5b7b,https://hn.linkedin.com/jobs/view/staff-de-auditoria-honduras-tegucigalpa-at-deloitte-4455387080,Staff de Auditoria Honduras Tegucigalpa,Deloitte,posted,2026-08-17T23:53:52.124086,2258
427371cc093c7e14,https://hn.linkedin.com/jobs/view/carrier-sales-at-avanza-nearshoring-solutions-4453338463,Carrier Sales,Avanza - BPO and Staffing Solutions,posted,2026-08-17T23:53:57.445139,783
70af952b1daf7b93,https://hn.linkedin.com/jobs/view/offensive-security-engineer-at-applaudo-4454588628,Offensive Security Engineer,,scraped,2026-08-17T23:54:00.111493,
7de5b9dbf6a3b022,https://hn.linkedin.com/jobs/view/gerente-de-devops-at-deloitte-4454562413,Gerente de DevOps,Deloitte,posted,2026-08-17T23:54:19.444245,2260
cb0bcb65f7b42088,https://hn.linkedin.com/jobs/view/cajero-2928-49423-at-grupo-ficohsa-hn-4453337339,CAJERO (2928) - 49423,Grupo Ficohsa HN,posted,2026-08-17T23:54:30.300171,2262
87daec91af87868b,https://hn.linkedin.com/jobs/view/data-engineer-at-foster-weise-covey-launch-foundry-4455382674,Data Engineer,Foster Weise Covey (Launch Foundry),posted,2026-08-17T23:54:35.628849,139
356eb1667f6cdd9d,https://hn.linkedin.com/jobs/view/operario-de-producci%C3%B3n-1-at-corporaci%C3%B3n-multi-inversiones-4453506851,Operario de Producción 1,Corporación Multi Inversiones,posted,2026-08-17T23:54:49.511400,2264
5f10639a6e23489e,https://hn.linkedin.com/jobs/view/asistente-contable-at-rouxinol-4452322137,Asistente Contable,,scraped,2026-08-17T23:54:52.220625,
6fe3062943558f1e,https://hn.linkedin.com/jobs/view/docente-de-emprendimiento-at-unitec-4452659819,DOCENTE DE EMPRENDIMIENTO,unitec,posted,2026-08-17T23:55:06.243667,2266
be2634de64cce910,https://hn.linkedin.com/jobs/view/gerente-de-sucursal-at-caf%C3%A9-welchez-4455359393,Gerente de sucursal,,scraped,2026-08-17T23:55:09.131298,
69f4b6ea784ea7ad,https://hn.linkedin.com/jobs/view/especialista-de-relaciones-laborales-at-tigo-honduras-4455369306,Especialista de Relaciones Laborales,Tigo Honduras.,posted,2026-08-17T23:55:26.583789,2268
acdd600725026491,https://hn.linkedin.com/jobs/view/asistente-de-belleza-4453048985,Asistente de Belleza,Janelle Beauty & Company,posted,2026-08-17T23:55:34.235136,2270
c2f7e0c5189a9ae5,https://hn.linkedin.com/jobs/view/senior-it-leader-at-relay-human-cloud-4455307723,Senior IT Leader,Relay Human Cloud,posted,2026-08-17T23:55:43.704377,2272
85f82efadd84598e,https://hn.linkedin.com/jobs/view/engineering-opportunities-%E2%80%93-power-generation-renewable-energy-at-booc-backoffice-outsourcing-consulting-4455358715,Engineering Opportunities – Power Generation & Renewable Energy,,scraped,2026-08-17T23:55:46.380546,
060d471e5415e01a,https://hn.linkedin.com/jobs/view/asesor-de-servicio-at-cummins-latin-america-4452761072,Asesor de Servicio,,scraped,2026-08-17T23:55:55.190795,
f6a6e6f183f268fe,https://hn.linkedin.com/jobs/view/idb-invest-credit-risk-management-director-fi-and-infrastructure-and-energy-in-cid-at-idb-invest-4450185093,IDB Invest - Credit Risk Management Director - FI and Infrastructure and Energy in CID,BID Invest,posted,2026-08-17T23:56:09.170279,2274
7ffef809480db64b,https://hn.linkedin.com/jobs/view/ingeniera-de-materiales-bilingue-at-empire-electronics-inc-4455317818,Ingeniera de Materiales Bilingue,Empire Electronics Inc.,posted,2026-08-17T23:56:21.344660,2276
a2ce7dc3e33ecbf8,https://hn.linkedin.com/jobs/view/medico-de-coberturas-at-porsalud-honduras-4454291783,MEDICO DE COBERTURAS,,scraped,2026-08-17T23:56:28.225381,
a395adac7ba7ed62,https://hn.linkedin.com/jobs/view/gerente-regional-at-cooperativa-sagrada-familia-4455362741,Gerente regional,Cooperativa Sagrada Familia,posted,2026-08-17T23:56:52.707172,2278
2719f22cc41cea50,https://hn.linkedin.com/jobs/view/servicio-al-cliente-at-grupo-q-4453024928,Servicio al Cliente,,scraped,2026-08-17T23:57:01.298315,
57f1a05b45342d8b,https://hn.linkedin.com/jobs/view/gerente-de-cumplimiento-at-empresa-confidencial-4451930363,Gerente de Cumplimiento,Empresa Confidencial,posted,2026-08-17T23:57:19.279193,2280
ffa9beda0d8b76b1,https://hn.linkedin.com/jobs/view/superintendente-de-obra-4455214744,Superintendente de obra,Empresa Constructora Diek,posted,2026-08-17T23:57:27.254086,2282
308532a695cd3822,https://hn.linkedin.com/jobs/view/reservations-support-specialist-at-terranova-hire-4453981653,Reservations Support Specialist,Terranova Hire,posted,2026-08-17T23:57:36.856358,2284
39ed0ac420d8a347,https://hn.linkedin.com/jobs/view/buscamos-veterinari%40-grandes-animales-at-organizaci%C3%B3n-colegial-veterinaria-4453381369,BUSCAMOS VETERINARI@ GRANDES ANIMALES,,scraped,2026-08-17T23:57:39.264276,
dee48a20aab10c9a,https://hn.linkedin.com/jobs/view/agente-de-ventas-b2b-%E2%80%93-soluciones-de-agua-potable-at-international-h2o-4454297665,Agente de Ventas B2B – Soluciones de Agua Potable,International H2O,posted,2026-08-17T23:57:58.722150,2286
109542f85aefc9b6,https://hn.linkedin.com/jobs/view/gerente-comercial-%E2%80%93-proyectos-industriales-inmobiliaria-at-manpowergroup-caribe-y-centroam%C3%A9rica-4455399160,"Gerente Comercial – Proyectos Industriales , Inmobiliaria",,scraped,2026-08-17T23:58:03.305812,
756352f3b6bd17c5,https://hn.linkedin.com/jobs/view/promotor-a-comercial-de-canales-digitales-y-tradicionales-at-ledison-4453350987,Promotor (a) Comercial de Canales Digitales y Tradicionales,,scraped,2026-08-17T23:58:09.685905,
b5f22735bdc047f2,https://hn.linkedin.com/jobs/view/ejecutivo-de-ventas-a-distribuidores-at-sherwin-williams-de-centroam%C3%A9rica-4455332052,Ejecutivo de ventas a Distribuidores,,scraped,2026-08-17T23:58:16.364470,
192f96d3a5f799af,https://hn.linkedin.com/jobs/view/operarios-a-ii-indirecto-siguatepeque-at-cargill-4441056885,Operarios (a) II - Indirecto / Siguatepeque,Cargill,posted,2026-08-17T23:58:35.372005,2288
2d5f8e29cdb0e39f,https://hn.linkedin.com/jobs/view/analista-de-procesos-de-negocio-trabajo-remoto-at-bairesdev-4454295660,Analista de Procesos de Negocio - Trabajo Remoto,BairesDev,posted,2026-08-17T23:58:40.252253,1658
e363eb4b7990f6bb,https://hn.linkedin.com/jobs/view/application-security-engineer-checkmarx-sast-remote-work-at-bairesdev-4453253447,Application Security Engineer (Checkmarx / SAST) - Remote Work,BairesDev,posted,2026-08-17T23:58:45.495169,261
26c2f557b894cf03,https://hn.linkedin.com/jobs/view/especialista-en-asuntos-regulatorios-tegucigalpa-at-cargill-4450165658,Especialista en Asuntos Regulatorios (Tegucigalpa),Cargill,posted,2026-08-17T23:58:55.917557,2290
1309496a96ae6f01,https://hn.linkedin.com/jobs/view/officer-ii-administrative-at-childfund-international-4452774068,"Officer II, Administrative",ChildFund International,posted,2026-08-17T23:59:17.614170,2292
ec8573c7cf7bd92b,https://hn.linkedin.com/jobs/view/virtual-assistant-to-ceo-remote-at-viva-talent-4455327431,Virtual Assistant to CEO (Remote),Viva Talent,posted,2026-08-17T23:59:34.699480,2034
5eca2d9e0156fbcb,https://hn.linkedin.com/jobs/view/specialist-sr-finance-at-childfund-international-4452767112,"Specialist Sr., Finance",ChildFund International,posted,2026-08-17T23:59:44.463294,2294
1db0c4cae7f9e275,https://hn.linkedin.com/jobs/view/sourcing-specialist-temporary-contract-at-intouchcx-4453716887,Sourcing Specialist (Temporary Contract),,scraped,2026-08-17T23:59:59.054855,
3265262344e7a0a8,https://hn.linkedin.com/jobs/view/asesor-de-ventas-8145-49073-at-grupo-ficohsa-hn-4453337310,ASESOR DE VENTAS (8145) - 49073,Grupo Ficohsa HN,posted,2026-08-18T00:00:46.183189,2296
1be2b9ccae2befa4,https://hn.linkedin.com/jobs/view/jefe-planillas-de-canales-5820-49399-at-grupo-ficohsa-hn-4452499458,JEFE PLANILLAS DE CANALES (5820)(49399),Grupo Ficohsa HN,posted,2026-08-18T00:01:01.882392,2298
12488cd5156014d2,https://hn.linkedin.com/jobs/view/asesor-de-ventas-san-pedro-sula-at-grupo-monge-4450198713,Asesor de Ventas San Pedro Sula,Grupo Monge.,posted,2026-08-18T00:01:12.563491,2300
f7ff3c26bbc5ea1c,https://hn.linkedin.com/jobs/view/software-engineer-angular-%2B-seo-marketing-remote-latin-america-at-fullstack-4451953485,Software Engineer (Angular + SEO/Marketing) - Remote - Latin America,FullStack,posted,2026-08-18T00:01:18.229895,2018
0d9330cd534e550d,https://hn.linkedin.com/jobs/view/asesor-de-ventas-nivel-nacional-at-medstat-s-a-4453142668,Asesor de Ventas / Nivel Nacional,,scraped,2026-08-18T00:01:20.978187,
09941769490c5bd6,https://hn.linkedin.com/jobs/view/gerente-de-proyectos-edificaciones-verticales-at-see-talent-group-latino-am%C3%A9rica-headhunting-4454453073,Gerente de Proyectos- Edificaciones verticales,,scraped,2026-08-18T00:01:28.942246,
a2fe0a16a3679f0f,https://hn.linkedin.com/jobs/view/software-engineer-angular-%2B-seo-marketing-remote-latin-america-at-fullstack-4451949665,Software Engineer (Angular + SEO/Marketing) - Remote - Latin America,FullStack,posted,2026-08-18T00:01:39.256648,2018
c8ca82d0775cda3e,https://hn.linkedin.com/jobs/view/sales-representative-hiring-now-at-geeks-on-site-4455390554,Sales Representative- Hiring now,Geeks on Site,posted,2026-08-18T00:01:50.321919,2302
0c1f86d945a64166,https://hn.linkedin.com/jobs/view/consultor-de-ventas-en-ciberseguridad-at-sisap-4443431726,Consultor de Ventas en Ciberseguridad,SISAP,posted,2026-08-18T00:01:58.887881,859
54b6a6897c109238,https://hn.linkedin.com/jobs/view/technical-product-manager-at-applaudo-4453038127,Technical Product Manager,,scraped,2026-08-18T00:02:01.537800,
6faa446cb9603126,https://hn.linkedin.com/jobs/view/technical-product-manager-at-applaudo-4453027195,Technical Product Manager,,scraped,2026-08-18T00:02:07.960211,
9a6a82295322703d,https://hn.linkedin.com/jobs/view/%F0%9F%9A%80-senior-backend-python-engineer-%E2%80%93-genai-central-america-remote-at-contollo-4454450011,🚀 Senior Backend Python Engineer – GenAI | Central America | Remote,Contollo,posted,2026-08-18T00:02:21.270114,2304
3102d6fb97205eae,https://hn.linkedin.com/jobs/view/helpdesk-de-primer-nivel-espa%C3%B1ol-at-allied-global-4455383314,Helpdesk de Primer Nivel - Español,,scraped,2026-08-18T00:02:23.929812,
0395047bb0dc29ce,https://hn.linkedin.com/jobs/view/ingeniero-residente-de-proyecto-at-galeas-arquitectos-4455345012,Ingeniero Residente de Proyecto,,scraped,2026-08-18T00:02:30.829945,
fc2de7b6807ce72d,https://hn.linkedin.com/jobs/view/practicante-universitario-a-villanueva-cortes-at-cargill-4455132039,Practicante Universitario (a) - Villanueva Cortes,Cargill,posted,2026-08-18T00:02:49.198931,111
497a53650e3e4fa3,https://hn.linkedin.com/jobs/view/senior-devops-engineer-kubernetes-remote-latin-america-at-fullstack-4445260068,Senior DevOps Engineer (Kubernetes) - Remote - Latin America,FullStack,posted,2026-08-18T00:02:56.585047,2228
2e8097ccda579cbe,https://hn.linkedin.com/jobs/view/senior-devops-engineer-kubernetes-remote-latin-america-at-fullstack-4445241829,Senior DevOps Engineer (Kubernetes) - Remote - Latin America,FullStack,posted,2026-08-18T00:03:01.799952,2228
83e54ac6467dc8dc,https://hn.linkedin.com/jobs/view/appointment-setter-at-stellar-staff-4455445211,Appointment Setter,Stellar Staff,posted,2026-08-19T23:51:53.976835,2306
cd2bf001d7330248,https://hn.linkedin.com/jobs/view/oficial-de-compras-at-grupo-r-center-4455561362,OFICIAL DE COMPRAS,Grupo R Center,posted,2026-08-19T23:52:08.595783,2308
d7bc2c98e50ee8bd,https://hn.linkedin.com/jobs/view/linkedin-lead-generation-specialist-at-scale-up-recruiting-partners-4454491377,LinkedIn Lead Generation Specialist,,scraped,2026-08-19T23:52:11.277171,
ecc18098b32c6ce5,https://hn.linkedin.com/jobs/view/collections-specialists-at-unifycx-4455943988,Collections Specialists,UnifyCX,posted,2026-08-19T23:52:25.214173,2310
90500e080f3f2b55,https://hn.linkedin.com/jobs/view/business-development-representative-latin-america-remote-position-at-bluelight-4455788163,"Business Development Representative, Latin America, Remote position",Bluelight,posted,2026-08-19T23:52:33.799886,2312
55ea472fcf43bfc6,https://hn.linkedin.com/jobs/view/dibujante-t%C3%A9cnico-at-milano-office-systems-4456318185,Dibujante Técnico,,scraped,2026-08-19T23:52:38.592467,
4f2e35a5e83a1f4c,https://hn.linkedin.com/jobs/view/jefe-de-tienda-at-grupo-ilp-4456311127,Jefe de Tienda,,scraped,2026-08-19T23:52:48.774215,
fef213dabb84c45d,https://hn.linkedin.com/jobs/view/gerente-de-mantenimiento-at-helados-sarita-4456386586,Gerente de Mantenimiento,,scraped,2026-08-19T23:52:56.379151,
9a760d63e56ce494,https://hn.linkedin.com/jobs/view/editor-at-televicentro-y-emisoras-unidas-4455381806,Editor,,scraped,2026-08-19T23:53:05.773358,
b717efca8535a7e9,https://hn.linkedin.com/jobs/view/coordinador-de-alianzas-estrategicas-at-bac-4454842583,Coordinador de Alianzas Estrategicas,,scraped,2026-08-19T23:53:12.086206,
df36abe20b00872e,https://hn.linkedin.com/jobs/view/back-office-at-impact-bpo-4454456736,Back Office,,scraped,2026-08-19T23:53:18.656650,
a4b6d6f658e0a57e,https://hn.linkedin.com/jobs/view/financial-operations-specialist-at-vertu-agent-4455349312,Financial Operations Specialist,Vertu Agent,posted,2026-08-19T23:53:31.614027,2314
d0c299c08cbc1665,https://hn.linkedin.com/jobs/view/medical-scheduler-at-impact-bpo-4453234413,Medical Scheduler,,scraped,2026-08-19T23:53:34.233936,
40fb6d66569747d4,https://hn.linkedin.com/jobs/view/railways-specialist-at-ntu-international-a-s-4456315159,Railways Specialist,,scraped,2026-08-19T23:53:44.475016,
30bfe77ba09459c4,https://hn.linkedin.com/jobs/view/video-support-analyst-at-allied-global-4455756662,Video Support Analyst,,scraped,2026-08-19T23:53:53.809277,
4e47508e4c236a2c,https://hn.linkedin.com/jobs/view/business-development-representative-at-virtustant-4452867332,Business Development Representative,Virtustant,posted,2026-08-19T23:54:05.534858,2316
07dbe10285cbef9e,https://hn.linkedin.com/jobs/view/administrador-de-tienda-at-emco-holding-4455375407,Administrador de tienda,EMCO Holding,posted,2026-08-19T23:54:17.218043,1720
c883c028c361df24,https://hn.linkedin.com/jobs/view/ejecutivo-de-ventas-zona-norte-at-optimun-talent-4454040234,Ejecutivo de ventas zona norte,,scraped,2026-08-19T23:54:21.737527,
c9126bfaab027322,https://hn.linkedin.com/jobs/view/bilingual-b2b-business-development-at-owl-trusted-partner-solutions-inc-4453265078,Bilingual B2B Business Development,"OWL Trusted Partner Solutions, Inc.",posted,2026-08-19T23:54:36.642063,2318
a99deb021a41d810,https://hn.linkedin.com/jobs/view/key-account-manager-kam-at-talento-conectado-by-virginia-alfaro-4455435541,Key Account Manager - KAM,,scraped,2026-08-19T23:54:39.269682,
bbd297e65d152b17,https://hn.linkedin.com/jobs/view/asesor-comercial-de-inmobiliaria-at-grupo-platino-4452276348,Asesor Comercial de Inmobiliaria,,scraped,2026-08-19T23:54:45.304944,
65ca145089bff282,https://hn.linkedin.com/jobs/view/dise%C3%B1ador-gr%C3%A1fico-at-marcas-mundiales-de-honduras-4454577445,Diseñador Gráfico,,scraped,2026-08-19T23:54:51.865279,
82f4415087948b69,https://hn.linkedin.com/jobs/view/gestor-de-aprovisionamiento-at-ifx-networks-4450886278,Gestor de Aprovisionamiento,,scraped,2026-08-19T23:54:58.370741,
b5f581d65d562f60,https://hn.linkedin.com/jobs/view/immigration-legal-assistant-full-time-remote-at-smarthire-latam-4456392172,"Immigration Legal Assistant (Full-time, Remote)",SmartHire Latam,posted,2026-08-19T23:55:09.550755,2320
9878906964480197,https://hn.linkedin.com/jobs/view/vendedor-foraneo-san-pedro-sula-at-industrial-43-4454349686,Vendedor Foraneo San Pedro Sula,,scraped,2026-08-19T23:55:12.132506,
e6613eed75eb59d1,https://hn.linkedin.com/jobs/view/sales-development-representative-%E2%80%93-outbound-cold-calling-at-edge-operations-managers-4454400999,Sales Development Representative – Outbound Cold Calling,Edge Operations Managers,posted,2026-08-19T23:55:23.069052,2322
ab9b6119caf5d0fe,https://hn.linkedin.com/jobs/view/video-editor-at-erenza-studio-4453640221,Video Editor,,scraped,2026-08-19T23:55:25.611568,
4270a6df4b9eb21c,https://hn.linkedin.com/jobs/view/agent-retail-temporal-at-dhl-express-4450528599,Agent Retail Temporal,DHL Express,posted,2026-08-19T23:55:38.804128,2324
105488bd1bd055a5,https://hn.linkedin.com/jobs/view/product-development-engineer-mol-vave-at-southwire-company-4454542007,Product Development Engineer MOL/VAVE,Southwire Company,posted,2026-08-19T23:55:47.563608,2326
6ced95f4cef17b71,https://hn.linkedin.com/jobs/view/oficial-de-auditor%C3%ADa-interna-at-banco-cuscatlan-honduras-4454592950,Oficial de Auditoría Interna,,scraped,2026-08-19T23:55:50.132016,
1d40f5c8aa24788b,https://hn.linkedin.com/jobs/view/idb-invest-asset-liability-management-consultant-at-idb-invest-4452871300,IDB Invest - Asset Liability Management Consultant,BID Invest,posted,2026-08-19T23:56:03.754208,2328
d94f1be548fc3676,https://hn.linkedin.com/jobs/view/information-technology-specialist-at-ibex-4453916100,Information Technology Specialist,ibex,posted,2026-08-19T23:56:12.412739,2330
683640750bec54c2,https://hn.linkedin.com/jobs/view/ppp-emergente-at-cbc-4452534096,PPP Emergente,cbc,posted,2026-08-19T23:56:27.698216,2332
ebb7c8be5459f49f,https://hn.linkedin.com/jobs/view/recepcionista-at-celaque-4452512116,Recepcionista,,scraped,2026-08-19T23:56:30.253488,
45103a3f52087481,https://hn.linkedin.com/jobs/view/jefe-de-admisiones-at-unitec-4453687800,JEFE DE ADMISIONES,unitec,posted,2026-08-19T23:56:44.465553,2334
a4f3423fa3c7070b,https://hn.linkedin.com/jobs/view/especialista-en-bienes-ra%C3%ADces-at-sba-communications-4453298367,Especialista en Bienes Raíces,SBA Communications,posted,2026-08-19T23:56:53.702302,2336
7e35d62f2724934b,https://hn.linkedin.com/jobs/view/operador-de-montacargas-at-aliaxis-latam-4455421001,OPERADOR DE MONTACARGAS,,scraped,2026-08-19T23:56:56.278724,
8e10dafeb3eeadd6,https://hn.linkedin.com/jobs/view/contador-jr-at-manpowergroup-caribe-y-centroam%C3%A9rica-4454934191,Contador JR,,scraped,2026-08-19T23:57:07.196880,
606c4286e773c962,https://hn.linkedin.com/jobs/view/personal-injury-intake-specialist-at-legal-staff-now-4455963744,Personal Injury Intake Specialist,Legal Staff Now,posted,2026-08-19T23:57:17.978905,2338
4a8aee6a671003ce,https://hn.linkedin.com/jobs/view/senior-recruiter-remote-work-at-bairesdev-4455430606,Senior Recruiter - Remote Work,BairesDev,posted,2026-08-19T23:57:22.766047,257
587ef8d50d43f985,https://hn.linkedin.com/jobs/view/talent-acquisition-analyst-remote-work-at-bairesdev-4455411271,Talent Acquisition Analyst - Remote Work,BairesDev,posted,2026-08-19T23:57:27.410770,491
7110d8df53dd686b,https://hn.linkedin.com/jobs/view/corporate-travel-and-mobility-agent-remote-work-at-bairesdev-4454746410,Corporate Travel and Mobility Agent - Remote Work,BairesDev,posted,2026-08-19T23:57:31.977439,493
d51934d05b8cd4d8,https://hn.linkedin.com/jobs/view/outbound-campaign-manager-%E2%80%93-linkedin-at-scale-up-recruiting-partners-4453529732,Outbound Campaign Manager – LinkedIn,,scraped,2026-08-19T23:57:34.575671,
171bcf50e9d2f2f2,https://hn.linkedin.com/jobs/view/corporate-travel-and-mobility-agent-remote-work-at-bairesdev-4454737919,Corporate Travel and Mobility Agent - Remote Work,BairesDev,posted,2026-08-19T23:57:44.685503,493
623bceb10107356d,https://hn.linkedin.com/jobs/view/sysadmin-remote-work-ref%23301057-at-bairesdev-4455971453,SysAdmin - Remote Work | REF#301057,BairesDev,posted,2026-08-19T23:57:53.783965,2340
8f747903d713159c,https://hn.linkedin.com/jobs/view/quality-analyst-night-shift-at-charger-logistics-inc-4454569295,Quality Analyst - Night Shift,,scraped,2026-08-19T23:57:56.358780,
b142a95d00219d04,https://hn.linkedin.com/jobs/view/lead-product-manager-remote-work-ref%23301305-at-bairesdev-4455977362,Lead Product Manager - Remote Work | REF#301305,BairesDev,posted,2026-08-19T23:58:08.354661,2342
1f03fce1f0261c2f,https://hn.linkedin.com/jobs/view/coordinador-de-patrocinio-at-world-vision-4454340747,COORDINADOR DE PATROCINIO,,scraped,2026-08-19T23:58:10.901096,
c039029fe3541ef7,https://hn.linkedin.com/jobs/view/lider-de-planificacion-y-compras-at-grupo-r-center-4454852460,LIDER DE PLANIFICACION Y COMPRAS,Grupo R Center,posted,2026-08-19T23:58:31.415881,2344
b9e14898073c0484,https://hn.linkedin.com/jobs/view/marketing-specialist-remote-work-ref%23301530-at-bairesdev-4455968543,Marketing Specialist - Remote Work | REF#301530,BairesDev,posted,2026-08-19T23:58:40.865804,2346
8c9a836bef7bd529,https://hn.linkedin.com/jobs/view/project-manager-remote-work-at-bairesdev-4454991965,Project Manager - Remote Work,BairesDev,posted,2026-08-19T23:58:45.530369,1814
6aec96186a256fa3,https://hn.linkedin.com/jobs/view/product-security-engineer-remote-work-ref%23298286-at-bairesdev-4455986252,Product Security Engineer - Remote Work | REF#298286,BairesDev,posted,2026-08-19T23:58:50.346988,989
cad836b765009e3e,https://hn.linkedin.com/jobs/view/application-security-engineer-checkmarx-sast-trabajo-remoto-ref%23298353-at-bairesdev-4455982324,Application Security Engineer (Checkmarx / SAST) - Trabajo Remoto | REF#298353,BairesDev,posted,2026-08-19T23:58:54.861401,991
c1fb1a7e3cdb4be5,https://hn.linkedin.com/jobs/view/semi-senior-project-manager-remote-work-at-bairesdev-4455460663,Semi Senior Project Manager - Remote Work,BairesDev,posted,2026-08-19T23:59:01.711884,2016
432112a9bcb464a7,https://hn.linkedin.com/jobs/view/full-stack-developer-elixir-phoenix-%2B-ruby-on-rails-remote-latin-america-at-fullstack-4455975191,Full Stack Developer (Elixir/Phoenix + Ruby on Rails) - Remote - Latin America,FullStack,posted,2026-08-19T23:59:10.173181,2348
6813d15f055c4f85,https://hn.linkedin.com/jobs/view/sap-cloud-developer-remote-work-ref%23301160-at-bairesdev-4455966607,SAP Cloud Developer - Remote Work | REF#301160,BairesDev,posted,2026-08-19T23:59:20.210829,2350
2e7ec271fba5dccc,https://hn.linkedin.com/jobs/view/full-stack-developer-elixir-phoenix-%2B-ruby-on-rails-remote-latin-america-at-fullstack-4455972270,Full Stack Developer (Elixir/Phoenix + Ruby on Rails) - Remote - Latin America,FullStack,posted,2026-08-19T23:59:28.696219,2348
be4f6f29140add0d,https://hn.linkedin.com/jobs/view/sales-executive-for-campus-live-remote-work-at-bairesdev-4454769498,Sales Executive for Campus Live - Remote Work,BairesDev,posted,2026-08-19T23:59:39.247977,553
a6e4989795b5ba81,https://hn.linkedin.com/jobs/view/medical-back-office-at-impact-bpo-4455973522,Medical Back Office,,scraped,2026-08-19T23:59:43.809366,
2054434454c82eeb,https://hn.linkedin.com/jobs/view/recruiting-analyst-remote-work-at-bairesdev-4455412250,Recruiting Analyst - Remote Work,BairesDev,posted,2026-08-19T23:59:54.406708,2098
bc52a43ad47acf32,https://hn.linkedin.com/jobs/view/asistente-de-jefe-de-tienda-at-grupo-ilp-4454331768,Asistente de Jefe de Tienda,,scraped,2026-08-20T00:00:00.948340,
66c35c83ad9bcdc2,https://hn.linkedin.com/jobs/view/overnight-logistics-coordinator-at-charger-logistics-inc-4454575010,Overnight Logistics Coordinator,,scraped,2026-08-20T00:00:07.347815,
a6fe759f60a0fcc9,https://hn.linkedin.com/jobs/view/jefe-de-contabilidad-at-empresas-adoc-4456100872,Jefe de Contabilidad,,scraped,2026-08-20T00:00:13.578138,
941af7e63b5cfdc5,https://hn.linkedin.com/jobs/view/application-security-engineer-java-remote-work-ref%23301684-at-bairesdev-4455970472,Application Security Engineer (Java) - Remote Work | REF#301684,BairesDev,posted,2026-08-20T00:00:29.359143,2352
31b627a0b71f9bee,https://hn.linkedin.com/jobs/view/ejecutivo-senior-de-fideicomisos-at-grupo-ficohsa-hn-4453202487,Ejecutivo Senior de Fideicomisos,Grupo Ficohsa HN,posted,2026-08-20T00:00:42.632486,2354
c05c23737046aafd,https://hn.linkedin.com/jobs/view/asistente-de-logistica-at-corporaci%C3%B3n-lancasco-4454532206,Asistente de logistica,Corporación Lancasco,posted,2026-08-20T00:00:53.034422,2356
1a72f49ecb21ef68,https://hn.linkedin.com/jobs/view/ml-engineer-nlp-remote-work-ref%23300928-at-bairesdev-4455987217,ML Engineer (NLP) - Remote Work | REF#300928,BairesDev,posted,2026-08-20T00:01:01.988753,2358
36148ba87e475f74,https://hn.linkedin.com/jobs/view/supervisor-de-call-center-at-grupo-farsim%C3%A1n-4454776517,Supervisor de Call Center,,scraped,2026-08-20T00:01:04.565800,
ed6fae8121996f2d,https://hn.linkedin.com/jobs/view/mechanical-technician-at-fives-intralogistics-4454491221,Mechanical Technician,,scraped,2026-08-20T00:01:10.710861,
8bbf30e9b2f4ae7d,https://hn.linkedin.com/jobs/view/analista-de-cr%C3%A9dito-banca-de-empresas-at-banco-cuscatlan-honduras-4456343497,Analista de Crédito Banca de Empresas,,scraped,2026-08-20T00:01:17.560276,
7f32cd991bd00a0b,https://hn.linkedin.com/jobs/view/cocinero-ps-716-at-corporaci%C3%B3n-multi-inversiones-4452817391,Cocinero PS 716,,scraped,2026-08-20T00:01:26.527060,
340322569e4cc581,https://hn.linkedin.com/jobs/view/ejecutivo-financiero-de-proyectos-at-uno-centroam%C3%A9rica-4454773561,EJECUTIVO FINANCIERO DE PROYECTOS,,scraped,2026-08-20T00:01:33.663970,
fa2a5d5043110f75,https://hn.linkedin.com/jobs/view/director-de-marketing-at-mountain-networks-4455779819,Director de marketing,,scraped,2026-08-20T00:01:42.511330,
96cc760535608778,https://hn.linkedin.com/jobs/view/generalista-de-rr-hh-at-empresa-confidencial-4456406385,Generalista de RR. HH.,Empresa Confidencial,posted,2026-08-20T00:01:57.373613,2360
a59f65a0032ae27f,https://hn.linkedin.com/jobs/view/arquitecto-de-dise%C3%B1o-at-deep-blue-talent-4456351460,Arquitecto de diseño,Deep Blue Talent,posted,2026-08-20T00:02:08.594371,2362
3b0289d46c90167b,https://hn.linkedin.com/jobs/view/senior-portfolio-manager-at-foster-weise-covey-launch-foundry-4456337349,Senior Portfolio Manager,Foster Weise Covey (Launch Foundry),posted,2026-08-20T00:02:17.581572,2364
a526fa26b06c9415,https://hn.linkedin.com/jobs/view/customer-support-specialist-at-tp-4455723773,Customer Support Specialist,,scraped,2026-08-20T00:02:20.214127,
632ab906ad684170,https://hn.linkedin.com/jobs/view/closer-de-ventas-at-kodland-latinoam%C3%A9rica-4452517114,Closer de ventas,Kodland Latinoamérica,posted,2026-08-20T00:02:29.784200,1099
3e600c3a5e893ed6,https://hn.linkedin.com/jobs/view/analista-planeaci%C3%B3n-financiera-at-cbc-4452815118,Analista Planeación Financiera,cbc,posted,2026-08-20T00:02:41.586158,2366
452b9e7b06a1657f,https://hn.linkedin.com/jobs/view/jefe-de-log%C3%ADstica-at-diunsa-4455944386,Jefe de Logística,,scraped,2026-08-20T00:02:46.032950,
d2e7f97f06cfc8ee,https://hn.linkedin.com/jobs/view/jefe-de-operaciones-at-grupo-r-center-4455217878,JEFE DE OPERACIONES,Grupo R Center,posted,2026-08-20T00:02:58.422015,2150
5bb65c28cb56f09a,https://hn.linkedin.com/jobs/view/asistente-contable-de-cuentas-por-pagar-at-grupo-platino-4454832702,ASISTENTE CONTABLE DE CUENTAS POR PAGAR,,scraped,2026-08-20T00:03:00.925193,
bbb616f4bf0c70d7,https://hn.linkedin.com/jobs/view/asistente-administrativo-at-aliaxis-latam-4455421000,ASISTENTE ADMINISTRATIVO,,scraped,2026-08-20T00:03:11.129432,
72bf33d53f8251c8,https://hn.linkedin.com/jobs/view/asesora-de-ventas-inmobiliarias-at-adecco-hn-4455456767,Asesora de ventas inmobiliarias,Adecco HN,posted,2026-08-20T00:03:31.740602,2368
533794306f7abbb3,https://hn.linkedin.com/jobs/view/ai-ml-engineer-at-perform-4415711212,AI/ML Engineer,Perform,posted,2026-08-20T00:03:42.409196,2370
b596dc5b50ccfead,https://hn.linkedin.com/jobs/view/ingeniero-ddp-empaque-at-gildan-4443947290,"Ingeniero - DDP, Empaque",,scraped,2026-08-20T00:03:46.987381,
554a9aa8b531bc42,https://hn.linkedin.com/jobs/view/supervisor-de-ventas-pa-at-grupo-q-4455728609,Supervisor de Ventas PA,,scraped,2026-08-20T00:03:54.513553,
7059c369958d71ad,https://hn.linkedin.com/jobs/view/seasonal-customer-service-associate-at-unifycx-4455751778,Seasonal Customer Service Associate,UnifyCX,posted,2026-08-20T00:04:08.519680,2372
bfbb57c8474ba54a,https://hn.linkedin.com/jobs/view/bilingual-sales-assistant-at-bruntwork-4452537251,Bilingual Sales Assistant,,scraped,2026-08-20T00:04:11.101642,
a674977d6dc50949,https://hn.linkedin.com/jobs/view/dise%C3%B1ador-gr%C3%A1fico-junior-at-suazo-discua-talent-partners-4455753887,Diseñador gráfico Junior,Suazo Discua Talent Partners,posted,2026-08-20T00:04:26.172909,2374
4663fa4adda9d8ba,https://hn.linkedin.com/jobs/view/ingeniero-de-datos-at-davivienda-honduras-4454574064,Ingeniero de datos,,scraped,2026-08-20T00:04:28.738116,
6744bf030f8a2a0f,https://hn.linkedin.com/jobs/view/asistente-administrativa-at-empresa-confidencial-4452826004,Asistente Administrativa,Empresa Confidencial,posted,2026-08-20T00:04:38.774387,569
4e26999e25c5c5b9,https://hn.linkedin.com/jobs/view/arquitecto-de-bases-de-datos-oracle-at-2it-jobs-4455995987,Arquitecto de Bases de Datos Oracle,,scraped,2026-08-20T00:04:45.406787,
8daad844f69d3d20,https://hn.linkedin.com/jobs/view/mercaderista-sps-at-gomezlee-marketing-4451270795,Mercaderista - Sps,,scraped,2026-08-20T00:04:52.489275,
ef858f40c74c6c36,https://hn.linkedin.com/jobs/view/bilingual-medical-administrative-assistant-at-staffing-for-doctors-4453474955,Bilingual Medical Administrative Assistant,Staffing For Doctors,posted,2026-08-20T00:05:07.209947,2376
917fd5be45d5b788,https://hn.linkedin.com/jobs/view/recruiter-temporary-contract-at-intouchcx-4453799266,Recruiter (Temporary Contract),,scraped,2026-08-20T00:05:09.802310,
1975122c96480afb,https://hn.linkedin.com/jobs/view/consultor-de-mapeo-financiero-legal-y-pol%C3%ADtico-at-world-food-programme-4456417061,"Consultor de Mapeo financiero, legal y político",,scraped,2026-08-20T00:05:16.323076,
495d88a3f10abb02,https://hn.linkedin.com/jobs/view/remote-bilingual-customer-support-representative-english-spanish-at-ai-case-leads-4454542745,Remote Bilingual Customer Support Representative (English & Spanish),Ai Case Leads,posted,2026-08-20T00:05:29.269308,2378
6ec8b995e1520946,https://hn.linkedin.com/jobs/view/sales-recovery-specialist-pet-health-remote-at-tribe-wellness-sales-inc-4454587217,Sales Recovery Specialist - Pet Health - Remote,"Tribe Wellness Sales, Inc",posted,2026-08-20T00:05:38.095173,2380
19541e10a054430a,https://hn.linkedin.com/jobs/view/executive-assistant-at-virtustant-4452866292,Executive Assistant,Virtustant,posted,2026-08-20T00:05:42.998312,433
8b3aa4704fde46c0,https://hn.linkedin.com/jobs/view/android-engineer-kotlin-jetpack-compose-remote-work-ref%23301549-at-bairesdev-4455976423,Android Engineer (Kotlin & Jetpack Compose) - Remote work | REF#301549,BairesDev,posted,2026-08-20T00:05:53.238254,2382
1483c87a9ba61db4,https://hn.linkedin.com/jobs/view/t%C3%A9cnico-electricista-1-at-corporaci%C3%B3n-multi-inversiones-4453295937,Técnico electricista 1,,scraped,2026-08-20T00:06:01.746435,
e638d36e1ae11cba,https://hn.linkedin.com/jobs/view/supervisor-de-operaciones-proceso-at-cargill-4441072095,Supervisor de Operaciones-Proceso,Cargill,posted,2026-08-20T00:06:16.137624,2384
f5a2539d564987c3,https://hn.linkedin.com/jobs/view/frontend-engineer-svelte-remote-work-ref%23300957-at-bairesdev-4455981307,Frontend Engineer (Svelte) - Remote Work | REF#300957,BairesDev,posted,2026-08-20T00:06:26.514706,2386
114cc0e5a395228f,https://hn.linkedin.com/jobs/view/senior-devops-engineer-remote-work-ref%23301750-at-bairesdev-4455977394,Senior DevOps Engineer - Remote Work | REF#301750,BairesDev,posted,2026-08-20T00:06:34.637368,2388
4c3c63e3c1751305,https://hn.linkedin.com/jobs/view/ingeniero-civil-para-sps-at-grupo-r-center-4454838624,INGENIERO CIVIL PARA SPS,Grupo R Center,posted,2026-08-20T00:06:45.337386,2390
ee9d67192a1aeedd,https://hn.linkedin.com/jobs/view/senior-devops-engineer-kubernetes-remote-latin-america-at-fullstack-4445258232,Senior DevOps Engineer (Kubernetes) - Remote - Latin America,FullStack,posted,2026-08-20T00:06:50.114077,2228
01207d0323b14aba,https://hn.linkedin.com/jobs/view/senior-embedded-c%2B%2B-developer-remote-work-ref%23294808-at-bairesdev-4455979335,Senior Embedded C++ Developer - Remote Work | REF#294808,BairesDev,posted,2026-08-20T00:06:58.647559,2392
df974815b0a05704,https://hn.linkedin.com/jobs/view/senior-ai-full-stack-engineer-remote-work-ref%23301377-at-bairesdev-4455980335,Senior AI Full-Stack Engineer - Remote Work | REF#301377,BairesDev,posted,2026-08-20T00:07:14.457741,2394
35f69732df955eb4,https://hn.linkedin.com/jobs/view/google-cloud-devops-engineer-temporary-contract-at-applaudo-4455996004,Google Cloud DevOps Engineer (Temporary Contract),,scraped,2026-08-20T00:07:23.035295,
34d0364c056b9b60,https://hn.linkedin.com/jobs/view/google-cloud-devops-engineer-temporary-contract-at-applaudo-4455981903,Google Cloud DevOps Engineer (Temporary Contract),,scraped,2026-08-20T00:07:31.582164,
0351b4152d423f51,https://hn.linkedin.com/jobs/view/senior-python-engineer-temporary-contract-at-applaudo-4455978741,Senior Python Engineer (temporary contract),,scraped,2026-08-20T00:07:39.911149,
2c201194b91be636,https://hn.linkedin.com/jobs/view/senior-python-engineer-temporary-contract-at-applaudo-4455979714,Senior Python Engineer (temporary contract),,scraped,2026-08-20T00:07:46.301430,
6f7314c552ac384c,https://hn.linkedin.com/jobs/view/buscamos-veterinari%40-grandes-animales-at-organizaci%C3%B3n-colegial-veterinaria-4455154235,BUSCAMOS VETERINARI@ GRANDES ANIMALES,,scraped,2026-08-20T00:07:52.370154,
